id,session_id,path,product_id,timestamp
"6dddf852-1244-4b31-a8e0-ac354420768e","oTrlyI2rkxJKkQL4_CyDeUAy7xvlaYBl","/",,"""2025-11-18T22:42:10.502Z"""
"7f77b246-70e7-4998-83ff-786289404ec3","oTrlyI2rkxJKkQL4_CyDeUAy7xvlaYBl","/",,"""2025-11-18T22:42:58.634Z"""
"0461a431-590c-4aa2-85fd-76673545caa3","oTrlyI2rkxJKkQL4_CyDeUAy7xvlaYBl","/",,"""2025-11-18T22:45:31.090Z"""
"759f7c3c-6326-4703-b4c2-6d6a16c8a17e","1Xl-bUZTUSpV4bKVoVb6lJMbo28Pxq-W","/",,"""2025-11-19T08:59:34.633Z"""
"128862d7-879f-4e60-859c-66e017b4998c","NVcXsTzjNn5rCqhJHGat3EAnErMtcGAm","/",,"""2025-11-19T09:00:49.690Z"""
"643af9eb-8821-457c-842d-1f34e9d71eaa","BG54s-c-ics_j99P_T2FJAhFSf-bP4td","/",,"""2025-11-19T09:37:50.102Z"""
"4e29f25a-8bc4-4438-b688-916956cd3439","WVBLmLpq9R807hfHDTfjO-bdktHRYl-9","/",,"""2025-11-19T09:37:50.141Z"""
"771b66cf-67f6-415b-b7b3-4197f8d4c8c4","s2LJOAHxvm-54txkqRs65_Gb05usU1r8","/",,"""2025-11-19T10:21:52.912Z"""
"5e623b13-3125-4031-a519-44c16db57895","8zhYn8yy3G1B3ET3RnAFMyeMgyvf-xp6","/",,"""2025-11-19T10:21:52.922Z"""
"d7b02a36-d283-43f0-b757-85b5299a86ce","XhOAo1XGnJSWiOuGmibjpth0ck-HcpB_","/",,"""2025-11-19T17:01:01.324Z"""
"55e8edb5-e4eb-45bf-a8ee-70b6ab9a67b1","Xl7FoxJcWl9UR03HT7SkRpz-MWMQs3Hx","/",,"""2025-11-19T17:01:01.337Z"""
"a69facf9-40c2-4801-9377-aad7edd52859","Xl7FoxJcWl9UR03HT7SkRpz-MWMQs3Hx","/",,"""2025-11-19T17:02:41.422Z"""
"3d80c061-da4f-4c9d-9d34-e0e19aa39773","Xl7FoxJcWl9UR03HT7SkRpz-MWMQs3Hx","/",,"""2025-11-19T17:03:37.050Z"""
"776ea087-fada-44c2-96f0-176295cbde98","tX3d1VzfqR5p_Hci3KbKGaEsHFem4kK6","/",,"""2025-11-19T17:04:48.589Z"""
"3f59fd8b-9db7-4cbf-b634-6fbbc5f7c5f9","3MrmzXokCfhGbLh6HBm9QvMCkHpwlv38","/",,"""2025-11-19T17:04:51.714Z"""
"dec787f4-c24a-48f9-8a3e-93d2938c18c3","T7qhVsyvrT-k3P83brGXDAAhXfoHPlzk","/",,"""2025-11-19T17:05:10.326Z"""
"d3f53f16-898c-4546-931e-c60628ea1c68","IuKDPcmn5m8YLXb_N9eYBBjFtRk80x-s","/",,"""2025-11-19T17:05:11.811Z"""
"54050181-fac5-443d-944a-65ad562cc757","kC_5J6gZneWaTJwAimZ1etbtGiDK7gs6","/",,"""2025-11-19T17:09:20.456Z"""
"ef923e29-8305-4e98-8e8a-ed61d0409ad1","zrfpNHM_9PhjUhPUrdLWv3A5mHRU4Rw5","/",,"""2025-11-19T17:09:20.841Z"""
"6845e49c-705c-402b-be27-9f0e92b105c0","lqSt-3eJwkWS1P1s58sGozIgTqNGIdEX","/",,"""2025-11-19T17:10:12.875Z"""
"53b1dc83-c568-4978-a749-b2f5a1146d87","Ee-Orhm1kb-EImDuQ66nfQP6uafsx_Pv","/",,"""2025-11-19T19:11:40.228Z"""
"217be82f-c2af-42d1-b6c5-36559342088c","Ee-Orhm1kb-EImDuQ66nfQP6uafsx_Pv","/",,"""2025-11-19T19:12:09.499Z"""
"e4eea42b-124f-4623-8626-1abf55aa767c","Ee-Orhm1kb-EImDuQ66nfQP6uafsx_Pv","/",,"""2025-11-19T19:14:04.797Z"""
"2a936175-7284-46b0-88ea-181e01455df4","Ee-Orhm1kb-EImDuQ66nfQP6uafsx_Pv","/",,"""2025-11-19T19:14:58.339Z"""
"4c4c6e9a-6996-43bd-b7b2-0cf9dda55698","Ee-Orhm1kb-EImDuQ66nfQP6uafsx_Pv","/",,"""2025-11-19T19:18:23.355Z"""
"e14a42ae-bf7e-46f4-a350-ab62376eab97","Ee-Orhm1kb-EImDuQ66nfQP6uafsx_Pv","/",,"""2025-11-19T19:18:30.390Z"""
"30710652-504a-4cb0-9d28-218adf1ba50f","S_rDD3EN36d8vzRU_P6YMLmnEqdowzgh","/",,"""2025-11-19T19:19:22.359Z"""
"4c95b853-d363-42ab-905d-a855702bcaba","vf6o1bmvhjenTc7w-ZUMFrjByEgW7Z4Y","/",,"""2025-11-19T19:19:22.600Z"""
"683572ab-98eb-407f-b3bc-bed92d9caabe","Ol_bxH5D9pEvkxIulHoKU33tE34DNhNb","/",,"""2025-11-19T19:19:56.660Z"""
"86d91350-053b-486a-8824-2a0c7abdc727","irzLV7ZdULdjl8387ByBPyAuAS-qMkbu","/",,"""2025-11-19T19:20:42.614Z"""
"ce094edb-007b-46eb-a449-022354708b29","irzLV7ZdULdjl8387ByBPyAuAS-qMkbu","/",,"""2025-11-19T19:21:11.682Z"""
"7bf9ac9e-49db-4d5c-ac63-2f7d84ab954a","AlXQKefckniGiJUg5QegXJWrRmeU38vt","/",,"""2025-11-19T19:21:12.368Z"""
"139de805-50c2-4269-9d09-0ac3a6aa67e3","K_XCnHLLu_B71AUZumqPpStgqnz9drQy","/",,"""2025-11-19T19:21:38.727Z"""
"86bc34a9-2cc8-4faa-ac4d-de620f39bf73","B8aDFpYlMQG5LU8Z4mTpJ1zoKcaNKI9-","/",,"""2025-11-19T19:21:39.023Z"""
"9645449b-06af-4a46-92a1-5667a9523100","K_XCnHLLu_B71AUZumqPpStgqnz9drQy","/",,"""2025-11-19T19:21:54.817Z"""
"22470258-8b64-4b02-97f4-a3c8c0a7471f","qBNCjog8ammYdfLl5hNNL8lKxQz8aPoX","/",,"""2025-11-19T19:22:18.051Z"""
"ae95d9f8-6430-4dbf-a376-59f034e46416","8dDTBLRaoHxC_rJ0WNDZYZgIgR2-3LFk","/",,"""2025-11-19T19:22:18.131Z"""
"de4dca9c-ddf8-46b8-b228-f390758734db","vT63cZ_06HjpuPakgXj3VHmNK1DRe_PW","/",,"""2025-11-19T19:23:17.798Z"""
"676ac9e5-affc-4c8d-94cd-47b54c9dcae6","KnvedoAHpDjN8aS1Nw1SsOMBIvm3Dxie","/",,"""2025-11-19T19:23:18.135Z"""
"a4a7a080-3581-457a-bff5-31145cbe685d","KnvedoAHpDjN8aS1Nw1SsOMBIvm3Dxie","/",,"""2025-11-19T19:23:52.654Z"""
"230a1fba-e534-4df5-bca3-6c3167f7c271","KnvedoAHpDjN8aS1Nw1SsOMBIvm3Dxie","/",,"""2025-11-19T19:24:17.507Z"""
"e6dbf48f-78f2-4642-ae4f-dbe34398d1e5","RfNB-yCQ2zfdbTAUHPEpXDP58sSgibYf","/",,"""2025-11-19T19:26:04.723Z"""
"ee66c108-4ef4-4171-82a6-052b8a0b8702","-ASM2DJn4f-97ablFhDVgw1K4v4qcB5u","/",,"""2025-11-19T19:27:15.409Z"""
"b8647010-bb54-4f99-b78c-12911cd93804","-ASM2DJn4f-97ablFhDVgw1K4v4qcB5u","/",,"""2025-11-19T19:27:57.508Z"""
"97e6071f-3230-4b6a-b481-3148bb795ee9","9FC4QR3HISjJqcudLMRGaf-1h1Uryp5j","/",,"""2025-11-19T19:28:23.207Z"""
"414e8c13-baba-47b1-98c5-f5bf29f36189","-ASM2DJn4f-97ablFhDVgw1K4v4qcB5u","/",,"""2025-11-19T19:28:24.978Z"""
"e3593b91-e20a-49e1-bed1-603f87d107f8","-ASM2DJn4f-97ablFhDVgw1K4v4qcB5u","/",,"""2025-11-19T19:29:46.125Z"""
"6af2cd3a-b972-4ca1-8ab6-82039f7d62b5","lswzjn-aAloXOUiAQbYUsNdi6LnZF56_","/",,"""2025-11-19T19:30:24.863Z"""
"ac4b3a1e-dc36-4276-b099-3b4f78108850","lswzjn-aAloXOUiAQbYUsNdi6LnZF56_","/",,"""2025-11-19T19:31:54.799Z"""
"fe2705d3-2f31-4796-93e5-eded83245291","-I_5Im6VHtrRh91o5Dp0JxXx-6a06QiV","/",,"""2025-11-19T19:44:24.521Z"""
"1c1d495b-7a52-4230-a61c-6fca76eef06f","IW7aksDwRKKu7g5oDVPStOSA8qDM6G_V","/",,"""2025-11-19T19:58:28.709Z"""
"acf8c405-9c32-423a-9969-d739c6c0ba8a","IW7aksDwRKKu7g5oDVPStOSA8qDM6G_V","/",,"""2025-11-19T19:59:15.934Z"""
"ceb1c27d-3eb2-4764-a14b-0a18a1a5385c","IW7aksDwRKKu7g5oDVPStOSA8qDM6G_V","/",,"""2025-11-19T20:02:16.677Z"""
"59e144c2-5e26-4367-af49-0da9fd65fff2","IW7aksDwRKKu7g5oDVPStOSA8qDM6G_V","/",,"""2025-11-19T20:03:44.744Z"""
"6d6e3ce2-1c02-435c-aa57-a1ade966006c","IW7aksDwRKKu7g5oDVPStOSA8qDM6G_V","/",,"""2025-11-19T20:08:15.516Z"""
"3a5cb74b-640e-4abd-b650-337833352537","dfvY3Xnq0zYmDlqGum0LaS6zOD1uNbt-","/",,"""2025-11-19T22:25:09.202Z"""
"c677e32c-8f16-4a20-b09f-0c0456e0b9a6","dfvY3Xnq0zYmDlqGum0LaS6zOD1uNbt-","/",,"""2025-11-19T22:25:34.060Z"""
"c1fefb99-c137-434b-8d05-501b7f170686","D00pRh1dh27-gZeTCUKC92QBa_ZoAguj","/",,"""2025-11-19T22:25:49.474Z"""
"2cbca910-f708-4e3d-b4e3-b9b95e52634e","7npZGqJN3BfsjzGwYQ7NblBB9zjP4sZ4","/",,"""2025-11-19T22:25:50.329Z"""
"fefae720-fc47-473d-89ac-d7cc9ef25102","D00pRh1dh27-gZeTCUKC92QBa_ZoAguj","/",,"""2025-11-19T22:26:33.015Z"""
"0da4fcd5-5bab-4299-8dc3-a3ff1fa39aa1","N4nUZgG0WZi9UMI_Cq_vi3B8Zg_mhdmx","/",,"""2025-11-19T22:28:33.727Z"""
"c07189d2-7222-42d1-aff9-c2bff3b41f13","QNMHq1voV7ItK36bhuss2KcASj8KEesP","/",,"""2025-11-20T04:25:54.994Z"""
"d373acff-8d59-4b62-9d3d-0a3d381c55fc","IpMiqlX5s7uMshhpgI_wJroKFw4ckI1a","/",,"""2025-11-20T04:28:53.560Z"""
"3ecdf395-6cc5-49bb-b18f-3a05df9ad137","jy6r0pxlrwoIrliq59bkyFdURZC_Q0H0","/",,"""2025-11-20T20:40:39.067Z"""
"c8efb43d-ad1a-444b-be80-c04638b36138","jy6r0pxlrwoIrliq59bkyFdURZC_Q0H0","/",,"""2025-11-20T20:42:20.826Z"""
"fc47f816-5279-453d-90fa-f0d3f408dd5f","MCsyDeKPqoJqFjuB6SxBeVyVoBlLjA99","/",,"""2025-11-20T20:42:31.265Z"""
"7e465276-9e9f-446e-9e7d-9a0b83567124","iGUlguA6YHMIsW-Tl2Pa8h5af5S2-QMh","/",,"""2025-11-20T20:42:34.448Z"""
"9a3dbf90-3dbb-4d8c-8b00-77dfcc5c2212","MCsyDeKPqoJqFjuB6SxBeVyVoBlLjA99","/",,"""2025-11-20T20:51:00.333Z"""
"fe9ce84f-03ff-4ddd-8e43-d7a0fecfb52b","BGJMyliOHgf12tnpVVhwGhFyy8RbIen6","/",,"""2025-11-20T20:52:15.943Z"""
"1e435fec-d9ee-4bdc-a9a3-c8c08bd4c91a","wKsqieIYxEgE5-b4w3w47dP_AaBmuzNQ","/",,"""2025-11-20T20:53:40.526Z"""
"a2b64010-c40a-410d-ae2e-e76f2bf5e8ce","Q_PRLjopUXtOPO94rg6jxlvvlAV0zFMi","/",,"""2025-11-20T20:55:14.546Z"""
"b77f1eed-84ca-446b-8431-17461e3bccd8","TEkyEwmZsPhEjgNTZUHkpwMZADU5AWhh","/",,"""2025-11-20T20:55:40.613Z"""
"002ef0f5-2b12-42ce-80b8-38fe8fcab05a","TQAw6BI5Bs8AJCevJhH0CFOM4ZtON57e","/",,"""2025-11-20T21:07:24.226Z"""
"d3a05fb3-da66-444c-9fbc-52d5e8599ed2","2l-paPv4-QAEogV-Eo5RcMQIDdPS_Agh","/",,"""2025-11-20T21:08:35.833Z"""
"f2dab481-f829-4ff0-96d0-27c257a6aabf","7YnCqCCtrg5SvZh0EaU09iDvVbILULlm","/",,"""2025-11-20T21:09:32.127Z"""
"fac17975-4083-4590-9d6b-9512a5ce8522","35-WGC_eJPU3lXZsbT3q5MLCayUpo3Js","/",,"""2025-11-20T21:11:20.238Z"""
"83faf0ea-fea6-4394-b40b-b9c02e1ec73e","TQuV4PyY6Lq8SVTrVhKttV9lMslly6QN","/",,"""2025-11-20T21:23:56.535Z"""
"0d0027cc-eb05-4cd6-a295-bd05447d492e","ksdxQFWaNZNj20b-6YsLsp7f4Lm_NYFB","/",,"""2025-11-20T21:23:59.129Z"""
"ad80abba-e635-46a9-8e6d-eadd5ce50b10","-Vzv06t8-HkL5-2rV0HvC8iR8r_n5tVP","/",,"""2025-11-20T21:25:46.056Z"""
"d13be765-302c-4062-8ab5-07753c0b0995","MZPjTTS0Zn4SjzISBQtZXjkNp6sHDCjs","/",,"""2025-11-20T21:40:53.131Z"""
"e9367b7b-c05d-451e-a328-49983b1cf58a","rXaXSSJyEY-OQv2OSVuzSpqPkxxM2FBj","/",,"""2025-11-20T21:51:04.572Z"""
"4b2c6988-71d8-431a-975f-13ac3fcfd02c","cweS3SkP8ydhsslAVCpSsnXg0yU5lM5c","/",,"""2025-11-20T22:52:12.911Z"""
"e0a670f9-636e-4df1-b6ee-b66efa856e6e","uI7_VJux9kni-XSPXj4oE63xA-KJ0Y4a","/",,"""2025-11-20T22:53:56.106Z"""
"69bd4183-0c7e-44c8-bda4-6148547b8875","nJhFQTavinsmjoGOkR4V4-Bfa-QuVViB","/",,"""2025-11-21T02:07:04.829Z"""
"7904ce61-cf98-4850-9f99-3adab02c5058","RQj_fgOmfS6NLcmY8IWdMYAmQfYGUcfU","/",,"""2025-11-21T20:52:09.529Z"""
"b99d0e43-142d-4ef5-9ed9-ccf3967085ac","sQnH1-k-EnG9-G7S-BJd1k-9Z8gSpQkT","/",,"""2025-11-21T20:53:07.415Z"""
"27bf3c94-9670-47da-a5e6-8f4961f318a8","bm4nSH5xbKosl1UgiMeIHZPEGenJQpNy","/",,"""2025-11-21T20:53:09.641Z"""
"a8172582-536a-4c38-b807-53894ae94142","Ljmrr74ECd7X4LN1J8gyjsdLQCvPGiXT","/",,"""2025-11-21T22:38:39.309Z"""
"ebaa3302-863e-4879-93af-de2854a1ba02","YEdAXugoZps5y5YQP0aGosc3P1roO7TT","/",,"""2025-11-22T13:40:39.341Z"""
"6fa27cde-31d1-41d8-9c62-511f34e196e5","YEdAXugoZps5y5YQP0aGosc3P1roO7TT","/",,"""2025-11-22T13:41:51.349Z"""
"dfdb94b1-3d7e-4b3f-ba09-6a38588ce8a5","YEdAXugoZps5y5YQP0aGosc3P1roO7TT","/",,"""2025-11-22T13:42:41.452Z"""
"fdc17933-dd48-48db-95d3-f6537e47d69b","BRr9gtppTpVyUfdV-h5ZVPXrIrVMX9fV","/",,"""2025-11-22T13:43:18.101Z"""
"4e06920b-e02f-41e3-b5db-885223a1a7cc","q4U2fNYup4ReDbYqSGp2Lv6wXoFY4JIu","/",,"""2025-11-22T13:43:20.501Z"""
"090f0f2b-20a1-4386-8be4-04df575f80a2","q4U2fNYup4ReDbYqSGp2Lv6wXoFY4JIu","/",,"""2025-11-22T13:47:04.174Z"""
"5aa9bb9f-3990-4b67-b7c1-e3f72a78a202","q4U2fNYup4ReDbYqSGp2Lv6wXoFY4JIu","/",,"""2025-11-22T13:48:35.043Z"""
"c233009e-8f20-4a25-89ce-35ec040ec56d","QUpGlP1EYk4CHSgyN24o08saRt4eXTH9","/",,"""2025-11-22T13:49:11.669Z"""
"3593840f-f4f6-459f-9e33-c46f1b9bce2e","QUpGlP1EYk4CHSgyN24o08saRt4eXTH9","/",,"""2025-11-22T13:49:17.286Z"""
"20e18bdf-c738-4285-8f11-ed009b7e9083","gl0VCIyOgr-O6eshqZkRBkPsKStEcW60","/",,"""2025-11-22T13:49:17.291Z"""
"78940d1e-143c-4d16-901c-6806c0057bc2","IHUbOnopQCMCuwQ7ufUHtS71437peY3t","/",,"""2025-11-22T13:49:45.013Z"""
"6113811a-189c-418d-b8e3-e4c32ea4a61b","NZmC_0ZcrYWHU98qSYkbn3B7Gy63VDDU","/",,"""2025-11-22T13:49:45.083Z"""
"123a3273-0c30-4d99-afdd-2b0b7391a354","I1H1tiWJXriEJW1lVG6v4nNI0MxyKeC9","/",,"""2025-11-22T20:16:05.183Z"""
"5cba85e4-e915-478a-83e5-81e5a8dbc0f2","HabpFMg6qf4A00l76aqi5zIMfTv8QSLk","/",,"""2025-11-22T22:46:40.365Z"""
"fcd37425-a992-4f12-8768-010786786aa8","lR1u5tvwPQVJHrhpjhhXjaGbwvEoWLGR","/",,"""2025-11-22T22:46:40.363Z"""
"689d5302-1a90-4035-915f-c41e4caf589b","2xAwuo-ioIcl9XCbaxwrP_BCyYg5X07m","/",,"""2025-11-22T22:47:26.541Z"""
"3f514f50-3cdd-4681-b9ba-1f98f04affa5","Xy-AYMvBPUQrLYN9pO90aXTuCMkpFXdi","/",,"""2025-11-22T22:47:26.599Z"""
"3f71279c-ddb4-4cd5-92b5-211e8db530eb","z7e_f-c3ezYcZVRWS95dNEo18_7bwNZ1","/",,"""2025-11-23T03:07:01.287Z"""
"937c1f55-3f81-4f79-b711-8a2d90a51646","D5qYtI58fZojiTXpW96JezShDruR3QIO","/",,"""2025-11-23T03:07:01.349Z"""
"a4a88e4f-b742-45f7-a4d1-79555bf7ef2f","z7e_f-c3ezYcZVRWS95dNEo18_7bwNZ1","/",,"""2025-11-23T03:07:58.163Z"""
"8d658c98-f213-4357-81dc-e8d33849f44b","iYPdiBe4E9MTrxlQprddpwNCDakUL3Up","/",,"""2025-11-23T03:08:16.698Z"""
"b45d7916-204c-48cd-87bc-43fbac4b6092","sma5QaWYpUjq6BabVex4QgA_S_eAq1s6","/",,"""2025-11-23T03:08:16.791Z"""
"4bbf7df7-072b-4919-bafd-481fb5f8068b","9fzRtCR8Cw-Q5fnt_b_Zfls9TJC6kYm_","/",,"""2025-11-23T03:14:47.659Z"""
"fd5a7fff-e869-4b0c-8b86-3554c362d622","9fzRtCR8Cw-Q5fnt_b_Zfls9TJC6kYm_","/",,"""2025-11-23T03:17:38.648Z"""
"525130be-6315-4461-a766-d6f0635a54f6","9fzRtCR8Cw-Q5fnt_b_Zfls9TJC6kYm_","/",,"""2025-11-23T03:20:21.826Z"""
"49d46795-67f7-4324-9a88-eabed9dc579b","VbfHTbHn7B73pPY4sS_Ws2CMBQ2lrmzS","/",,"""2025-11-23T03:21:47.538Z"""
"e9036bb3-c1bd-46ec-9394-2435eabf4019","NZaQg4fEh5z2NLzrgYmHHRemfMfOBKc5","/",,"""2025-11-23T03:21:47.644Z"""
"524dc4a6-b58b-4b15-a5fa-d9e3f04da601","qsrm_sFtm4ndWvZCTxWzHdkujNLgdyv2","/",,"""2025-11-23T03:22:32.329Z"""
"75cb125b-b0d5-4457-a7d9-2b07f23099e5","w3m7UvN_PNKTbLZVZqhuWdwXaawpadBW","/",,"""2025-11-23T03:22:32.496Z"""
"4748dc03-2ed7-408f-974c-f63946bdab4b","qsrm_sFtm4ndWvZCTxWzHdkujNLgdyv2","/",,"""2025-11-23T03:23:36.417Z"""
"252be41b-614b-470b-a1b7-7f4915ff8871","8Eo0dSOLCJIOc87pCEpYwxH2XmWkEvRL","/",,"""2025-11-23T03:25:07.075Z"""
"8b7dfc0e-3da7-4adc-8ce2-97978ded16d4","65XBqLqVxfYehNk91qc6dGSIYhHI3pc5","/",,"""2025-11-23T03:25:07.110Z"""
"eb5f2b89-d74f-4ce3-b67f-4ebfae84a690","65XBqLqVxfYehNk91qc6dGSIYhHI3pc5","/",,"""2025-11-23T03:26:58.811Z"""
"31caed09-0c4e-4206-8822-dfcb2d6e7a03","65XBqLqVxfYehNk91qc6dGSIYhHI3pc5","/",,"""2025-11-23T03:27:28.169Z"""
"1790f7eb-d4d4-45ea-8076-0905b93dfda2","YwtbyqoYXCamUuHDzbzHdHMT7cBRKN6W","/",,"""2025-11-23T19:50:51.143Z"""
"d095262c-746e-44cd-9a25-bac98acae24d","6_GhfPdENKXEf5Ka7JmVsoquoNzEO6IL","/",,"""2025-11-23T19:50:51.169Z"""
"8d29c167-4f26-4a5f-9e37-2b13f9adf824","hbWQuvgOjg5kjRMz6nHq6x_0U3ouLr7m","/",,"""2025-11-23T19:52:10.965Z"""
"2e4d6de9-f871-45a3-bae0-93d604f53d7c","9gQoj00H8NCZmyVgGAMPlkTJzNhElIwH","/",,"""2025-11-23T19:52:10.991Z"""
"ea512b0e-5e11-46d0-9d26-77da26dde1a7","hbWQuvgOjg5kjRMz6nHq6x_0U3ouLr7m","/",,"""2025-11-23T19:54:05.788Z"""
"87da3c47-1565-481f-8b23-a7bd95a1e414","5fjaAt3qJr-VXiyMGuVEoZSP2fVOwv2n","/",,"""2025-11-23T19:55:37.055Z"""
"205d19f5-a378-40a9-9e0f-d22a76b2954b","29BVTX0CoDyoB_66BeLiilry0ae3givd","/",,"""2025-11-23T19:58:39.660Z"""
"9a2c6b66-ec7a-4dae-8eb2-f198460d5d25","29BVTX0CoDyoB_66BeLiilry0ae3givd","/",,"""2025-11-23T20:01:25.192Z"""
"e8396348-c9d6-413d-9603-fba3e4de99c9","29BVTX0CoDyoB_66BeLiilry0ae3givd","/",,"""2025-11-23T20:05:09.882Z"""
"fbb0f905-6abc-4370-835a-c1eef5e21bd4","GxVPlXBK6DIYjs4FLfrZXvmUX56-uVYq","/",,"""2025-11-23T20:05:44.951Z"""
"f0445620-9544-43df-a533-619c31494ea4","xk6FirHu615LU3FOJ-ek_PV47EcbT3CS","/",,"""2025-11-23T20:06:57.732Z"""
"4909b352-a92f-4835-95b8-f172c51a9ec1","DHpfFEiFp9c6J4MvgwNd5lATRzPlBfbJ","/",,"""2025-11-23T20:06:57.789Z"""
"d41a7b80-79c0-47f4-8f85-1c3b59e49fd4","DHpfFEiFp9c6J4MvgwNd5lATRzPlBfbJ","/",,"""2025-11-23T20:08:08.226Z"""
"09da9bc6-be9c-4e45-b2a5-992eca5419a8","X2j54jeYUIT3Ft7IckVxnFXyW5YGZGMR","/",,"""2025-11-23T20:09:50.136Z"""
"5872282b-a867-4705-b7b6-1898b634bed6","X2j54jeYUIT3Ft7IckVxnFXyW5YGZGMR","/",,"""2025-11-23T20:15:06.604Z"""
"1ceeda5c-1983-44cd-9cde-3e44759d2ecb","X2j54jeYUIT3Ft7IckVxnFXyW5YGZGMR","/",,"""2025-11-23T20:15:17.624Z"""
"ea58d63c-e789-47fe-a68b-f030f764218d","_11-_zRSs20S2Ax7eAZRpo0mFc5ioYZ7","/",,"""2025-11-23T20:21:52.620Z"""
"80afb177-7493-4e90-9906-5ac423b3f465","X2j54jeYUIT3Ft7IckVxnFXyW5YGZGMR","/",,"""2025-11-23T20:21:52.631Z"""
"47968580-de76-442f-accd-e736832b66d4","X2j54jeYUIT3Ft7IckVxnFXyW5YGZGMR","/",,"""2025-11-23T20:22:38.412Z"""
"d3bc5327-2561-4d7c-aae7-eadd4219ff90","X2j54jeYUIT3Ft7IckVxnFXyW5YGZGMR","/",,"""2025-11-23T20:23:06.112Z"""
"1b2f2eea-6cb9-4885-9b94-76d45e3f85f5","X2j54jeYUIT3Ft7IckVxnFXyW5YGZGMR","/",,"""2025-11-23T20:28:54.674Z"""
"3697c657-c470-4399-8f2d-a133c5c0f4d0","viKhM_9vmg51i-A0XqKLAyPtNYYlFfDm","/",,"""2025-11-23T21:06:03.225Z"""
"fa8aaa01-74df-40c3-b073-341764e15977","kVPu_3tBMvu3Il6AsnKqUKog9S2ZY3hY","/",,"""2025-11-23T21:06:58.772Z"""
"34a62dee-7595-4305-9ee2-537b0aca9a3d","Zb3jZ8FFnAYI1vHKtulvBCEc4EQHkmMH","/",,"""2025-11-23T21:08:22.102Z"""
"98f6c07c-0900-46b8-94ae-e8c5619739f8","xiYiE9Z4JLLdhgbgTJV2NXJDZazrdmKS","/",,"""2025-11-23T21:08:26.511Z"""
"cc7c4124-7eec-4c88-8f1e-3653210d541e","HVIf980-FAjjTJErNRMEW3vup7KwBcd3","/",,"""2025-11-23T21:09:14.823Z"""
"f2a3b2cd-ab93-437b-92c3-3b1ff4e812a3","B_axixLX7kgwUBQQ3ee9Fy_yWisonuKz","/",,"""2025-11-23T21:10:03.732Z"""
"42f3ad9f-7e46-4a27-b086-5c1ab12ab1f2","KpjvNdqiutBkJnmOKF-pcirChEmFUHA6","/",,"""2025-11-23T21:18:09.554Z"""
"36d3144c-7141-4434-b513-a5cf81d98173","z43WzAQ3XlWTh1tuRCHsqM6qiY-a2A0H","/",,"""2025-11-23T21:18:09.673Z"""
"099081ab-234b-410f-a105-7f8adc88ad5f","z43WzAQ3XlWTh1tuRCHsqM6qiY-a2A0H","/",,"""2025-11-23T21:19:44.936Z"""
"1068383f-fb5d-483c-adee-e5772b9ca616","r58JL2CVSNo-f1x3PhJ8lCFebREC3jZu","/",,"""2025-11-23T21:21:07.940Z"""
"042174cc-a87b-4cba-95d6-c21cc3e89c79","oGmBkvPYDy7G8v835j3ytyUbAc-9boLj","/",,"""2025-11-23T21:21:07.941Z"""
"313c05f8-5846-4b35-9477-fda629ae0358","Wb49MwrpC30IvYc53DM5Hb7dBUWd38yK","/",,"""2025-11-23T21:21:14.712Z"""
"711a492c-84b0-409c-9689-ad7b4564bf12","oGmBkvPYDy7G8v835j3ytyUbAc-9boLj","/",,"""2025-11-23T21:22:30.906Z"""
"2d6fb958-1dda-41f3-8d5c-93bfa23c93c0","oGmBkvPYDy7G8v835j3ytyUbAc-9boLj","/",,"""2025-11-23T21:26:03.317Z"""
"e2f39066-88de-4d23-be29-7c5b6bdde476","lOxYWbfZU7yvvLXARnDfErjbf0PWSq1X","/",,"""2025-11-23T21:26:35.368Z"""
"771d85bc-2312-475d-897e-46a207974587","e_pExaNFVuPLjM1a6PygP12WhRMoKUWi","/",,"""2025-11-23T21:26:59.627Z"""
"09d87a32-a09b-44e5-a6ff-891d0dcac7fd","5Jfm99Mb__9yZjy-Txh3jAurnU5mTqh1","/",,"""2025-11-23T21:26:59.685Z"""
"eb077bb7-2810-4334-8e69-05e4c6d3838c","ujkTHMk427xbaWw_W1HkQnS_F-9pTj6_","/",,"""2025-11-23T21:28:27.942Z"""
"93eee513-7b72-43a8-bdd9-d03c6753c8b7","f5W7thuMKhw6iLN4sJXuhrs7BlRimhDF","/",,"""2025-11-23T21:29:48.275Z"""
"3b0f9488-acca-45ca-bae0-a0eb7902fa4f","-A1DJ_N4O_kt06iYSJeQoX6Ep0LDjKMQ","/",,"""2025-11-24T11:57:02.193Z"""
"e9004bea-c570-4766-92b1-9021e7e28f84","hDNNnoAccWbqKhJvr7Hy8T9Fidjn2Okp","/",,"""2025-11-24T11:57:02.273Z"""
"c7920a9c-3331-40dc-aef8-a6ca41b6518c","Bn-1GDOWlRYjCaiwFxcxAAYCtuosy6sL","/",,"""2025-11-24T11:57:58.824Z"""
"fef6463e-e9a3-4c85-aeb3-128a1f5a9b03","KtRCDnzihdITLeKZDHIb7C8Axp2lKP34","/",,"""2025-11-24T11:57:58.845Z"""
"61b883a0-73f4-4995-b0aa-2b4d54c36ac2","Bn-1GDOWlRYjCaiwFxcxAAYCtuosy6sL","/",,"""2025-11-24T12:09:48.929Z"""
"e6c15f1c-3dfb-4ed7-a4c9-e741bc553c41","2YMaZvkQ-xAWVrpMHk9GDR5zschVQRl8","/",,"""2025-11-24T12:09:51.107Z"""
"2d4e216d-27d7-4d2a-96c9-8ff6ef2f4563","vejt6y-oT7gH5GxopX-b0oMUF7fy5Du1","/",,"""2025-11-26T14:52:21.630Z"""
"fc809954-d360-4802-9126-324383902cba","0UCzEMlGLa9fhGo5Ix-4byOs5VTroDjU","/",,"""2025-11-26T14:52:21.690Z"""
"9b06402d-db5e-4bfe-a294-e984d90955ad","7PzleLgagz22X73gVrMNDuy4ez7RiTqe","/?gtm_latency=1",,"""2025-11-26T14:52:48.935Z"""
"b98ae23d-327a-4078-bbe2-7b88c29a4cec","0UCzEMlGLa9fhGo5Ix-4byOs5VTroDjU","/",,"""2025-11-26T14:53:25.341Z"""
"f7af72cc-73aa-4f86-ab0f-7eabc85a25c9","08aFneWxtzRevrjUXYdYvRUK4JQywTAL","/",,"""2025-11-26T14:54:02.763Z"""
"1377b809-49f9-424d-ae4f-f01ff242281c","3aeUZTBDrWBH9luCVSIeV5YpKBL1JVFd","/",,"""2025-11-26T14:54:03.177Z"""
"fbccbc19-fe6e-4814-aadf-2ff968be744f","1pYdBYdJXPgzSnaCbl8YVhEd5x66qAHG","/",,"""2025-11-26T14:54:03.937Z"""
"d1c2de46-fdc8-43e0-8e8c-fafb56746180","Qyytftm1o07X80ckrTgHdbQPVY2LhBAD","/",,"""2025-11-26T14:55:46.240Z"""
"fb17a55a-b43c-4f1d-add5-f99b7b86ff56","7lWsWuqrtHL9ft4l-0Y7QMO1Zbt0DSOE","/",,"""2025-11-26T14:55:46.237Z"""
"0d10db51-30bc-46fb-a5f6-c68d70375734","dxKWuOrxCPouXspuJdv4xz4y9hN_Sqn1","/",,"""2025-11-26T15:02:30.879Z"""
"5b332c49-3d89-4c55-9825-a4115ee2d4c9","Qyytftm1o07X80ckrTgHdbQPVY2LhBAD","/",,"""2025-11-26T15:02:30.890Z"""
"b113fb16-1750-4212-b0c8-618754208d30","Qyytftm1o07X80ckrTgHdbQPVY2LhBAD","/",,"""2025-11-26T15:06:21.659Z"""
"69d9b5a1-ded0-414d-af10-f0090af303e3","_6nTprkoHfysz0HSlzuB6_uXBjLE_ITN","/",,"""2025-11-26T20:05:29.445Z"""
"06416b3c-6b5a-4b77-94b0-a7b99f35a13d","gzdn99A48f97xaTDg8QGqKyXGHR2AY8L","/",,"""2025-11-26T20:57:20.635Z"""
"f9f86b87-f43e-4a97-8804-c81b52fbc71c","2WIyoRyVspYn5PnZdAtiizS2aiR22ezu","/",,"""2025-11-26T20:57:27.101Z"""
"e4ae5ecb-8bc6-48b0-b514-7450f4620bce","OzlpDHRGmfSJWrtJnZx6kLtVXgCkR-OA","/",,"""2025-11-26T21:00:35.870Z"""
"24690cc5-167f-47b3-97f9-24e541d69318","OzlpDHRGmfSJWrtJnZx6kLtVXgCkR-OA","/",,"""2025-11-26T21:41:25.747Z"""
"4edaf1c8-64b1-454f-abb2-9830bd21e6b0","_qf0RNsAo9hWGWhAJH_t5Q7LuiZBUy1G","/",,"""2025-11-27T13:36:33.154Z"""
"f73dae6a-0033-4b6e-b34e-3e4d462e558b","5cNE9KM-RUzWHQfC3tzUCBf5cQSA2rpi","/",,"""2025-11-27T13:37:24.802Z"""
"d1173708-0893-4505-bb25-dec77c639751","wlYz9Zvo7lDE4Tu1Jd1E6TMorob73h9a","/",,"""2025-11-28T19:58:09.475Z"""
"c934354e-b92b-4291-8d7b-68165c80a8e0","3CHlUSCDG9gYwBPHQkTQV7ZMzYc8cxY-","/",,"""2025-11-29T20:00:28.799Z"""
"e5635645-275c-4195-9faa-2a128add31f1","6oQkoPn_vKrXsGJ3hkzbaIRkBEZg6B2f","/",,"""2025-11-29T20:14:03.625Z"""
"24c755b8-93da-45b8-a56e-8807250565f0","P4G2rjq6_kkfRzG-PZ1J52URxJKsHE3h","/",,"""2025-11-29T20:14:08.082Z"""
"5adb51d2-b985-4ff7-9eac-bf4fcf55e556","mIpUhmXez1PKc122bpjySdHOoWveWm52","/",,"""2025-12-01T20:53:58.770Z"""
"1dc0531f-7e5c-415b-bae7-38caa0846ac2","7HuicwcsYzIGyi9DQ6tXbUYAa0mQK-Q7","/",,"""2025-12-02T11:01:57.178Z"""
"672c10f4-98b8-4de2-832f-c97a1141f612","WVtEGTPTWissPCaqLVCkEpk4HmTzwDwi","/",,"""2025-12-02T11:04:05.191Z"""
"90c3fa81-1713-4f57-90b5-7bbe679420c0","d_P9pGy2CKQCB8tvC61WD49ZPy1cVvok","/",,"""2025-12-02T11:05:25.495Z"""
"adf696f9-bd69-4dfe-93ba-27d2fbaea7c9","vhAcKyMVUGBILL9Q6PzggWN0CoJC3c75","/",,"""2025-12-02T11:05:26.119Z"""
"91093e3d-5918-4579-8ed2-36d64f080f57","session-68","/shop","7af16635-825a-4282-bdd7-8d7c07c0184a","""2025-11-17T17:44:16.700Z"""
"ff989216-3dfb-446b-a42e-c9a525a5388e","session-8","/products/engwe-engine-x","7af16635-825a-4282-bdd7-8d7c07c0184a","""2025-11-04T14:48:31.532Z"""
"b16a6a66-ef25-4a20-9c39-940b2d8be432","session-57","/","7af16635-825a-4282-bdd7-8d7c07c0184a","""2025-11-29T10:10:09.271Z"""
"68474585-7405-4eca-b996-227e0aab99a6","session-217","/shop",,"""2025-11-08T14:12:10.503Z"""
"9f3bd421-8f82-45e3-9b68-d54769a5782a","session-295","/",,"""2025-11-19T01:58:40.486Z"""
"0ff75b83-7118-4797-9001-6e8262022d9d","session-67","/",,"""2025-11-19T16:13:08.295Z"""
"2c2b87ac-3568-45ef-b9ee-f535598d7d0e","session-377","/products/engwe-engine-x","7af16635-825a-4282-bdd7-8d7c07c0184a","""2025-12-01T02:02:05.445Z"""
"dca2c211-1d98-4c79-b12f-4bdb60549049","session-88","/shop",,"""2025-11-08T03:54:57.413Z"""
"67d4964f-2e8f-443e-a4af-b397c6656ad1","session-458","/shop","7af16635-825a-4282-bdd7-8d7c07c0184a","""2025-11-10T00:04:44.896Z"""
"0f97ddff-b56c-458d-ac29-2cb67ee23aa4","session-447","/","7af16635-825a-4282-bdd7-8d7c07c0184a","""2025-11-27T22:00:07.171Z"""
"515a295b-d6e0-4d9b-80c4-57542c2d1a80","session-113","/","7af16635-825a-4282-bdd7-8d7c07c0184a","""2025-11-27T16:34:58.476Z"""
"60ef750d-98d3-400c-aee8-f52609398fe7","session-154","/shop","7af16635-825a-4282-bdd7-8d7c07c0184a","""2025-11-09T19:11:56.406Z"""
"e15a4b06-ff70-4df7-8bd5-2b971ff5c16d","session-318","/products/engwe-engine-x","7af16635-825a-4282-bdd7-8d7c07c0184a","""2025-11-27T10:59:31.864Z"""
"944a9039-a2d5-4b94-84a3-1ab9022c9666","session-385","/shop","7af16635-825a-4282-bdd7-8d7c07c0184a","""2025-11-03T14:14:45.256Z"""
"7a69cec6-cadf-4a79-8cb3-6cbf1559af82","session-68","/products/engwe-engine-x",,"""2025-11-29T19:46:41.572Z"""
"74ad2c4c-294b-402d-a11c-a2d3b0bffbcc","session-163","/shop","7af16635-825a-4282-bdd7-8d7c07c0184a","""2025-11-29T00:08:32.953Z"""
"4bd193cd-a80e-457f-8c7e-94b7b27127d8","session-377","/products/engwe-engine-x",,"""2025-11-08T10:38:38.838Z"""
"2086de73-d3aa-457b-af62-b63237bba710","session-290","/products/engwe-engine-x","7af16635-825a-4282-bdd7-8d7c07c0184a","""2025-11-25T08:06:06.315Z"""
"7a039532-35b8-4e6d-a8a2-1065668be228","session-368","/shop",,"""2025-11-05T18:01:57.893Z"""
"67000459-eadb-486f-917a-d6103039c5e7","session-226","/products/engwe-engine-x",,"""2025-11-03T07:48:08.236Z"""
"be5bdf56-1edc-4ec7-b23d-887c28dabd9a","session-254","/shop",,"""2025-11-28T22:25:01.956Z"""
"1d9800c1-27d5-4c49-96e4-ffd9286e5ed2","session-230","/shop","7af16635-825a-4282-bdd7-8d7c07c0184a","""2025-11-30T11:51:30.923Z"""
"aafe350f-032b-455a-b5e9-42401aab5a82","session-412","/","7af16635-825a-4282-bdd7-8d7c07c0184a","""2025-12-02T04:50:49.862Z"""
"5199bafb-a1b1-4c1a-8cd2-884186a8d8b2","session-226","/shop","7af16635-825a-4282-bdd7-8d7c07c0184a","""2025-11-21T14:07:08.521Z"""
"b7f491b8-0766-4d99-8dfe-6f4e1e4278a0","session-227","/shop","7af16635-825a-4282-bdd7-8d7c07c0184a","""2025-11-18T01:37:40.140Z"""
"32007208-510e-440c-86d1-fedd85dcbe09","session-177","/shop","7af16635-825a-4282-bdd7-8d7c07c0184a","""2025-11-17T07:35:21.786Z"""
"d073e494-cc36-4082-bbad-859e0893ce44","session-84","/shop",,"""2025-11-13T14:24:13.740Z"""
"78aa2f8d-f375-49a7-ae29-9b6d7d97ce85","session-236","/shop",,"""2025-11-22T16:09:51.674Z"""
"7a7eea1a-deb8-4827-b953-804efcbad2fd","session-311","/products/engwe-engine-x",,"""2025-11-11T07:52:49.169Z"""
"f65471c7-03a0-4462-823d-2a1a93c487dd","session-92","/shop","7af16635-825a-4282-bdd7-8d7c07c0184a","""2025-11-14T01:55:08.688Z"""
"7bd65b20-d12e-4f74-8a48-89c9cc3cdd47","session-3","/shop",,"""2025-11-30T14:23:27.197Z"""
"9bdba103-de9d-4e25-b282-2c3a6f54c91f","session-478","/shop","7af16635-825a-4282-bdd7-8d7c07c0184a","""2025-11-29T02:35:36.299Z"""
"39d1b480-4c90-4453-8b6c-ab5daa9cf956","session-494","/","7af16635-825a-4282-bdd7-8d7c07c0184a","""2025-11-26T03:14:43.650Z"""
"b5709b66-3b98-4e06-956b-7408d3ac7b5d","session-473","/",,"""2025-11-28T08:42:22.395Z"""
"14b9f248-a7f4-48e4-9552-29f055a904ec","session-101","/",,"""2025-11-29T11:00:04.963Z"""
"f60b8f1e-b1a7-40cc-8db2-e0c783e5bf17","session-402","/products/engwe-engine-x","7af16635-825a-4282-bdd7-8d7c07c0184a","""2025-11-06T02:54:25.794Z"""
"1d17d325-6e78-4fd0-80fe-8517a6260824","session-243","/","7af16635-825a-4282-bdd7-8d7c07c0184a","""2025-11-11T00:21:22.954Z"""
"86c35653-87bc-452a-8733-ba2bdcbd9e78","session-22","/","7af16635-825a-4282-bdd7-8d7c07c0184a","""2025-11-03T09:34:25.785Z"""
"2a4c2c96-12dd-40bb-9608-028a0777bf8e","session-114","/","7af16635-825a-4282-bdd7-8d7c07c0184a","""2025-11-18T09:24:12.520Z"""
"96f92fb4-9951-4271-834f-4eab8d415682","session-464","/shop","7af16635-825a-4282-bdd7-8d7c07c0184a","""2025-11-20T10:19:16.094Z"""
"39e9bd47-fef0-4472-ba92-801eed128514","session-392","/shop","7af16635-825a-4282-bdd7-8d7c07c0184a","""2025-11-12T11:47:54.081Z"""
"4d2432ff-5390-436e-a572-d0c821b5b366","session-433","/shop","7af16635-825a-4282-bdd7-8d7c07c0184a","""2025-12-01T17:07:20.309Z"""
"41325484-c157-4f3a-bd87-1bef99118130","session-74","/cart","7af16635-825a-4282-bdd7-8d7c07c0184a","""2025-11-06T17:21:30.280Z"""
"9cafaff2-eace-4946-97a1-ef472b7f6862","session-131","/products/engwe-engine-x","7af16635-825a-4282-bdd7-8d7c07c0184a","""2025-12-02T19:56:10.993Z"""
"a57b744a-f861-4fe7-96c6-689f7f7ea623","session-310","/",,"""2025-11-07T15:28:46.026Z"""
"77425b3a-dfd7-4eb4-a40f-37513aa177e2","session-98","/shop","7af16635-825a-4282-bdd7-8d7c07c0184a","""2025-11-10T10:58:52.798Z"""
"54c1f3b9-f27f-451e-b538-d6678a2993f2","session-232","/products/engwe-engine-x","7af16635-825a-4282-bdd7-8d7c07c0184a","""2025-11-17T07:57:38.849Z"""
"a232913c-58c0-4e57-817d-f2fb40810dfc","session-221","/",,"""2025-11-24T05:08:16.239Z"""
"49beedaa-2290-4070-bdc5-6f7291ca6611","session-396","/products/engwe-engine-x",,"""2025-11-18T06:08:20.098Z"""
"c96381bc-e1d5-420f-9426-61468084b124","session-171","/products/engwe-engine-x",,"""2025-11-23T09:10:38.386Z"""
"22cd191f-25a5-4df0-a94f-21edd082c22a","session-69","/shop",,"""2025-11-25T05:37:44.872Z"""
"2c8a9131-cec4-4bda-b6d4-de0be1837977","session-209","/shop","7af16635-825a-4282-bdd7-8d7c07c0184a","""2025-11-05T10:54:32.988Z"""
"e32c8557-2bf9-426f-850c-c99e8f2e4a3d","session-391","/shop","7af16635-825a-4282-bdd7-8d7c07c0184a","""2025-11-06T11:45:50.458Z"""
"a0334f52-184a-46d1-9c84-4c8505cb018b","session-230","/cart",,"""2025-11-03T00:34:35.853Z"""
"ce0cbbb2-a880-4c34-b1c5-9b829cd00683","session-153","/cart","7af16635-825a-4282-bdd7-8d7c07c0184a","""2025-11-21T02:10:11.086Z"""
"c8098b27-85d1-4894-94e7-bffd2ce52a07","session-188","/","7af16635-825a-4282-bdd7-8d7c07c0184a","""2025-11-11T04:31:29.363Z"""
"03159cee-251a-4707-b1e9-180589269e8c","session-240","/products/engwe-engine-x",,"""2025-11-24T05:22:57.433Z"""
"6f97b37d-b366-4a58-b2a0-b2093eff4cb3","session-413","/shop",,"""2025-11-09T03:52:31.641Z"""
"0109999f-b561-472c-a3c5-69f8851289a4","session-176","/",,"""2025-11-28T05:12:09.430Z"""
"2a29e3d4-5054-4cd8-8b9d-0393e1e0bfc6","session-3","/",,"""2025-11-18T04:28:54.035Z"""
"43f372aa-c512-486d-950f-83fffe383440","session-179","/shop",,"""2025-11-06T17:12:40.924Z"""
"9dda1156-b0b6-4553-aa2a-a368ce5f35b0","session-35","/shop","7af16635-825a-4282-bdd7-8d7c07c0184a","""2025-12-02T07:01:01.683Z"""
"96212a0e-5e71-4bed-9db8-544dc75bcd28","session-36","/",,"""2025-11-28T21:31:27.315Z"""
"7280eddf-5c40-44d1-abd7-d0bf59e0d2f9","session-106","/products/engwe-engine-x",,"""2025-11-22T17:46:25.513Z"""
"3f711c96-a09d-4e4b-86e0-eadea265683d","session-466","/shop","7af16635-825a-4282-bdd7-8d7c07c0184a","""2025-11-15T20:22:21.412Z"""
"22f07521-6278-4c57-ad27-9b1393d5ae95","session-119","/products/engwe-engine-x","7af16635-825a-4282-bdd7-8d7c07c0184a","""2025-11-22T12:55:16.691Z"""
"9d07bafd-ff5f-4c43-bafe-1a550894fde2","session-5","/shop",,"""2025-12-02T21:07:14.340Z"""
"43f55677-c718-44b5-9108-b3fa00275e5f","session-223","/","7af16635-825a-4282-bdd7-8d7c07c0184a","""2025-11-09T00:06:51.371Z"""
"63e2dbf3-f572-48ae-9edb-1ee5227d19e2","session-471","/shop","7af16635-825a-4282-bdd7-8d7c07c0184a","""2025-11-13T01:02:57.814Z"""
"f1937b86-d4c4-4ce3-a536-d04ca49b778b","session-295","/shop","7af16635-825a-4282-bdd7-8d7c07c0184a","""2025-11-29T21:46:20.862Z"""
"0fde23c9-2222-4a52-9e6e-ad13cd03fcde","session-442","/shop",,"""2025-11-27T08:02:22.325Z"""
"53ea0c00-86ea-4370-9b45-e46fe53817cc","session-100","/cart","7af16635-825a-4282-bdd7-8d7c07c0184a","""2025-11-15T06:34:08.243Z"""
"3c423fab-f12f-4e4b-944f-5a9e149f75c7","session-124","/","7af16635-825a-4282-bdd7-8d7c07c0184a","""2025-11-03T06:05:46.405Z"""
"b55bf387-3912-4241-adaf-7c29211f11c4","session-13","/products/engwe-engine-x","7af16635-825a-4282-bdd7-8d7c07c0184a","""2025-11-25T19:51:06.607Z"""
"2010419c-1770-4f3d-a956-292e6480bb37","session-206","/shop","7af16635-825a-4282-bdd7-8d7c07c0184a","""2025-11-15T01:50:57.323Z"""
"08d1b48d-6f5f-454d-b441-75f6eb0d2b0a","session-197","/shop",,"""2025-11-04T08:54:26.286Z"""
"b98d3195-579e-4a6c-8948-534b1c071476","session-254","/","7af16635-825a-4282-bdd7-8d7c07c0184a","""2025-11-16T18:07:04.460Z"""
"882f3f8c-3820-4a1a-982d-d0bd206b6969","session-39","/shop","7af16635-825a-4282-bdd7-8d7c07c0184a","""2025-11-12T21:21:29.717Z"""
"f4bd06ef-8cda-4e99-b94e-5c7f1379bbb0","session-299","/","7af16635-825a-4282-bdd7-8d7c07c0184a","""2025-11-25T15:34:02.638Z"""
"96ece06c-c162-4c70-b4db-71e89b3aa1d7","session-33","/shop","7af16635-825a-4282-bdd7-8d7c07c0184a","""2025-11-22T15:02:57.548Z"""
"976c1a38-a3ac-466b-b404-c7d14f69fb3e","session-325","/cart","7af16635-825a-4282-bdd7-8d7c07c0184a","""2025-11-26T01:20:44.651Z"""
"1dd15b3f-1dde-4679-ae39-e3d6e7f9f07b","session-400","/products/engwe-engine-x","7af16635-825a-4282-bdd7-8d7c07c0184a","""2025-11-14T11:03:17.338Z"""
"5f39e0e0-2153-4177-ae46-b78485f835a3","session-275","/shop",,"""2025-11-10T03:59:40.893Z"""
"5e8c8e69-fd84-410d-b212-5b7fad995754","session-400","/","7af16635-825a-4282-bdd7-8d7c07c0184a","""2025-11-18T00:40:21.592Z"""
"55597e59-8f21-4660-991b-a312dce9bc0e","session-243","/cart","7af16635-825a-4282-bdd7-8d7c07c0184a","""2025-11-04T22:12:21.179Z"""
"e2309dbb-4d85-49d8-9442-dd383c233381","session-57","/shop",,"""2025-11-08T19:16:56.445Z"""
"cdfebe2d-9781-40a8-a2c3-0bbeff875c1d","session-17","/shop","7af16635-825a-4282-bdd7-8d7c07c0184a","""2025-11-23T02:16:38.335Z"""
"5fc12c41-237b-4704-9756-5e7d4d9bd531","session-227","/","7af16635-825a-4282-bdd7-8d7c07c0184a","""2025-11-30T02:23:36.649Z"""
"189ea216-2af7-49c8-bba5-5b483fda1b70","session-356","/cart","7af16635-825a-4282-bdd7-8d7c07c0184a","""2025-11-11T14:52:47.435Z"""
"887ed656-be0e-4d3a-9c6f-8705dc210109","session-332","/",,"""2025-11-14T07:54:06.495Z"""
"f5d6b320-d000-4c43-a26a-a6dfe55a4060","session-386","/shop",,"""2025-11-17T14:03:56.551Z"""
"4ad429e1-a097-49e2-8ae1-137b0686a6bb","session-243","/",,"""2025-11-05T10:39:34.324Z"""
"ca838953-7042-4fc7-ac7a-4a7e47d19334","session-291","/","7af16635-825a-4282-bdd7-8d7c07c0184a","""2025-11-18T13:50:26.998Z"""
"679d640f-7c78-442f-afca-dc5e014c809a","session-496","/shop","7af16635-825a-4282-bdd7-8d7c07c0184a","""2025-11-08T06:01:50.325Z"""
"487fd65a-a51d-4974-aea6-ad94a2134dfb","session-302","/","7af16635-825a-4282-bdd7-8d7c07c0184a","""2025-12-02T04:36:02.037Z"""
"a0a75a61-1d2b-4fff-9131-e0b69f0fb2a9","session-486","/shop",,"""2025-11-29T02:41:10.607Z"""
"30c4805b-91b0-4b53-b160-ac5b191093db","session-74","/shop",,"""2025-11-25T04:23:45.777Z"""
"05070cfa-1e45-4292-b0a6-78ff100fa300","session-7","/shop","7af16635-825a-4282-bdd7-8d7c07c0184a","""2025-11-11T02:38:07.330Z"""
"da87c3e8-1062-4669-b9b4-ad20dccfac86","session-223","/",,"""2025-11-23T10:37:39.544Z"""
"14d2a1ad-27ec-4207-9006-b192d9b11a33","session-225","/products/engwe-engine-x","7af16635-825a-4282-bdd7-8d7c07c0184a","""2025-11-25T10:24:11.042Z"""
"0f161a46-fb4b-4cde-a060-2b2f5758888d","session-11","/",,"""2025-11-15T09:44:03.759Z"""
"5e86690f-a677-4568-8cd2-01eef150b4d1","session-342","/",,"""2025-11-28T11:14:27.039Z"""
"5b561ed5-2e14-4758-84b4-4ad7b1d3fab3","session-279","/shop","7af16635-825a-4282-bdd7-8d7c07c0184a","""2025-11-23T09:07:45.264Z"""
"4b5d009a-d591-40dc-abe4-b9135d2d13eb","session-339","/","7af16635-825a-4282-bdd7-8d7c07c0184a","""2025-11-11T02:37:51.782Z"""
"33254d22-d49c-47fb-9ccf-abc10a067045","session-138","/products/engwe-engine-x","7af16635-825a-4282-bdd7-8d7c07c0184a","""2025-11-16T10:49:26.683Z"""
"817b6fa7-cbb4-4e80-bb7c-0c369371c16d","session-191","/products/engwe-engine-x",,"""2025-11-19T19:20:25.845Z"""
"922f3a2d-b7ec-4e55-988d-a856211ab566","session-58","/products/engwe-engine-x","7af16635-825a-4282-bdd7-8d7c07c0184a","""2025-11-10T13:52:44.859Z"""
"bd1c20ce-8d0e-4ded-a0c9-c9eb4bfcd9af","session-477","/",,"""2025-11-17T18:31:19.038Z"""
"60d3cae0-664c-449f-8218-7d5cf4e2a91b","session-122","/","7af16635-825a-4282-bdd7-8d7c07c0184a","""2025-11-16T07:12:00.316Z"""
"e1cdad85-1a3a-425a-8866-657b3fa9682d","session-330","/shop","7af16635-825a-4282-bdd7-8d7c07c0184a","""2025-11-27T00:06:53.213Z"""
"cc7b2d70-becb-41b6-8aab-225fb4878956","session-421","/shop",,"""2025-11-08T09:46:13.441Z"""
"08920351-2435-4200-ae0f-d4fd1edebb65","session-406","/shop",,"""2025-11-17T09:38:37.501Z"""
"897950ba-adcf-43af-8789-d298a711c8df","session-227","/shop","7af16635-825a-4282-bdd7-8d7c07c0184a","""2025-11-06T08:42:32.591Z"""
"0d876cf3-4973-412c-985a-de626a8acb93","session-155","/cart",,"""2025-11-06T01:26:37.646Z"""
"8b97c055-18b8-4131-8cff-3c0cfbeba7c7","session-240","/cart",,"""2025-11-19T16:32:31.569Z"""
"bf16d881-15e3-4896-a4cb-c5bc9a4cd579","session-243","/cart",,"""2025-11-04T10:00:05.532Z"""
"a350b75e-3020-4f7d-8704-f1506da5f025","session-103","/shop","7af16635-825a-4282-bdd7-8d7c07c0184a","""2025-11-13T04:20:14.290Z"""
"93006d13-f464-42ed-a09e-9ff3698f228f","session-128","/shop","7af16635-825a-4282-bdd7-8d7c07c0184a","""2025-11-18T00:02:29.110Z"""
"dd9cdc5a-4854-4dad-8c9c-560cf2bbc48d","session-133","/shop","7af16635-825a-4282-bdd7-8d7c07c0184a","""2025-11-20T19:57:03.792Z"""
"62f8bda1-78aa-43bf-b7ee-1cc24cb784c9","session-29","/",,"""2025-11-22T14:53:12.574Z"""
"7dc29809-59b4-4485-a79c-c380a4162656","session-317","/","7af16635-825a-4282-bdd7-8d7c07c0184a","""2025-11-19T14:13:07.314Z"""
"bf77e101-485d-4f4d-9844-3ea1c9e223c7","session-302","/shop",,"""2025-11-14T01:43:37.861Z"""
"7abadf46-ec2d-4617-b179-42c4ea678cb9","session-290","/shop","7af16635-825a-4282-bdd7-8d7c07c0184a","""2025-11-24T10:22:58.091Z"""
"30c9b9b3-0fcf-41a9-9f8e-de21a46f634b","session-230","/",,"""2025-11-04T08:53:03.825Z"""
"6d56e4a2-9844-477a-a882-a88b5ccd7249","session-41","/cart",,"""2025-11-23T19:50:48.555Z"""
"9ff892a9-f874-4918-9eb6-07a9a0aab51e","session-456","/shop","7af16635-825a-4282-bdd7-8d7c07c0184a","""2025-11-30T17:43:14.917Z"""
"07bfd175-6716-4a4c-bba5-d6a2bdf337a4","session-71","/shop",,"""2025-11-04T08:10:43.891Z"""
"5ec63064-1134-4aa6-ac64-330019927f2b","session-410","/shop","7af16635-825a-4282-bdd7-8d7c07c0184a","""2025-11-30T14:47:07.403Z"""
"c038fa38-1d53-4ef5-b72e-c2c07f4e04ed","session-453","/products/engwe-engine-x","7af16635-825a-4282-bdd7-8d7c07c0184a","""2025-11-08T05:02:47.281Z"""
"b361c800-5141-415f-96f7-e173185d7c94","session-49","/products/engwe-engine-x","7af16635-825a-4282-bdd7-8d7c07c0184a","""2025-11-15T21:46:39.333Z"""
"99512716-7991-4219-9f5c-aaba309458b1","session-218","/",,"""2025-11-10T22:06:45.326Z"""
"d39fe7a4-d3e9-4887-bd0d-ed4831e1a341","session-467","/","7af16635-825a-4282-bdd7-8d7c07c0184a","""2025-11-23T04:43:18.031Z"""
"c783c22f-3db6-425d-97cf-a8dfed8992ef","session-303","/shop",,"""2025-11-13T13:29:03.205Z"""
"35066c5a-7eb3-473c-89d6-e82a6ec1e88f","session-296","/products/engwe-engine-x","7af16635-825a-4282-bdd7-8d7c07c0184a","""2025-11-14T04:42:20.145Z"""
"4b1011c4-25bc-478c-91b4-497297acb3de","session-131","/",,"""2025-11-12T15:24:34.169Z"""
"1dd4decd-7690-47a1-b1b3-fc49277e6fa4","session-276","/shop","7af16635-825a-4282-bdd7-8d7c07c0184a","""2025-11-06T01:56:28.901Z"""
"f8285e1c-931d-4a76-82af-4a0e0e2352de","session-375","/shop",,"""2025-11-19T05:18:19.377Z"""
"c9a07b2c-e1b9-47b5-95c1-d504be3417e3","session-340","/shop","7af16635-825a-4282-bdd7-8d7c07c0184a","""2025-11-18T17:40:06.638Z"""
"d2211a72-d9bf-49c8-a3a3-105d7e624346","session-409","/shop","7af16635-825a-4282-bdd7-8d7c07c0184a","""2025-11-25T06:09:12.587Z"""
"6ae7e337-7850-4079-ade7-f48e1d7e727a","session-37","/products/engwe-engine-x","7af16635-825a-4282-bdd7-8d7c07c0184a","""2025-11-15T10:27:14.952Z"""
"dd78b23d-cb53-4ba1-8353-098aafff34d9","session-451","/products/engwe-engine-x","7af16635-825a-4282-bdd7-8d7c07c0184a","""2025-11-10T01:50:27.349Z"""
"ec0cc875-fe44-4ea5-8c99-313d41e875e8","session-316","/shop","7af16635-825a-4282-bdd7-8d7c07c0184a","""2025-11-20T19:42:24.963Z"""
"a1b19486-44b4-457f-9dfd-9db42db57ff0","session-380","/shop","7af16635-825a-4282-bdd7-8d7c07c0184a","""2025-11-23T19:44:00.297Z"""
"d114081c-4dff-46e8-8c6f-e269704f82cf","session-469","/shop","7af16635-825a-4282-bdd7-8d7c07c0184a","""2025-11-28T09:47:34.666Z"""
"b1cce332-019d-4d66-9416-5ae44fa000db","session-414","/shop",,"""2025-11-26T13:38:51.057Z"""
"4eabe8d7-2ca2-4492-912a-5b2bd45eac46","session-213","/shop","7af16635-825a-4282-bdd7-8d7c07c0184a","""2025-11-21T05:49:12.674Z"""
"3ec4922d-8909-47fa-8a95-36c68f9bce5b","session-65","/shop",,"""2025-11-15T15:48:45.264Z"""
"2efd7464-b057-41b7-9f9d-9db92df17799","session-175","/cart",,"""2025-11-19T11:49:02.879Z"""
"69e8e7b5-563f-4fb6-aa53-8590409c3eb6","session-293","/","7af16635-825a-4282-bdd7-8d7c07c0184a","""2025-11-08T16:47:49.218Z"""
"ae44f56f-3390-4aac-a229-7b90efda2523","session-209","/",,"""2025-11-18T17:31:19.871Z"""
"fcad6a65-48ce-4899-8388-d4820af99bfc","session-350","/shop",,"""2025-11-09T02:55:07.400Z"""
"149b4e42-b489-4f30-a694-5c2d6f32d387","session-262","/shop","7af16635-825a-4282-bdd7-8d7c07c0184a","""2025-11-24T18:01:15.052Z"""
"1a051dfa-6fc2-463f-b02c-d0036478ec83","session-267","/products/engwe-engine-x","7af16635-825a-4282-bdd7-8d7c07c0184a","""2025-11-10T06:05:20.224Z"""
"a1953e5d-5167-495c-ad16-3678f7fd639a","session-225","/products/engwe-engine-x",,"""2025-11-25T00:50:22.496Z"""
"9e18df74-cd16-47a1-96ee-1a96e3b9e5a7","session-62","/shop",,"""2025-11-13T02:05:43.725Z"""
"9baea2da-2f18-4ed5-b3c5-39f1af2f7ef2","session-9","/cart",,"""2025-11-13T22:57:29.624Z"""
"2894efc1-0d4b-497f-af25-df9238bed549","session-54","/","7af16635-825a-4282-bdd7-8d7c07c0184a","""2025-11-26T18:16:13.785Z"""
"3ec0bbd9-d487-42b6-b508-b8e2ba5597f8","session-166","/",,"""2025-11-17T20:58:33.958Z"""
"ef146481-1356-408d-955a-4e155f9b45f0","session-106","/","7af16635-825a-4282-bdd7-8d7c07c0184a","""2025-11-16T01:02:06.433Z"""
"eec6c14b-3e2f-41ba-9d8e-dea8ecafacc5","session-337","/shop",,"""2025-11-03T14:59:15.937Z"""
"dc30a449-30e7-4bb1-ab38-fa85073d8f49","session-131","/","7af16635-825a-4282-bdd7-8d7c07c0184a","""2025-11-18T07:20:48.788Z"""
"cebb6097-99d2-4723-b3b5-9ebe90737f19","session-274","/","7af16635-825a-4282-bdd7-8d7c07c0184a","""2025-11-29T09:35:30.395Z"""
"016b419f-1770-4f93-8b04-975524038002","session-370","/products/engwe-engine-x",,"""2025-11-24T09:30:58.192Z"""
"bd31352c-6427-4711-925a-a20685119e29","session-12","/products/engwe-engine-x",,"""2025-11-04T09:40:42.481Z"""
"50f54eac-8aea-484c-975e-11fc31a6e041","session-88","/","7af16635-825a-4282-bdd7-8d7c07c0184a","""2025-11-10T02:53:55.006Z"""
"cf223c11-e390-42cc-9631-2851adff250f","session-472","/products/engwe-engine-x",,"""2025-11-30T15:29:28.679Z"""
"6c6cde73-bb76-45c0-b28a-1638d7bfed61","session-132","/products/engwe-engine-x",,"""2025-11-11T19:15:09.827Z"""
"b1561e9d-4890-497c-8f9c-476917cbfb17","session-161","/cart","7af16635-825a-4282-bdd7-8d7c07c0184a","""2025-11-28T05:38:00.111Z"""
"a4c93258-3039-4c53-a777-f95aad87e246","session-281","/shop",,"""2025-11-03T11:48:01.259Z"""
"375797ae-f4fb-42c2-af5d-5433168e0e26","session-56","/cart",,"""2025-11-19T21:44:47.714Z"""
"02f102d1-2499-4aa8-9324-9454cab9ba77","session-216","/shop","7af16635-825a-4282-bdd7-8d7c07c0184a","""2025-11-20T19:17:11.032Z"""
"3c40a04b-da1b-475b-a49e-e079214827db","session-234","/","7af16635-825a-4282-bdd7-8d7c07c0184a","""2025-11-19T14:46:50.680Z"""
"90d51eee-127e-48c5-b33f-ca6b31819592","session-228","/shop","7af16635-825a-4282-bdd7-8d7c07c0184a","""2025-11-14T00:03:30.421Z"""
"c5ec2cca-ceb5-4f46-8134-3541f6d37eeb","session-84","/",,"""2025-11-07T00:07:49.361Z"""
"4290498d-4909-4745-8791-74af2c5f366a","session-11","/","7af16635-825a-4282-bdd7-8d7c07c0184a","""2025-11-28T18:09:21.316Z"""
"4283c70f-66dd-4a51-a019-9f4f97e91cbb","session-103","/shop","7af16635-825a-4282-bdd7-8d7c07c0184a","""2025-11-28T20:14:41.913Z"""
"16b200b1-3ed8-4305-9216-a629626d76dc","session-479","/shop",,"""2025-11-21T02:29:07.477Z"""
"f29f6c4c-b0a7-4e6c-8745-de57a7555dfd","session-136","/shop","7af16635-825a-4282-bdd7-8d7c07c0184a","""2025-11-17T03:00:13.336Z"""
"265ec6ec-8061-46d9-ac5e-171b305177de","session-280","/cart",,"""2025-11-03T01:31:10.292Z"""
"578db355-e254-44d9-843f-636e56b1a2d2","session-14","/",,"""2025-11-30T00:54:15.912Z"""
"8393e87e-ea1c-490d-8e67-76b46aae94e3","session-88","/","7af16635-825a-4282-bdd7-8d7c07c0184a","""2025-12-01T09:19:28.272Z"""
"431a6dec-02af-4fff-ad49-77aa0dd7d481","session-82","/products/engwe-engine-x",,"""2025-11-09T01:51:03.357Z"""
"cb67b8bd-c399-4833-870f-2dd22b0624ae","session-487","/shop","7af16635-825a-4282-bdd7-8d7c07c0184a","""2025-11-06T21:12:10.043Z"""
"167870c3-f6c6-4239-86a2-76b94708bb81","session-275","/shop",,"""2025-11-21T03:32:20.192Z"""
"ab814677-6141-4388-bede-52a1e5e01afa","session-401","/","7af16635-825a-4282-bdd7-8d7c07c0184a","""2025-11-23T11:28:46.612Z"""
"9876782f-6530-4969-8f1a-6d3c92e0d899","session-32","/products/engwe-engine-x",,"""2025-11-09T00:17:13.634Z"""
"d3026a97-6332-4d77-80d2-e7d58cafffcf","session-410","/products/engwe-engine-x","7af16635-825a-4282-bdd7-8d7c07c0184a","""2025-11-30T15:38:17.669Z"""
"31cb07aa-3ca1-49b0-960b-236dc10d76dc","session-489","/products/engwe-engine-x",,"""2025-11-10T11:46:36.215Z"""
"fafa02ed-a607-4395-9d25-617036e17652","session-317","/",,"""2025-11-16T21:35:16.657Z"""
"dc5cfe1c-5d23-4d43-baf9-e4da6531bf1d","session-447","/shop","7af16635-825a-4282-bdd7-8d7c07c0184a","""2025-11-29T22:34:24.927Z"""
"17bfb2f9-8cc7-4e04-a9dd-cb31207b651b","session-261","/","7af16635-825a-4282-bdd7-8d7c07c0184a","""2025-11-04T01:44:04.328Z"""
"43d22b96-face-4640-a9e5-be10e42b696e","session-377","/products/engwe-engine-x",,"""2025-11-15T20:27:13.254Z"""
"14dcd521-8216-46a0-9a83-324546ba6ef4","session-419","/shop",,"""2025-11-17T16:21:58.271Z"""
"757f6ece-e93c-4d43-a3bc-588e7111d647","session-492","/shop","7af16635-825a-4282-bdd7-8d7c07c0184a","""2025-11-29T20:57:30.604Z"""
"5738a550-089b-4654-b119-3dcf72ceb417","session-494","/","7af16635-825a-4282-bdd7-8d7c07c0184a","""2025-11-14T04:34:00.071Z"""
"b06d2eac-f123-42ed-b6d6-2ea010289aa0","session-80","/",,"""2025-11-03T15:51:25.631Z"""
"74b3d145-77fd-40bf-ad95-d54bdac07d73","session-143","/shop","7af16635-825a-4282-bdd7-8d7c07c0184a","""2025-11-04T20:06:34.364Z"""
"3d868026-5d95-4cf1-a379-a03dc084d955","session-26","/shop","7af16635-825a-4282-bdd7-8d7c07c0184a","""2025-11-18T20:06:59.756Z"""
"b050e927-f45f-499a-b895-1e1349960c63","session-113","/shop",,"""2025-11-12T01:56:06.234Z"""
"4a877d80-733f-4792-b99e-61495c5a6454","session-343","/products/engwe-engine-x","7af16635-825a-4282-bdd7-8d7c07c0184a","""2025-11-19T08:20:32.092Z"""
"87dadc0d-ac13-4fdb-99d4-8e4fe7b7b184","session-168","/shop","7af16635-825a-4282-bdd7-8d7c07c0184a","""2025-11-14T12:44:03.551Z"""
"3d8787be-e42d-49b6-a40f-47959ae49af8","session-138","/","7af16635-825a-4282-bdd7-8d7c07c0184a","""2025-11-12T08:42:28.426Z"""
"23fec6ec-e692-4cad-8b5b-91b1772a9577","session-230","/","7af16635-825a-4282-bdd7-8d7c07c0184a","""2025-11-10T15:08:59.464Z"""
"bfc14930-9d98-44c6-a013-653f63c153b4","session-88","/shop",,"""2025-11-17T09:19:25.437Z"""
"8a5b3a73-435c-4358-bf9b-c9ecbad7997a","session-352","/cart",,"""2025-11-25T16:51:42.547Z"""
"59663748-a09a-4aec-a552-293db9bcd06a","session-197","/products/engwe-engine-x","7af16635-825a-4282-bdd7-8d7c07c0184a","""2025-11-03T18:25:51.498Z"""
"7817a7b1-70d5-4a55-a09f-32820c2eeada","session-386","/shop","7af16635-825a-4282-bdd7-8d7c07c0184a","""2025-11-29T02:23:14.792Z"""
"df220772-34d1-4404-8380-f0beaa550159","session-159","/",,"""2025-12-02T12:06:32.152Z"""
"ed2887de-8929-4db7-b7f3-04c2d632a3a6","session-338","/products/engwe-engine-x","7af16635-825a-4282-bdd7-8d7c07c0184a","""2025-11-30T04:38:21.840Z"""
"94aecc57-afdf-4060-acf1-366e15a74645","session-349","/cart",,"""2025-11-27T15:36:38.774Z"""
"86049984-1014-4c91-8a7d-c27c63ae4a8b","session-70","/","7af16635-825a-4282-bdd7-8d7c07c0184a","""2025-11-20T08:34:36.078Z"""
"ec0d45e8-8501-41f1-9107-569d84243441","session-58","/products/engwe-engine-x","7af16635-825a-4282-bdd7-8d7c07c0184a","""2025-11-15T18:03:07.755Z"""
"4e06f30a-4774-4c33-8d04-1bddeabba834","session-35","/shop",,"""2025-12-02T15:40:06.338Z"""
"40bd152c-2b20-4d7d-9cb3-815c7d6c07d2","session-302","/products/engwe-engine-x","7af16635-825a-4282-bdd7-8d7c07c0184a","""2025-11-17T13:46:07.174Z"""
"5c2c089e-8bbe-4b9b-8391-2f1906c2e766","session-407","/shop",,"""2025-11-21T13:06:28.746Z"""
"29d6bc68-dbd9-450c-8e29-2a2a029b4031","session-447","/shop",,"""2025-11-12T14:40:23.257Z"""
"987c0a91-e388-4660-86b6-46b7a33ac0f8","session-426","/cart",,"""2025-11-18T06:28:45.905Z"""
"66b1b0f4-5e74-43df-bd32-75b653649fd5","session-2","/shop","7af16635-825a-4282-bdd7-8d7c07c0184a","""2025-11-29T15:53:50.515Z"""
"52eeb788-8da0-499d-b6a3-15e05ad57827","session-434","/shop","7af16635-825a-4282-bdd7-8d7c07c0184a","""2025-11-20T09:18:44.442Z"""
"d8f2d9fc-1ac7-49ef-8a43-fc4a80e1b508","session-82","/products/engwe-engine-x","7af16635-825a-4282-bdd7-8d7c07c0184a","""2025-11-03T16:29:02.877Z"""
"cf04aac3-0c82-401d-8362-e415388cf5f6","session-470","/cart","7af16635-825a-4282-bdd7-8d7c07c0184a","""2025-11-26T06:00:20.122Z"""
"ac4efbd8-eb72-42b0-a24a-8f5fcac9291c","session-320","/products/engwe-engine-x",,"""2025-11-19T15:12:03.757Z"""
"b1da1f7a-8434-42ec-9b55-156402088613","session-124","/shop","7af16635-825a-4282-bdd7-8d7c07c0184a","""2025-11-12T00:43:08.905Z"""
"be4a8309-a5a4-460b-b46a-144edafb429a","session-65","/shop","7af16635-825a-4282-bdd7-8d7c07c0184a","""2025-11-23T10:38:46.872Z"""
"a72e81c2-0954-411c-8a82-54456d92ef63","session-127","/shop","7af16635-825a-4282-bdd7-8d7c07c0184a","""2025-11-18T17:58:57.890Z"""
"1ff9b815-a664-42c0-a4cc-6b7538d92d49","session-13","/shop","7af16635-825a-4282-bdd7-8d7c07c0184a","""2025-11-20T22:50:17.777Z"""
"01fefdbb-90c5-4d3b-8066-2d6653a4efe2","session-297","/","7af16635-825a-4282-bdd7-8d7c07c0184a","""2025-11-29T02:06:54.355Z"""
"826f2cb8-4c07-4641-9b7e-3bad2871704c","session-469","/shop","7af16635-825a-4282-bdd7-8d7c07c0184a","""2025-11-03T09:45:06.241Z"""
"f672e87c-5ec3-4733-9bce-626ca0485747","session-47","/products/engwe-engine-x","7af16635-825a-4282-bdd7-8d7c07c0184a","""2025-11-27T09:57:22.714Z"""
"f79754c0-9a95-4bc8-a185-b215296411af","session-283","/products/engwe-engine-x",,"""2025-11-23T21:24:11.666Z"""
"a9e1e616-2a38-4f6e-985d-c0af4518ab5d","session-230","/","7af16635-825a-4282-bdd7-8d7c07c0184a","""2025-11-30T19:55:25.552Z"""
"23e94e40-99bf-40fd-967b-108d8c73f4b9","session-280","/shop","7af16635-825a-4282-bdd7-8d7c07c0184a","""2025-11-16T10:04:29.620Z"""
"ba0ab298-d1d8-4800-9c97-a9369c513e0f","session-21","/products/engwe-engine-x","7af16635-825a-4282-bdd7-8d7c07c0184a","""2025-11-03T12:50:23.908Z"""
"70a19b3f-786d-44a4-a60e-573cac994e8e","session-253","/shop","7af16635-825a-4282-bdd7-8d7c07c0184a","""2025-11-12T03:54:57.161Z"""
"8a04e06f-af6b-430b-abfa-564350c4cb3d","session-272","/shop",,"""2025-11-27T14:02:25.288Z"""
"7ea019a8-6961-4786-ad49-105fc44c075f","session-493","/products/engwe-engine-x","7af16635-825a-4282-bdd7-8d7c07c0184a","""2025-11-23T22:01:04.195Z"""
"fd5ab858-9e4e-48a0-abb1-3b41096865e3","session-441","/","7af16635-825a-4282-bdd7-8d7c07c0184a","""2025-11-29T12:24:56.329Z"""
"94fac60c-0d32-4f8a-af8e-810aa9799c40","session-349","/cart","7af16635-825a-4282-bdd7-8d7c07c0184a","""2025-11-24T06:27:17.652Z"""
"033d7eab-71df-46a7-b701-3d9071a86cf9","session-390","/shop",,"""2025-11-03T09:10:56.385Z"""
"04890d81-d98b-48d1-8556-bd5e1e678c84","session-395","/","7af16635-825a-4282-bdd7-8d7c07c0184a","""2025-11-08T00:57:15.179Z"""
"e5a249ad-e178-4524-b3b8-250370ff6e0d","session-378","/",,"""2025-12-01T05:08:07.119Z"""
"809bae33-bfe2-4bf1-8155-efcc10f5269f","session-413","/shop",,"""2025-11-13T13:21:44.828Z"""
"c3f88c05-15c5-4bb1-8cbd-8f589de71c27","session-139","/shop","7af16635-825a-4282-bdd7-8d7c07c0184a","""2025-11-05T22:55:17.108Z"""
"e6797d6f-ace9-4cc8-968a-50dc0022721e","session-84","/shop",,"""2025-11-28T08:52:28.879Z"""
"a73caabb-23b5-4c1d-bbf3-fe888ed7c7e8","session-14","/","7af16635-825a-4282-bdd7-8d7c07c0184a","""2025-11-13T13:57:19.083Z"""
"672c9cf4-44e0-4fd3-8033-23699ef71db1","session-132","/products/engwe-engine-x","7af16635-825a-4282-bdd7-8d7c07c0184a","""2025-11-11T06:47:25.723Z"""
"651cc449-7fcf-4b7d-ae0b-21e8cab99a1e","session-353","/","7af16635-825a-4282-bdd7-8d7c07c0184a","""2025-12-01T11:06:15.117Z"""
"a94bf250-1817-4cc4-8316-3486c115b1b9","session-362","/shop","7af16635-825a-4282-bdd7-8d7c07c0184a","""2025-11-14T20:10:09.531Z"""
"5ee48e30-cfdc-434b-ab9f-84910b773147","session-207","/products/engwe-engine-x","7af16635-825a-4282-bdd7-8d7c07c0184a","""2025-11-04T02:26:09.359Z"""
"d40daf97-28af-4f47-9dd3-2305fcffab54","session-136","/shop","7af16635-825a-4282-bdd7-8d7c07c0184a","""2025-11-16T10:47:51.409Z"""
"fe7e1e80-04be-4394-87f1-5f3bfe16874e","session-128","/products/engwe-engine-x",,"""2025-11-21T04:19:37.481Z"""
"69321769-7c03-46fe-9f29-fcf09ee4500b","session-149","/products/engwe-engine-x","7af16635-825a-4282-bdd7-8d7c07c0184a","""2025-11-04T13:36:09.634Z"""
"381e50e1-1e7c-4739-ba8d-afb26cb46ae8","session-385","/",,"""2025-11-18T04:36:06.966Z"""
"c387f0c5-49f9-45d4-a28f-7b9b23c4142a","session-125","/","7af16635-825a-4282-bdd7-8d7c07c0184a","""2025-11-28T04:46:26.798Z"""
"36796764-5403-4241-b47c-a00c2ebcd6fa","session-112","/products/engwe-engine-x",,"""2025-12-01T20:14:03.738Z"""
"42330a31-e667-4cbc-93fc-cabe505a75ab","session-481","/","7af16635-825a-4282-bdd7-8d7c07c0184a","""2025-11-03T12:46:07.331Z"""
"ce23283c-7052-4df2-951d-9bb1083db9bf","session-249","/shop","7af16635-825a-4282-bdd7-8d7c07c0184a","""2025-11-25T02:38:40.326Z"""
"b0f22f91-bd79-46aa-b7a2-2af81a4704b7","session-407","/shop",,"""2025-11-29T03:19:38.183Z"""
"a96f35b6-53e8-4df3-ad43-fd8b830081fb","session-311","/products/engwe-engine-x",,"""2025-12-02T17:06:04.836Z"""
"23eed57d-00a4-4ae8-b5ba-d54765cb4a76","session-145","/","7af16635-825a-4282-bdd7-8d7c07c0184a","""2025-11-28T20:18:32.399Z"""
"2e1035c2-70a2-44d9-a589-5ff1f1d85bf4","session-4","/","7af16635-825a-4282-bdd7-8d7c07c0184a","""2025-11-13T11:23:29.524Z"""
"99a53f73-e516-4f80-b297-6e73f41bf7ea","session-286","/",,"""2025-11-24T03:04:48.769Z"""
"b532fc20-734d-4ea8-afd0-cdef615457fd","session-156","/",,"""2025-11-08T00:31:01.380Z"""
"59cc37b3-d1de-473e-919b-586baf57b713","session-220","/products/engwe-engine-x","7af16635-825a-4282-bdd7-8d7c07c0184a","""2025-11-11T22:03:38.542Z"""
"210bed14-486e-414f-9fcf-f846f4fe178f","session-384","/shop","7af16635-825a-4282-bdd7-8d7c07c0184a","""2025-11-23T07:09:09.927Z"""
"e592b2a7-83c4-4214-a496-751eda19ff7d","session-316","/",,"""2025-11-27T20:57:21.624Z"""
"b69c73e0-52e8-47f2-9568-1669a7d939b6","session-170","/products/engwe-engine-x","7af16635-825a-4282-bdd7-8d7c07c0184a","""2025-11-15T09:36:25.314Z"""
"aa74a3dc-54a0-4c87-8412-4e8a0e21e88d","session-324","/shop",,"""2025-11-07T09:24:56.070Z"""
"fb1ccb78-d09a-4c94-b1bb-35ecd8babf21","session-412","/shop","7af16635-825a-4282-bdd7-8d7c07c0184a","""2025-11-09T07:55:29.491Z"""
"52aa869a-2e43-4f5f-b540-b582fea151a1","session-177","/products/engwe-engine-x","7af16635-825a-4282-bdd7-8d7c07c0184a","""2025-11-27T15:04:48.681Z"""
"2af64fc7-6b3c-4bba-8d7b-b345016da8a8","session-56","/","7af16635-825a-4282-bdd7-8d7c07c0184a","""2025-11-07T04:20:57.018Z"""
"06e84c8f-bf36-4aa8-a400-61ce20f672e9","session-346","/",,"""2025-11-24T09:29:06.019Z"""
"8b7a970d-932f-481c-83ae-32d9f10d00a5","session-78","/shop","7af16635-825a-4282-bdd7-8d7c07c0184a","""2025-11-06T17:18:53.816Z"""
"82d7db9a-2ce4-4bee-9cef-a2a270ecdffd","session-265","/shop","7af16635-825a-4282-bdd7-8d7c07c0184a","""2025-11-29T17:17:03.366Z"""
"fb476ade-e8d8-4962-b721-c19c2d987859","session-492","/products/engwe-engine-x","7af16635-825a-4282-bdd7-8d7c07c0184a","""2025-11-06T12:31:18.766Z"""
"810803c2-54d2-4574-a40d-d6cb7bff3b7e","session-6","/products/engwe-engine-x",,"""2025-11-05T02:32:46.671Z"""
"0611e5b4-9c91-4c75-8132-2cb4f13b0721","session-314","/","7af16635-825a-4282-bdd7-8d7c07c0184a","""2025-11-25T16:46:18.423Z"""
"8e082ad5-c9c9-4a8a-a3ab-4d9223e823d4","session-294","/products/engwe-engine-x","7af16635-825a-4282-bdd7-8d7c07c0184a","""2025-11-19T09:15:09.887Z"""
"aeefbe59-7c12-4dfd-9d80-0c0a576d3e25","session-114","/products/engwe-engine-x","7af16635-825a-4282-bdd7-8d7c07c0184a","""2025-11-16T05:52:03.787Z"""
"6ce93202-1a3b-4214-ba9c-6ada579fc0d4","session-293","/products/engwe-engine-x","7af16635-825a-4282-bdd7-8d7c07c0184a","""2025-11-27T11:09:15.733Z"""
"e062cce3-cc9e-4dc2-a2c5-f53f5c207469","session-61","/products/engwe-engine-x","7af16635-825a-4282-bdd7-8d7c07c0184a","""2025-11-19T16:54:21.260Z"""
"b70aa711-5e46-4338-b3f0-a655c1edf4e1","session-94","/cart","7af16635-825a-4282-bdd7-8d7c07c0184a","""2025-11-29T08:23:51.690Z"""
"2beaac5c-c6e8-4eb6-8428-c3da8c9e21f5","session-333","/","7af16635-825a-4282-bdd7-8d7c07c0184a","""2025-11-30T14:23:59.223Z"""
"fd6c14e8-929c-4c14-b5fa-17453cf9c544","session-196","/",,"""2025-11-10T02:44:17.466Z"""
"8deb45d1-d536-4982-8ee8-d5cc94084e91","session-280","/cart","7af16635-825a-4282-bdd7-8d7c07c0184a","""2025-11-18T04:25:54.275Z"""
"1ebb8f7f-b8ac-4f1d-8b56-22f9bb35ac08","session-208","/products/engwe-engine-x",,"""2025-11-13T04:04:02.321Z"""
"0c114499-2fa1-450b-b341-fc65fc96c0ec","session-485","/cart","7af16635-825a-4282-bdd7-8d7c07c0184a","""2025-11-13T17:10:11.646Z"""
"ba132df3-7a77-4a74-86de-eaa94b3d0c47","session-231","/",,"""2025-11-10T15:49:09.405Z"""
"e155bbcf-f9f6-4d84-aede-43efdc0ed8af","session-465","/",,"""2025-11-18T13:13:48.724Z"""
"52763a88-9525-41e0-b768-b60145c5968e","session-69","/","7af16635-825a-4282-bdd7-8d7c07c0184a","""2025-11-14T11:00:11.627Z"""
"9675293b-1e02-4bfd-840a-f37c8be23381","session-486","/shop",,"""2025-11-07T02:36:14.768Z"""
"ca8499f1-7a02-4005-8799-b529f2de37ef","session-215","/shop",,"""2025-11-10T20:36:00.736Z"""
"ebfa65bb-fb95-4cb9-b556-cfff7d046423","session-238","/cart",,"""2025-11-20T11:04:43.873Z"""
"b26f6eb1-1bfc-4e2e-a45e-1eb5e1eab54a","session-193","/shop",,"""2025-11-28T14:39:11.212Z"""
"5d0d410b-4449-4251-acbe-f018b8870825","session-416","/",,"""2025-11-23T09:25:45.908Z"""
"d4726237-7d57-4e7f-9292-a018367d600f","session-281","/products/engwe-engine-x",,"""2025-11-29T19:41:28.569Z"""
"6c922fb8-f9c3-4b54-86a0-dac39bf1e7a4","session-354","/","7af16635-825a-4282-bdd7-8d7c07c0184a","""2025-11-30T19:54:57.944Z"""
"9b998118-8af7-4087-8d88-941d2b988fac","session-29","/",,"""2025-12-02T01:21:03.694Z"""
"e0efdfca-8e80-4135-b465-f680d6b792b4","session-217","/shop","7af16635-825a-4282-bdd7-8d7c07c0184a","""2025-11-27T17:08:27.743Z"""
"9eb4e5d7-da21-4079-93a6-81a9d002a2fc","session-277","/products/engwe-engine-x","7af16635-825a-4282-bdd7-8d7c07c0184a","""2025-11-05T14:32:25.016Z"""
"0b4e1a23-abfb-4644-90f8-e88a5d7a6a3d","session-135","/products/engwe-engine-x","7af16635-825a-4282-bdd7-8d7c07c0184a","""2025-11-16T06:29:06.057Z"""
"b14dfdd5-199b-4f87-a01d-f4ccec7a85d9","session-327","/products/engwe-engine-x","7af16635-825a-4282-bdd7-8d7c07c0184a","""2025-11-04T22:59:03.527Z"""
"7d669ee8-0595-4b87-b50d-ad589e2dfd92","session-32","/products/engwe-engine-x",,"""2025-11-23T20:04:00.224Z"""
"7f9b5f7d-efd9-4003-9512-5bbc46458046","session-302","/","7af16635-825a-4282-bdd7-8d7c07c0184a","""2025-11-12T08:06:55.881Z"""
"66be15fb-2c25-4a8d-b9ab-bd169434e3b3","session-383","/cart","7af16635-825a-4282-bdd7-8d7c07c0184a","""2025-11-09T01:10:41.098Z"""
"1369400e-7f35-4535-aef6-0a114ff32ba9","session-76","/products/engwe-engine-x",,"""2025-11-08T10:10:00.204Z"""
"8ec25a11-158d-482d-95e5-58335b3e02c9","session-279","/products/engwe-engine-x","7af16635-825a-4282-bdd7-8d7c07c0184a","""2025-11-28T07:13:45.640Z"""
"f2d55363-80f3-433f-ac9a-18da995a0ffa","session-73","/products/engwe-engine-x",,"""2025-11-06T14:27:58.541Z"""
"4995db4b-31c4-4ba8-a534-436547b0c717","session-397","/","7af16635-825a-4282-bdd7-8d7c07c0184a","""2025-12-02T01:24:02.628Z"""
"16239f7c-9d57-4741-85d5-6665c368f5d7","session-452","/shop","7af16635-825a-4282-bdd7-8d7c07c0184a","""2025-11-30T20:23:54.626Z"""
"f6838a86-3293-4acb-87b8-9bd6415696e2","session-61","/products/engwe-engine-x",,"""2025-11-28T02:19:59.895Z"""
"1c07d21b-969a-460a-9940-a2bd380a1b13","session-347","/",,"""2025-11-17T18:59:24.973Z"""
"c7ee935f-1b08-4dda-981c-f9dcbb5ed457","session-486","/shop","7af16635-825a-4282-bdd7-8d7c07c0184a","""2025-11-09T15:01:33.029Z"""
"f5c0b8a4-a4db-4909-974f-adab31f98f48","session-129","/products/engwe-engine-x",,"""2025-11-24T17:08:50.935Z"""
"2b9a30ef-c029-45f7-9be4-e6cf54948804","session-220","/","7af16635-825a-4282-bdd7-8d7c07c0184a","""2025-11-24T11:53:09.383Z"""
"4908a803-d0bb-494e-9a2d-2b655ff53b4e","session-52","/products/engwe-engine-x",,"""2025-11-25T07:19:05.075Z"""
"f5aab97b-c8d5-42d0-aeea-bf80739f82e6","session-9","/products/engwe-engine-x","7af16635-825a-4282-bdd7-8d7c07c0184a","""2025-11-30T08:52:21.711Z"""
"75245f9f-12ae-4aac-9d6f-e8f316964d44","session-43","/shop","7af16635-825a-4282-bdd7-8d7c07c0184a","""2025-11-03T16:12:57.313Z"""
"ca36fed2-2add-4277-b10f-0487be502934","session-228","/","7af16635-825a-4282-bdd7-8d7c07c0184a","""2025-11-11T14:11:50.807Z"""
"43f18227-e7db-4e35-9760-14c48f061bec","session-42","/shop",,"""2025-11-11T20:39:47.894Z"""
"20ba1f55-475a-4a72-8c82-8450cad496c7","session-172","/shop","7af16635-825a-4282-bdd7-8d7c07c0184a","""2025-11-19T20:58:42.176Z"""
"9d9e54f1-b9f8-48f4-a970-801e222c1dd7","session-473","/",,"""2025-11-29T02:28:29.746Z"""
"cd1eb0f8-7e82-436a-8da8-155689143d44","session-265","/cart",,"""2025-12-02T03:04:42.894Z"""
"07793848-175c-4be4-9027-2f865ba41f5e","session-339","/products/engwe-engine-x",,"""2025-11-09T07:54:07.123Z"""
"2976b49b-9765-4fbd-b78b-2f1cf05e71cf","session-65","/","7af16635-825a-4282-bdd7-8d7c07c0184a","""2025-11-10T20:28:04.401Z"""
"261e5f21-a198-4872-acd9-8e9c9738fbf8","session-495","/shop",,"""2025-11-21T06:26:13.058Z"""
"4fbd59cd-4ae0-47b3-9dc5-e6b25045b0b9","session-321","/cart","7af16635-825a-4282-bdd7-8d7c07c0184a","""2025-11-29T12:28:40.643Z"""
"3ed3f622-b0e2-4a1c-9a12-eac0fc7a0bb1","session-458","/","7af16635-825a-4282-bdd7-8d7c07c0184a","""2025-11-16T22:10:13.619Z"""
"9159e025-d5dd-4ad5-bac8-144b635fc322","session-201","/shop",,"""2025-11-29T10:48:23.570Z"""
"86f7f165-d45e-4faa-b48a-d766ff65c2dd","session-157","/","7af16635-825a-4282-bdd7-8d7c07c0184a","""2025-11-29T20:09:43.739Z"""
"bfb18349-30bf-4156-afbf-c5c47f14065c","session-337","/cart","7af16635-825a-4282-bdd7-8d7c07c0184a","""2025-11-14T11:52:54.147Z"""
"35f05edd-c564-441b-bc4e-cd06e26b3ac5","session-267","/","7af16635-825a-4282-bdd7-8d7c07c0184a","""2025-11-03T05:38:30.614Z"""
"33a34eb7-380e-4ab1-a9fd-bdc6afa921d0","session-193","/products/engwe-engine-x",,"""2025-11-23T17:51:55.021Z"""
"9b7646d3-e625-43f8-9340-f93169e3effe","session-304","/cart","7af16635-825a-4282-bdd7-8d7c07c0184a","""2025-11-03T22:24:35.461Z"""
"bdedeef7-a4d6-47f6-b865-bcba2134e924","session-113","/","7af16635-825a-4282-bdd7-8d7c07c0184a","""2025-11-15T08:30:41.255Z"""
"0733155a-7487-452a-970b-1205a8763a93","session-169","/shop",,"""2025-11-08T18:42:40.153Z"""
"323b8f6b-b412-40c3-8af4-53ff29417841","session-22","/shop",,"""2025-11-07T14:36:52.471Z"""
"5bb86f33-3a9f-48e7-a43e-60694c4c69df","session-42","/shop","7af16635-825a-4282-bdd7-8d7c07c0184a","""2025-11-13T09:28:41.239Z"""
"a60de298-f3cc-4b8f-b326-a900f57867fb","session-207","/shop",,"""2025-11-13T21:06:28.089Z"""
"dd9147b0-ba8d-4b63-9c4a-f3eda42f7983","session-246","/cart",,"""2025-11-03T05:52:20.818Z"""
"d87dd04f-9369-44fc-b702-89613e4047cd","session-59","/products/engwe-engine-x",,"""2025-11-09T02:02:10.287Z"""
"d52c0358-48d8-40de-9595-b0192eaa4706","session-356","/products/engwe-engine-x",,"""2025-11-11T03:02:49.282Z"""
"8f13c065-ec1c-4186-a4de-ba78f414f9c3","session-494","/",,"""2025-11-07T05:05:31.248Z"""
"ebdafad3-be29-4101-ae7c-9a4ab3bac95a","session-23","/shop",,"""2025-11-29T06:44:35.466Z"""
"2cee6123-e2f1-40b3-860e-1c5ea95a50a7","session-303","/products/engwe-engine-x","7af16635-825a-4282-bdd7-8d7c07c0184a","""2025-12-01T02:36:11.464Z"""
"fc667d14-1b58-4107-9ab1-c631dc34ed6f","session-1","/cart","7af16635-825a-4282-bdd7-8d7c07c0184a","""2025-11-10T08:03:56.108Z"""
"1f83a983-2d61-4318-8550-5ca8e72b6c5e","session-115","/",,"""2025-11-18T22:17:04.798Z"""
"c8e921e3-363b-40fa-a139-66ae5d83b16f","session-390","/","7af16635-825a-4282-bdd7-8d7c07c0184a","""2025-11-15T05:08:51.145Z"""
"129d89da-3714-4317-a7e2-c65a4311bef3","session-322","/products/engwe-engine-x",,"""2025-11-17T22:56:47.458Z"""
"e9b7032f-ab3f-4129-bd54-17bf05e93144","session-397","/shop","7af16635-825a-4282-bdd7-8d7c07c0184a","""2025-11-09T16:09:52.031Z"""
"8542d44c-ad23-47f7-9f2b-2b7d7cd5db25","session-288","/products/engwe-engine-x","7af16635-825a-4282-bdd7-8d7c07c0184a","""2025-11-16T16:33:42.286Z"""
"e46450b2-6b8e-4746-b56b-f6926175cfdd","session-37","/shop",,"""2025-11-04T09:55:12.136Z"""
"85d84fb9-573f-4fb8-931c-8173f5a6d2e7","session-175","/","7af16635-825a-4282-bdd7-8d7c07c0184a","""2025-11-20T00:47:09.774Z"""
"6373ad36-cb5c-45cf-ac03-d43c419f8bd5","session-462","/products/engwe-engine-x","7af16635-825a-4282-bdd7-8d7c07c0184a","""2025-11-24T12:13:56.700Z"""
"6314c4a9-15f0-4c81-bb69-13618c88597a","session-82","/cart","7af16635-825a-4282-bdd7-8d7c07c0184a","""2025-11-26T13:54:04.673Z"""
"b91fa5ca-168e-4a7c-9aab-ad79c014dcf2","session-254","/cart","7af16635-825a-4282-bdd7-8d7c07c0184a","""2025-11-10T21:04:53.134Z"""
"569b4175-a0c3-4641-8cf0-e27c15a3bf66","session-104","/cart","7af16635-825a-4282-bdd7-8d7c07c0184a","""2025-12-01T15:07:15.509Z"""
"c9851571-4e97-4038-8851-b5db23900663","session-339","/","7af16635-825a-4282-bdd7-8d7c07c0184a","""2025-12-01T09:55:12.123Z"""
"35d77f80-0fe6-41c2-9ce3-2d557d38221f","session-211","/cart","7af16635-825a-4282-bdd7-8d7c07c0184a","""2025-11-22T22:25:07.684Z"""
"6d427d60-84a9-4e6c-b21b-d365b336f159","session-460","/products/engwe-engine-x","7af16635-825a-4282-bdd7-8d7c07c0184a","""2025-11-12T11:13:14.993Z"""
"3e94722e-0d93-4a17-bedd-69fbbe5b75ff","session-249","/shop",,"""2025-11-11T08:19:07.103Z"""
"e723432f-6a17-4da5-a5cf-d7b6228a936c","session-21","/shop","7af16635-825a-4282-bdd7-8d7c07c0184a","""2025-11-18T00:17:49.681Z"""
"76c56ab2-1ba0-4814-be5c-b1433855be8e","session-15","/products/engwe-engine-x",,"""2025-11-06T06:38:50.188Z"""
"2d8f059f-9575-4ac5-8aae-adbde6d342e2","session-341","/cart","7af16635-825a-4282-bdd7-8d7c07c0184a","""2025-11-04T02:33:19.553Z"""
"b8e25481-57ed-4eb6-973d-906b9dbdf0f5","session-361","/cart","7af16635-825a-4282-bdd7-8d7c07c0184a","""2025-11-23T02:35:23.804Z"""
"680d6a66-ca03-4943-b984-e64246184293","session-429","/shop",,"""2025-11-17T04:03:15.484Z"""
"3ec8ddb8-04d2-44b1-b348-e1829e81c062","session-195","/",,"""2025-11-03T09:48:12.890Z"""
"18e363ac-0146-4114-a8f9-b83cd1d75ca3","session-10","/shop",,"""2025-11-08T11:55:49.696Z"""
"6e7a3fd2-aa91-447f-9a8e-0fdc89462715","session-192","/shop","7af16635-825a-4282-bdd7-8d7c07c0184a","""2025-11-17T18:10:05.119Z"""
"04eb8ffe-bf52-40a4-bdd6-a12552397f44","session-324","/",,"""2025-11-07T06:23:33.395Z"""
"7e3b5c85-8bd9-4cce-b6e1-373a1b3948df","session-179","/shop","7af16635-825a-4282-bdd7-8d7c07c0184a","""2025-11-15T07:19:56.979Z"""
"40dc547c-bc48-4f23-bb88-18203464912a","session-212","/products/engwe-engine-x",,"""2025-11-22T18:56:05.236Z"""
"c7f73221-5414-4776-88ee-4c0a4d4fcb62","session-69","/products/engwe-engine-x","7af16635-825a-4282-bdd7-8d7c07c0184a","""2025-11-17T15:49:24.237Z"""
"9448b18d-324a-45d1-8818-03fac3a3254c","session-295","/products/engwe-engine-x","7af16635-825a-4282-bdd7-8d7c07c0184a","""2025-11-27T20:48:09.488Z"""
"73279058-152e-4fa1-b45f-7b702ebd668f","session-307","/","7af16635-825a-4282-bdd7-8d7c07c0184a","""2025-11-13T16:27:32.754Z"""
"5368247f-2bcf-401c-9288-afe11259faaa","session-172","/products/engwe-engine-x","7af16635-825a-4282-bdd7-8d7c07c0184a","""2025-11-04T17:14:13.490Z"""
"245230d9-6544-4739-aa30-17a787c0d723","session-106","/","7af16635-825a-4282-bdd7-8d7c07c0184a","""2025-11-16T05:29:58.565Z"""
"034767a0-bee6-4ad7-ae95-f2c499552f06","session-119","/products/engwe-engine-x","7af16635-825a-4282-bdd7-8d7c07c0184a","""2025-11-20T18:54:34.409Z"""
"e3676fe8-2a68-4c95-9667-dd4fb837f43f","session-71","/products/engwe-engine-x","7af16635-825a-4282-bdd7-8d7c07c0184a","""2025-11-08T21:44:48.212Z"""
"d3b11fcc-c539-4729-a54d-f67c5bc05024","session-457","/cart","7af16635-825a-4282-bdd7-8d7c07c0184a","""2025-11-17T01:31:58.197Z"""
"bb86b948-f5da-487f-894e-6ca84b7d31a3","session-192","/shop",,"""2025-12-01T11:57:27.568Z"""
"1d48cd23-c4af-45fc-b325-8ae9e13eeeb0","session-454","/products/engwe-engine-x",,"""2025-11-20T14:43:06.628Z"""
"48393692-2725-40b4-9824-2825071e9a0b","session-244","/products/engwe-engine-x","7af16635-825a-4282-bdd7-8d7c07c0184a","""2025-12-01T16:20:39.724Z"""
"1f9638a0-f0cc-4d03-8fb7-8f7448280343","session-61","/shop","7af16635-825a-4282-bdd7-8d7c07c0184a","""2025-11-04T18:29:48.274Z"""
"0a0b0fc8-9ae1-4cfe-87ff-d078b5f8762d","session-273","/shop","7af16635-825a-4282-bdd7-8d7c07c0184a","""2025-11-06T21:23:36.741Z"""
"4b4c3f8a-4623-4f4c-a581-e95db0b8f371","session-248","/",,"""2025-12-02T19:20:40.232Z"""
"e5946865-579a-454c-8725-5642b3dc40f5","session-51","/","7af16635-825a-4282-bdd7-8d7c07c0184a","""2025-12-01T03:49:27.444Z"""
"bfa31c5d-ad17-44f2-964b-dd32071baa10","session-353","/shop",,"""2025-11-23T00:38:16.376Z"""
"fceec198-3217-42aa-aa41-b4fe7a4898e6","session-441","/cart",,"""2025-11-04T06:10:08.480Z"""
"1b0f5fba-483c-43a7-afcc-ba0170f06b8a","session-10","/cart","7af16635-825a-4282-bdd7-8d7c07c0184a","""2025-11-10T05:22:27.022Z"""
"80ec8584-1db3-4a18-99dc-d011348a6202","session-384","/",,"""2025-11-10T20:16:55.840Z"""
"93a8cb2a-c8e9-41c7-88cd-92807023c46c","session-62","/",,"""2025-11-28T20:26:07.927Z"""
"832a0997-ddfc-4e99-bde9-c080ccb10418","session-175","/products/engwe-engine-x",,"""2025-11-03T17:29:32.384Z"""
"8eb76efa-9dc6-402b-a29d-f144a6eb51a1","session-11","/cart","7af16635-825a-4282-bdd7-8d7c07c0184a","""2025-11-28T04:38:30.681Z"""
"5a8ec6e2-e910-4721-bcb6-6838da59cf39","session-308","/cart","7af16635-825a-4282-bdd7-8d7c07c0184a","""2025-11-25T01:07:10.668Z"""
"956d0650-8e07-4982-9bbf-3677ae3f02e0","session-87","/shop","7af16635-825a-4282-bdd7-8d7c07c0184a","""2025-11-09T01:30:04.445Z"""
"93209200-9dff-4c8c-9cd5-cb5a5b139e68","session-5","/products/engwe-engine-x","7af16635-825a-4282-bdd7-8d7c07c0184a","""2025-11-07T16:25:04.457Z"""
"a2f005a0-d011-46fd-81e4-bd9bc3afec63","session-386","/shop","7af16635-825a-4282-bdd7-8d7c07c0184a","""2025-11-10T17:32:41.873Z"""
"605e22e5-3c5c-4882-b904-f502f8911f66","session-350","/products/engwe-engine-x",,"""2025-11-07T05:50:59.774Z"""
"bba07fc0-d9f3-43e5-bfaf-69a79ff6c107","session-364","/shop","7af16635-825a-4282-bdd7-8d7c07c0184a","""2025-11-08T05:34:50.101Z"""
"5edf260c-6fa1-4941-b4a5-22f72d1d1ea3","session-237","/cart","7af16635-825a-4282-bdd7-8d7c07c0184a","""2025-11-25T21:13:26.899Z"""
"818ba91e-77ab-4ade-ac95-84e7de75350a","session-128","/shop","7af16635-825a-4282-bdd7-8d7c07c0184a","""2025-11-17T09:21:12.547Z"""
"b4ae8576-f5fc-49df-915a-7e863c2b8b5b","session-417","/shop",,"""2025-11-17T11:29:47.619Z"""
"16e01ffa-c912-4a21-9043-4fc6861b9728","session-48","/cart",,"""2025-11-08T15:17:34.791Z"""
"edfcd79e-adf7-451e-914b-6b2caf97322c","session-238","/","7af16635-825a-4282-bdd7-8d7c07c0184a","""2025-11-30T16:55:03.631Z"""
"669377c5-6d2b-4037-88d7-27e507f78f46","session-449","/products/engwe-engine-x","7af16635-825a-4282-bdd7-8d7c07c0184a","""2025-11-24T16:53:14.347Z"""
"f1e5faa6-205d-4bb7-8641-487271941fdf","session-274","/",,"""2025-11-16T14:10:34.677Z"""
"709ac1bf-4af2-4604-9134-8c87b6ddd7ff","session-354","/",,"""2025-11-21T22:34:23.618Z"""
"37da8ec9-974e-472e-9a2d-8230bb365dee","session-322","/shop","7af16635-825a-4282-bdd7-8d7c07c0184a","""2025-11-25T04:43:13.723Z"""
"093abde0-dac1-4dc9-b382-4eaa79668c3a","session-266","/",,"""2025-11-28T13:59:24.392Z"""
"b2c58236-729f-4ce6-9644-9bcb3eb5efef","session-288","/","7af16635-825a-4282-bdd7-8d7c07c0184a","""2025-11-12T10:39:32.539Z"""
"0f3cfa08-720d-4271-8381-dfc681ececbe","session-26","/cart","7af16635-825a-4282-bdd7-8d7c07c0184a","""2025-11-24T10:42:42.951Z"""
"163b2aa1-e04d-4ab6-93b7-a5250b2486c4","session-100","/products/engwe-engine-x","7af16635-825a-4282-bdd7-8d7c07c0184a","""2025-11-17T00:41:53.606Z"""
"7912e353-98c7-4a38-a2c0-e1230a8d05bb","session-198","/shop",,"""2025-11-26T15:54:18.340Z"""
"cb81b2f5-fd8d-4d14-90d9-02cd8f5e864d","session-73","/","7af16635-825a-4282-bdd7-8d7c07c0184a","""2025-11-03T16:41:37.632Z"""
"e46fe0a7-c44f-4ab4-953c-177aec261da7","session-478","/",,"""2025-11-10T13:57:35.829Z"""
"e41ae6de-3378-4ad7-bf97-94de6458b4ff","session-312","/cart",,"""2025-11-09T11:09:20.001Z"""
"f1528720-ae43-46c6-91f6-e3d2ebcaf16e","session-237","/shop","7af16635-825a-4282-bdd7-8d7c07c0184a","""2025-11-08T08:52:54.650Z"""
"580b03c9-70e4-448d-b5b1-b855bfdc4832","session-23","/","7af16635-825a-4282-bdd7-8d7c07c0184a","""2025-11-28T13:30:50.496Z"""
"071cd6aa-bd6e-4289-a322-3031d0659a7c","session-408","/shop","7af16635-825a-4282-bdd7-8d7c07c0184a","""2025-11-29T05:17:27.061Z"""
"0f81610b-ea3d-4196-a35b-13924759ab18","session-66","/shop","7af16635-825a-4282-bdd7-8d7c07c0184a","""2025-11-12T19:30:32.450Z"""
"d07c58fe-42a0-48ea-8d0a-5cbdc1ffeeb4","session-274","/products/engwe-engine-x","7af16635-825a-4282-bdd7-8d7c07c0184a","""2025-11-24T01:23:34.349Z"""
"704ddac3-7186-4e28-9c14-500522e83b36","session-100","/shop",,"""2025-11-30T07:22:21.684Z"""
"2ab12c49-add0-4cff-9ad2-c6f005f6e3a5","session-53","/shop",,"""2025-11-23T14:33:20.020Z"""
"b09078b7-5cd8-4a57-8b61-8564200b754b","session-88","/shop",,"""2025-11-10T14:16:51.133Z"""
"149c60ce-c011-4125-94fd-7a5c6d8eb607","session-470","/shop",,"""2025-11-29T12:36:25.781Z"""
"70e9542b-fd17-40df-af33-4a6c28120dc3","session-19","/shop","7af16635-825a-4282-bdd7-8d7c07c0184a","""2025-11-18T14:25:41.103Z"""
"e0c19946-286e-45ae-b01a-271575683ac1","session-457","/shop","7af16635-825a-4282-bdd7-8d7c07c0184a","""2025-11-22T22:05:40.566Z"""
"b6e0e0c2-4c10-498a-a59a-3b2a7b548137","session-345","/shop","7af16635-825a-4282-bdd7-8d7c07c0184a","""2025-11-24T20:32:14.651Z"""
"1e557604-1c9e-40f1-8745-9da746144acf","session-290","/shop","7af16635-825a-4282-bdd7-8d7c07c0184a","""2025-11-16T10:43:41.088Z"""
"f65b3e95-0d6b-479d-afdb-738b4092ec4e","session-267","/cart",,"""2025-12-02T17:39:46.568Z"""
"fb4c3c27-4152-4602-9d3f-4ca69f829ca1","session-326","/products/engwe-engine-x","7af16635-825a-4282-bdd7-8d7c07c0184a","""2025-11-19T03:13:07.862Z"""
"bbcbb339-4e8e-428d-b2a9-b8ddd078aab3","session-296","/shop",,"""2025-11-30T12:14:52.126Z"""
"0beb24f0-24f5-4e03-959d-0df24b7b2621","session-91","/","7af16635-825a-4282-bdd7-8d7c07c0184a","""2025-11-04T07:56:47.250Z"""
"ceb90529-1e01-4054-bbdb-61c18f74109f","session-235","/shop",,"""2025-11-26T09:55:05.837Z"""
"ce24ce29-4b1c-4b98-aba3-2754f6f4b589","session-162","/",,"""2025-11-06T01:22:20.830Z"""
"b3de0ee7-8817-4160-b86e-b3b34ac4ca10","session-321","/","7af16635-825a-4282-bdd7-8d7c07c0184a","""2025-11-29T19:00:35.140Z"""
"2c49da14-bb4c-4b95-b4ae-c9f9b351a345","session-309","/products/engwe-engine-x",,"""2025-11-06T16:51:47.849Z"""
"272e71d3-67ef-418c-803a-a463d2f69913","session-34","/cart",,"""2025-11-27T15:15:30.363Z"""
"d4c27e3f-b2e2-4f27-8844-a9b2642d900a","session-424","/shop","7af16635-825a-4282-bdd7-8d7c07c0184a","""2025-11-25T04:27:09.441Z"""
"bc0d5824-0b57-4bc3-84f0-de81d05ae4c3","session-225","/shop",,"""2025-11-05T03:47:36.181Z"""
"7941830f-4bd8-4c61-ad67-a71f92bf58e7","session-144","/shop","7af16635-825a-4282-bdd7-8d7c07c0184a","""2025-11-16T00:40:51.335Z"""
"7fe66d16-133d-41fb-a95d-c5c392d0c214","session-25","/products/engwe-engine-x","7af16635-825a-4282-bdd7-8d7c07c0184a","""2025-11-15T07:57:31.554Z"""
"7e29b111-f81f-4cab-844b-ea0933130251","session-434","/","7af16635-825a-4282-bdd7-8d7c07c0184a","""2025-12-01T22:24:40.481Z"""
"cf38bf53-83f8-4b31-a43d-a32bb3425628","session-289","/cart","7af16635-825a-4282-bdd7-8d7c07c0184a","""2025-11-03T22:50:03.093Z"""
"081122a8-15da-4e47-a72c-cfaba3388dfb","session-95","/products/engwe-engine-x","7af16635-825a-4282-bdd7-8d7c07c0184a","""2025-11-13T13:00:24.549Z"""
"80aef354-6de4-4343-a131-26e1a8d97010","session-162","/","7af16635-825a-4282-bdd7-8d7c07c0184a","""2025-11-08T16:13:13.325Z"""
"ce8c1d83-faf0-434c-b7c5-71f795f2d049","session-377","/products/engwe-engine-x","7af16635-825a-4282-bdd7-8d7c07c0184a","""2025-11-18T22:27:20.322Z"""
"e3ef534a-4fe2-4b3b-b495-39d18c91ee38","session-24","/shop","7af16635-825a-4282-bdd7-8d7c07c0184a","""2025-11-08T19:05:24.926Z"""
"8f11aa5a-0546-4f65-bf3e-c70918d0a11c","session-68","/cart",,"""2025-12-01T15:00:34.829Z"""
"e2212014-f85b-49bc-9b7b-00f2bccb4702","session-263","/","7af16635-825a-4282-bdd7-8d7c07c0184a","""2025-11-08T13:02:26.063Z"""
"9e7a4a89-4f93-4587-ba42-f6870c4cfc59","session-131","/","7af16635-825a-4282-bdd7-8d7c07c0184a","""2025-11-08T12:07:41.193Z"""
"52589671-daac-4062-bb79-e3d39bfd1bcc","session-245","/shop","7af16635-825a-4282-bdd7-8d7c07c0184a","""2025-11-28T06:20:59.745Z"""
"ab4b9041-65c7-4e62-b818-799ddb027da7","session-202","/products/engwe-engine-x","7af16635-825a-4282-bdd7-8d7c07c0184a","""2025-11-17T18:09:05.282Z"""
"d36c0aa4-e9ac-436f-ba32-3ed752e1673d","session-28","/products/engwe-engine-x",,"""2025-11-13T20:59:05.067Z"""
"be0f5631-65f5-49c7-83bd-e78bd9f256fb","session-46","/cart","7af16635-825a-4282-bdd7-8d7c07c0184a","""2025-11-08T10:20:43.538Z"""
"a6fa28f0-a6c5-4282-ab5d-b6943439921d","session-288","/","7af16635-825a-4282-bdd7-8d7c07c0184a","""2025-11-24T06:39:40.732Z"""
"80c66803-7572-4853-9f1f-35e5a0a0f6af","session-347","/shop","7af16635-825a-4282-bdd7-8d7c07c0184a","""2025-11-05T00:15:02.595Z"""
"77d4c11b-4c10-4f71-aa23-0065313b121c","session-16","/products/engwe-engine-x",,"""2025-11-27T16:15:47.363Z"""
"7ab7fdfd-2a14-44ce-bd31-7a4b5f7970b4","session-312","/products/engwe-engine-x","7af16635-825a-4282-bdd7-8d7c07c0184a","""2025-12-02T00:11:27.032Z"""
"82dc7e15-b2a2-47da-b345-a375806ea1b2","session-306","/",,"""2025-11-25T05:55:46.348Z"""
"f0f12fba-0fbb-4044-931c-3da3bb1c869b","session-16","/shop","7af16635-825a-4282-bdd7-8d7c07c0184a","""2025-11-23T07:22:55.126Z"""
"9a0b9108-b64d-4b86-a138-3e26d6dfd945","session-146","/products/engwe-engine-x",,"""2025-11-16T10:23:29.187Z"""
"a1502a94-fcd6-4833-ab7c-9837a16dd213","session-353","/","7af16635-825a-4282-bdd7-8d7c07c0184a","""2025-11-30T10:33:43.264Z"""
"fda6506f-06ed-4c5d-a140-7a3c26b25e73","session-155","/products/engwe-engine-x","7af16635-825a-4282-bdd7-8d7c07c0184a","""2025-11-23T16:11:09.465Z"""
"f195fa23-e14e-4dff-8d85-3cacf2277a52","session-254","/",,"""2025-11-11T13:45:18.974Z"""
"075c86dc-d7bf-4a57-a155-e16fb2adf97d","session-326","/cart","7af16635-825a-4282-bdd7-8d7c07c0184a","""2025-11-23T18:05:16.670Z"""
"039434b4-9129-4294-81b5-b3054e771bf5","session-119","/","7af16635-825a-4282-bdd7-8d7c07c0184a","""2025-11-19T22:59:00.159Z"""
"c9d6bc32-5d3a-45a8-a4cc-bfe593440bff","session-263","/","7af16635-825a-4282-bdd7-8d7c07c0184a","""2025-11-24T10:44:12.737Z"""
"0fb2cad6-b46b-4538-8f85-ce07b7dd5e66","session-228","/cart","7af16635-825a-4282-bdd7-8d7c07c0184a","""2025-11-04T06:03:18.938Z"""
"3f28ad5d-8af5-4bc8-9f73-7888a64be771","session-333","/","7af16635-825a-4282-bdd7-8d7c07c0184a","""2025-12-02T10:53:48.526Z"""
"d81e474d-cf91-4905-abbc-de4acad503b3","session-316","/","7af16635-825a-4282-bdd7-8d7c07c0184a","""2025-11-08T06:01:51.872Z"""
"aaa52d6e-c63f-473d-af93-553ecd590849","session-277","/shop","7af16635-825a-4282-bdd7-8d7c07c0184a","""2025-11-20T16:31:55.790Z"""
"5ba53018-3a91-4735-b1e0-93394abbabbd","session-292","/products/engwe-engine-x","7af16635-825a-4282-bdd7-8d7c07c0184a","""2025-11-29T09:39:46.708Z"""
"eb3c0bea-3e2d-4aa6-9bb0-0887e49448cd","session-16","/shop",,"""2025-11-12T19:27:59.995Z"""
"4bae643f-1adb-4e69-8bb5-eb044dfa4653","session-435","/","7af16635-825a-4282-bdd7-8d7c07c0184a","""2025-11-28T21:13:44.929Z"""
"fd286fc1-1cb7-43a2-86b4-7e8114e908ed","session-110","/cart",,"""2025-11-06T12:38:29.874Z"""
"ab35ddd0-4598-4f6c-9f16-5d451949d3a2","session-362","/shop","7af16635-825a-4282-bdd7-8d7c07c0184a","""2025-11-27T08:38:19.521Z"""
"843ea836-9908-4217-a12c-401be20113bf","session-385","/shop",,"""2025-11-05T10:06:48.571Z"""
"671f0588-4e76-42ba-b69f-86a7286bb504","session-242","/products/engwe-engine-x","7af16635-825a-4282-bdd7-8d7c07c0184a","""2025-11-04T19:39:02.636Z"""
"ad4d9b3c-0aa5-4efd-b15e-e25642495851","session-169","/shop","7af16635-825a-4282-bdd7-8d7c07c0184a","""2025-11-26T20:07:07.777Z"""
"8cdfcc68-1f9b-4fba-87c2-d5ad2c27fc26","session-49","/shop",,"""2025-11-20T03:59:09.725Z"""
"f3d4b212-9a84-404b-9160-da0891295259","session-79","/",,"""2025-11-18T16:39:32.650Z"""
"e9b73431-9bd7-4380-8ccb-5f4a92e2c5a3","session-34","/shop","7af16635-825a-4282-bdd7-8d7c07c0184a","""2025-11-17T02:34:10.189Z"""
"d0cc5548-90fc-4561-b156-2ac8375df5ea","session-71","/","7af16635-825a-4282-bdd7-8d7c07c0184a","""2025-11-05T16:42:59.255Z"""
"de0bb8d1-de87-4258-ac83-8baa12f5e335","session-472","/","7af16635-825a-4282-bdd7-8d7c07c0184a","""2025-11-10T12:39:53.787Z"""
"9da4412d-f890-4afb-9109-56ac062734f4","session-2","/products/engwe-engine-x",,"""2025-11-20T20:34:20.375Z"""
"e66d8857-97c4-484c-88bb-92c00ce46b61","session-328","/shop",,"""2025-11-06T02:30:56.993Z"""
"cb5fccc1-112e-406b-a5f7-de63c794b33b","session-362","/shop",,"""2025-11-29T08:29:28.396Z"""
"09afbbee-dd2e-4ee0-9c7c-c5c33495ef61","session-123","/shop",,"""2025-11-14T17:15:19.476Z"""
"d5ca3385-1f01-4ffd-9f85-f4d0f4f8c08f","session-40","/products/engwe-engine-x",,"""2025-11-19T16:23:43.872Z"""
"d36da299-2eda-437a-950b-f971e497e57e","session-499","/",,"""2025-12-01T21:06:49.099Z"""
"3d50d92e-e245-4131-a2d3-94f40771768f","session-322","/cart",,"""2025-11-27T01:42:09.390Z"""
"84c38985-b66b-4589-b291-60e654fd58c2","session-325","/products/engwe-engine-x",,"""2025-11-07T19:49:12.817Z"""
"b66870d2-fb0d-443d-bf4e-c44b109ec647","session-492","/","7af16635-825a-4282-bdd7-8d7c07c0184a","""2025-11-25T13:11:11.607Z"""
"22034b22-546b-4dea-bfe5-332689ae0dc1","session-123","/shop",,"""2025-11-05T00:48:11.195Z"""
"435febb7-0af5-4a2b-b65a-a8c5d7767bbf","session-323","/",,"""2025-11-20T02:25:36.546Z"""
"082b1f86-5cab-4a77-8496-70d7af8c8e17","session-234","/shop",,"""2025-11-10T11:28:04.506Z"""
"33f7457e-ae72-4273-a6cd-14ef76d1077c","session-148","/shop","7af16635-825a-4282-bdd7-8d7c07c0184a","""2025-11-06T11:42:13.864Z"""
"07c7a0cf-372a-40ad-98b5-70883cc345a6","session-187","/shop","7af16635-825a-4282-bdd7-8d7c07c0184a","""2025-11-08T09:39:49.746Z"""
"36f03d3f-9872-4c6f-a4fb-c218e6c875a9","session-449","/cart",,"""2025-11-13T22:34:14.913Z"""
"1b4fc7d1-838b-4153-807c-4ba93f32c702","session-317","/shop","7af16635-825a-4282-bdd7-8d7c07c0184a","""2025-11-04T15:57:47.794Z"""
"19797a81-1929-47bd-ba11-7a26f8cc176e","session-352","/products/engwe-engine-x","7af16635-825a-4282-bdd7-8d7c07c0184a","""2025-11-15T21:29:45.942Z"""
"016eadad-184d-4cf6-8e4f-d6fb5dd099a8","session-340","/cart","7af16635-825a-4282-bdd7-8d7c07c0184a","""2025-11-12T12:09:38.205Z"""
"2f70b1f4-913d-4d21-9584-0a0768054b2c","session-325","/products/engwe-engine-x","7af16635-825a-4282-bdd7-8d7c07c0184a","""2025-11-07T22:01:40.756Z"""
"5169e9ee-436e-4655-8732-dbfae1557e28","session-154","/shop","7af16635-825a-4282-bdd7-8d7c07c0184a","""2025-11-11T13:37:47.626Z"""
"a2d7256f-04d7-4c1a-92c7-ceee4ea083c5","session-96","/shop","7af16635-825a-4282-bdd7-8d7c07c0184a","""2025-11-28T08:30:36.637Z"""
"ff5f4bd9-4cca-4565-a5d4-99cdfbf925c4","session-281","/",,"""2025-11-12T20:34:58.967Z"""
"e48badba-d3e5-413d-909d-659b503cc804","session-480","/","7af16635-825a-4282-bdd7-8d7c07c0184a","""2025-11-14T18:29:08.553Z"""
"a4227f9b-3573-4f3d-a14e-a4a28286df9e","session-385","/",,"""2025-11-30T11:29:19.678Z"""
"e50bb358-cf2d-4ef0-917c-da68abe65425","session-25","/shop",,"""2025-11-30T16:08:58.644Z"""
"304f2889-598a-42c8-ac21-66bfb4bbd393","session-446","/shop","7af16635-825a-4282-bdd7-8d7c07c0184a","""2025-12-02T13:21:22.203Z"""
"b75ca97d-de03-4af6-be8b-c372efb179e3","session-499","/","7af16635-825a-4282-bdd7-8d7c07c0184a","""2025-11-21T02:11:37.957Z"""
"1ff04fdf-e3c5-4173-91f5-9a46ffad3c42","session-318","/products/engwe-engine-x","7af16635-825a-4282-bdd7-8d7c07c0184a","""2025-11-29T05:13:26.351Z"""
"3212c3cc-11b0-4231-ba89-b456190d78af","session-137","/",,"""2025-11-13T08:44:42.389Z"""
"cce670a7-12d6-43a1-9f58-f4d66131d6e5","session-69","/","7af16635-825a-4282-bdd7-8d7c07c0184a","""2025-11-21T14:11:58.046Z"""
"eb9248b2-fb4c-4e11-87c8-0b1f0df80fbc","session-223","/","7af16635-825a-4282-bdd7-8d7c07c0184a","""2025-11-27T09:42:39.985Z"""
"b6a13468-7136-4f0e-869f-786f58cd6bb2","session-33","/products/engwe-engine-x","7af16635-825a-4282-bdd7-8d7c07c0184a","""2025-11-24T22:47:55.157Z"""
"699f93fb-8559-4b76-b04d-6580ae7917ac","session-407","/shop","7af16635-825a-4282-bdd7-8d7c07c0184a","""2025-11-24T19:42:14.661Z"""
"e75c8eec-f005-4f1c-a9a5-d746611e890b","session-339","/shop","7af16635-825a-4282-bdd7-8d7c07c0184a","""2025-11-09T05:53:14.439Z"""
"e4ca3115-e9f4-4188-9d20-3410fd8501e6","session-64","/products/engwe-engine-x",,"""2025-11-21T05:24:19.736Z"""
"763a14cc-4104-48f2-9bdb-41e080eb5bfd","session-163","/cart",,"""2025-11-04T06:41:39.670Z"""
"711db938-f3c6-4e22-b056-d923d91c847d","session-128","/shop",,"""2025-11-22T02:48:01.884Z"""
"ec5badbf-277c-4558-869d-0c69d0b50b8f","session-48","/shop","7af16635-825a-4282-bdd7-8d7c07c0184a","""2025-11-12T19:25:51.854Z"""
"4b0bea15-1ed8-42d6-a9f9-154f4d5bb2d9","session-6","/products/engwe-engine-x","7af16635-825a-4282-bdd7-8d7c07c0184a","""2025-11-09T13:53:21.382Z"""
"063b8673-f8e5-4c10-844f-55500da7a079","session-164","/cart","7af16635-825a-4282-bdd7-8d7c07c0184a","""2025-11-10T16:43:46.269Z"""
"e36c85d5-4584-416b-9b63-c1a3142b5f8f","session-226","/","7af16635-825a-4282-bdd7-8d7c07c0184a","""2025-12-01T03:50:35.912Z"""
"220383de-9574-468e-8041-e2dbef6b6da7","session-327","/cart","7af16635-825a-4282-bdd7-8d7c07c0184a","""2025-11-17T11:38:56.500Z"""
"8dc062c4-4875-46f9-813d-806876bf6ba4","session-302","/","7af16635-825a-4282-bdd7-8d7c07c0184a","""2025-11-28T08:08:11.021Z"""
"f0cbd28a-ac36-4542-8103-3fde217e4456","session-297","/cart","7af16635-825a-4282-bdd7-8d7c07c0184a","""2025-11-15T14:26:11.483Z"""
"4cd65ff5-1303-4d27-a187-2ae442303567","session-73","/cart","7af16635-825a-4282-bdd7-8d7c07c0184a","""2025-11-21T04:30:16.242Z"""
"0a3cc957-1580-44e9-bad7-ea5dfd8987b5","session-83","/products/engwe-engine-x",,"""2025-11-25T20:29:40.731Z"""
"a1626d74-86dc-4af4-8916-f5c6446aeccf","session-388","/","7af16635-825a-4282-bdd7-8d7c07c0184a","""2025-11-06T18:19:16.001Z"""
"e5f9a16c-a92b-4879-b1f9-e1307f358031","session-149","/","7af16635-825a-4282-bdd7-8d7c07c0184a","""2025-11-20T02:34:09.478Z"""
"bc4f23ea-19af-434b-8e48-d270c343997a","session-243","/shop","7af16635-825a-4282-bdd7-8d7c07c0184a","""2025-11-29T19:16:00.121Z"""
"731de669-647b-4566-bdf5-c7ccfc497177","session-417","/products/engwe-engine-x",,"""2025-11-18T02:09:40.029Z"""
"2e4e8054-35e7-42c4-82cb-aa71b158d2af","session-488","/shop",,"""2025-11-06T04:51:05.627Z"""
"cb8fa242-08e5-4691-afd2-bf4c6a6f0848","session-128","/","7af16635-825a-4282-bdd7-8d7c07c0184a","""2025-11-06T10:19:43.719Z"""
"d4ea2501-13e3-4237-b5d7-2db247956a03","session-221","/shop","7af16635-825a-4282-bdd7-8d7c07c0184a","""2025-11-23T20:45:28.570Z"""
"cce5a2cd-669a-4314-891c-5ec4ba492aa2","session-440","/products/engwe-engine-x","7af16635-825a-4282-bdd7-8d7c07c0184a","""2025-11-08T22:55:05.221Z"""
"0d0137c9-43ee-4ed9-ad46-65b2bc82ac41","session-237","/products/engwe-engine-x","7af16635-825a-4282-bdd7-8d7c07c0184a","""2025-11-13T10:58:34.863Z"""
"09cd0856-4d79-46fe-8f7a-ae016b9b521b","session-117","/shop",,"""2025-11-20T13:45:10.820Z"""
"37d1ad17-7937-40cf-b940-206792c50106","session-97","/shop","7af16635-825a-4282-bdd7-8d7c07c0184a","""2025-11-16T16:30:45.974Z"""
"ca4ae5df-99eb-4d12-8904-9b23df609ced","session-367","/","7af16635-825a-4282-bdd7-8d7c07c0184a","""2025-11-07T18:15:58.396Z"""
"86d1c3b7-5f0c-490e-bf71-59670dfeaa29","session-328","/","7af16635-825a-4282-bdd7-8d7c07c0184a","""2025-11-15T03:15:05.372Z"""
"ed563f75-9126-46d3-8b13-acaf1312e0ca","session-495","/shop","7af16635-825a-4282-bdd7-8d7c07c0184a","""2025-11-26T02:02:45.272Z"""
"56fcb65e-4af3-4981-8939-7bd90a718bdf","session-271","/products/engwe-engine-x",,"""2025-12-01T22:09:13.161Z"""
"bada07c5-f480-43e6-88d7-ade3c97919bb","session-92","/","7af16635-825a-4282-bdd7-8d7c07c0184a","""2025-11-04T04:43:18.292Z"""
"c2c3ffa7-e81b-4d8d-bf9f-2b8fa7ee9035","session-460","/shop",,"""2025-11-10T04:10:09.487Z"""
"8279d17a-1e8f-4403-a646-2d3a2b9a35be","session-441","/products/engwe-engine-x","7af16635-825a-4282-bdd7-8d7c07c0184a","""2025-11-15T20:37:45.506Z"""
"fea6d094-4226-4946-919b-7273b51f4fe7","session-143","/","7af16635-825a-4282-bdd7-8d7c07c0184a","""2025-11-21T04:38:58.030Z"""
"5e053c67-0758-470e-a33d-76df3a17124a","session-41","/shop",,"""2025-12-01T01:47:20.629Z"""
"86c7e67a-ca21-4c93-98e8-0690a0cae428","session-394","/","7af16635-825a-4282-bdd7-8d7c07c0184a","""2025-11-04T12:30:41.113Z"""
"d934851d-c2c0-4494-b30c-594157b98265","session-422","/shop","7af16635-825a-4282-bdd7-8d7c07c0184a","""2025-11-17T10:57:44.059Z"""
"3c2bb945-0888-4c66-8e52-df0c6e54fce3","session-300","/cart",,"""2025-11-03T18:37:16.764Z"""
"f7f3f4d0-381b-405b-9dcd-98ad01906e0b","session-263","/","7af16635-825a-4282-bdd7-8d7c07c0184a","""2025-11-23T19:16:30.402Z"""
"18f91df5-a268-4b1e-9d4b-6340569bb047","session-239","/shop","7af16635-825a-4282-bdd7-8d7c07c0184a","""2025-11-10T21:36:36.741Z"""
"53fe9175-3438-4838-987b-1f9cacd1c375","session-320","/",,"""2025-11-24T10:44:16.450Z"""
"71aeb4de-5928-48c6-8c7e-bc626fc6bc10","session-460","/","7af16635-825a-4282-bdd7-8d7c07c0184a","""2025-11-03T16:12:16.636Z"""
"9175f13a-f6ae-4f52-b2f3-a03ed01ec859","session-379","/shop","7af16635-825a-4282-bdd7-8d7c07c0184a","""2025-11-05T13:25:46.117Z"""
"c7978ebc-177f-4377-9b21-848e5f264acb","session-31","/shop","7af16635-825a-4282-bdd7-8d7c07c0184a","""2025-11-15T20:34:46.944Z"""
"31fed70b-218f-4af2-9cf1-a9195dac132d","session-356","/cart","7af16635-825a-4282-bdd7-8d7c07c0184a","""2025-11-10T09:08:14.110Z"""
"6051f044-a565-4383-804a-69fc753aa112","session-494","/products/engwe-engine-x",,"""2025-11-17T17:23:15.064Z"""
"4bf19d11-0846-4938-82d6-c911645060a0","session-65","/products/engwe-engine-x",,"""2025-11-16T00:51:35.633Z"""
"aac79ccf-d0a5-460e-808c-934a9cf41aa8","session-176","/products/engwe-engine-x",,"""2025-11-27T10:19:37.760Z"""
"99937059-3803-4307-aeec-a8f07ce0106e","session-20","/cart","7af16635-825a-4282-bdd7-8d7c07c0184a","""2025-11-28T22:41:47.501Z"""
"2a843b0b-aad5-447d-a798-2c84b1ad4a28","session-77","/","7af16635-825a-4282-bdd7-8d7c07c0184a","""2025-11-14T15:53:11.068Z"""
"2dc28546-a618-41fd-b2e6-e57478fa6472","session-214","/products/engwe-engine-x","7af16635-825a-4282-bdd7-8d7c07c0184a","""2025-12-01T15:51:16.661Z"""
"13163de7-57a5-43aa-b7c9-eec84eb90e21","session-89","/shop",,"""2025-11-25T06:48:49.918Z"""
"5f14bf72-68b2-41d2-9ad8-1051c14781cb","session-491","/shop",,"""2025-11-18T10:33:28.756Z"""
"b39a5533-a22f-4342-a9f8-d1fa1afa5632","session-162","/products/engwe-engine-x",,"""2025-11-23T09:59:27.738Z"""
"ad966ef2-5df5-48d3-920b-8859c7197ba0","session-318","/shop",,"""2025-12-01T11:23:18.180Z"""
"7630282f-2b67-4897-802d-4b28d02def19","session-293","/shop","7af16635-825a-4282-bdd7-8d7c07c0184a","""2025-11-06T17:53:58.584Z"""
"224f8622-d63a-478d-a659-8325871ee605","session-43","/",,"""2025-11-26T08:41:18.978Z"""
"04f12938-f7a4-418e-b5e4-c33dde426ace","session-406","/products/engwe-engine-x",,"""2025-11-05T11:17:15.783Z"""
"2e68da7c-9109-4ca0-9665-8272a02e64d4","session-46","/cart","7af16635-825a-4282-bdd7-8d7c07c0184a","""2025-11-14T11:23:28.422Z"""
"f96209c3-fb8a-464f-85a0-546de8217d95","session-55","/shop","7af16635-825a-4282-bdd7-8d7c07c0184a","""2025-12-02T01:03:41.912Z"""
"f79fc843-ed68-42a1-83ab-5c186becc021","session-110","/","7af16635-825a-4282-bdd7-8d7c07c0184a","""2025-11-08T00:55:41.667Z"""
"662c04e2-11a7-4af4-bbef-69f6381c02a0","session-221","/","7af16635-825a-4282-bdd7-8d7c07c0184a","""2025-11-22T14:54:30.343Z"""
"fd2c2ef8-7d3d-4eb4-bfce-f09f9f21e486","session-414","/shop",,"""2025-11-16T05:24:42.559Z"""
"ae5d84ca-9075-44c8-8190-42334a5c4590","session-487","/","7af16635-825a-4282-bdd7-8d7c07c0184a","""2025-11-17T09:18:24.793Z"""
"9ccf90a0-b6fb-4040-91e7-ec23c8c4f25b","session-340","/shop",,"""2025-11-18T14:15:48.984Z"""
"2dbe87b5-746d-4a5b-97df-1ecd6aa59bf2","session-65","/products/engwe-engine-x",,"""2025-11-21T14:53:17.448Z"""
"57096288-9963-4d42-bac6-c0b8c445af7f","session-232","/products/engwe-engine-x","7af16635-825a-4282-bdd7-8d7c07c0184a","""2025-11-04T01:55:13.621Z"""
"587f6032-e759-4f78-81f7-0029922d7ba0","session-208","/shop",,"""2025-11-12T03:04:53.807Z"""
"98e02515-036e-4fe3-8d23-cfa534d3b437","session-121","/",,"""2025-11-08T08:31:26.458Z"""
"f6a99dc3-5545-4dec-96d6-c1b771975031","session-422","/products/engwe-engine-x","7af16635-825a-4282-bdd7-8d7c07c0184a","""2025-11-18T17:47:15.810Z"""
"3a5ea004-de2a-4ad7-b037-30c796747552","session-3","/","7af16635-825a-4282-bdd7-8d7c07c0184a","""2025-11-04T17:43:11.399Z"""
"b2d10594-b62d-4f68-beb9-8522b0412811","session-199","/cart",,"""2025-11-16T20:56:58.672Z"""
"8044ce72-ba02-4997-a71f-354a8675386f","session-91","/products/engwe-engine-x","7af16635-825a-4282-bdd7-8d7c07c0184a","""2025-11-12T14:23:52.568Z"""
"4db72ccd-871f-4fd7-b97e-03f80fc53d5a","session-101","/products/engwe-engine-x","7af16635-825a-4282-bdd7-8d7c07c0184a","""2025-11-18T19:02:38.307Z"""
"d2f4bca5-35df-4aab-8fc2-c6d6a440e8d5","session-435","/",,"""2025-12-01T03:28:11.570Z"""
"f3184436-b1e3-4d8e-8ec8-e4a400ca3923","session-249","/shop","7af16635-825a-4282-bdd7-8d7c07c0184a","""2025-11-26T22:26:23.505Z"""
"5d6f8039-cb82-4aee-b39d-b23ab5de641b","session-385","/shop",,"""2025-11-29T20:10:20.830Z"""
"2b3b6fae-d390-4699-b241-220f22ba5c8a","session-186","/products/engwe-engine-x","7af16635-825a-4282-bdd7-8d7c07c0184a","""2025-11-19T04:14:13.859Z"""
"eb68be1e-f727-45d3-a715-b142d5f075a7","session-339","/shop",,"""2025-11-21T06:16:38.437Z"""
"8133b000-bc2b-4cc6-86d2-b7667008023a","session-72","/shop",,"""2025-11-17T04:48:42.693Z"""
"12c6e652-cb02-476f-b812-631297d06190","session-122","/shop",,"""2025-11-24T13:26:15.890Z"""
"db0be843-9142-4345-bada-a38ac2da5bcf","session-216","/products/engwe-engine-x","7af16635-825a-4282-bdd7-8d7c07c0184a","""2025-11-05T21:51:55.609Z"""
"1b41eb9f-b702-4c67-81ee-25ccf6ba3cb4","session-147","/",,"""2025-11-13T04:14:32.989Z"""
"812bfd22-2168-4c20-a46f-760c0fff473d","session-409","/products/engwe-engine-x","7af16635-825a-4282-bdd7-8d7c07c0184a","""2025-11-09T02:36:06.261Z"""
"724b4396-3d70-451b-9a58-85a0613096c7","session-254","/","7af16635-825a-4282-bdd7-8d7c07c0184a","""2025-11-05T00:58:02.936Z"""
"a1808a96-83d3-4df6-9e6a-a7cd5b4bcfd9","session-449","/shop",,"""2025-11-07T12:37:10.922Z"""
"c86f651e-3a52-498a-8ee1-67556026a2dd","session-171","/cart","7af16635-825a-4282-bdd7-8d7c07c0184a","""2025-11-26T04:06:15.135Z"""
"6b68cb3a-47d5-4a5c-a97b-007fd08a4f07","session-192","/","7af16635-825a-4282-bdd7-8d7c07c0184a","""2025-11-05T17:24:07.532Z"""
"203d91ef-8e20-4405-b1ec-af320dc19cdb","session-429","/","7af16635-825a-4282-bdd7-8d7c07c0184a","""2025-11-26T17:01:30.789Z"""
"60323a8a-29f6-45c5-8eef-af8f3cfc10d4","session-194","/cart",,"""2025-11-17T04:32:33.837Z"""
"533a7703-6e97-40a1-b351-4a88c0bbb7f9","session-256","/","7af16635-825a-4282-bdd7-8d7c07c0184a","""2025-11-21T19:48:11.750Z"""
"90352621-2d42-45b2-82e4-4ff9f5599a38","session-497","/cart","7af16635-825a-4282-bdd7-8d7c07c0184a","""2025-11-06T21:08:34.074Z"""
"40afecf0-5f57-46cf-b9b0-587fb2d29e33","session-146","/",,"""2025-11-28T08:10:20.467Z"""
"0a954e49-c6ba-4b1a-93ee-e167d56aeec4","session-29","/cart","7af16635-825a-4282-bdd7-8d7c07c0184a","""2025-11-26T21:02:58.527Z"""
"ca8ea366-e429-4853-9745-eeb3904e0395","session-280","/shop","7af16635-825a-4282-bdd7-8d7c07c0184a","""2025-12-01T04:05:03.325Z"""
"d3953899-7ff5-4df7-a480-66353e880f74","session-262","/","7af16635-825a-4282-bdd7-8d7c07c0184a","""2025-11-18T03:35:36.735Z"""
"2eed3f84-b333-4515-bca7-cc1fb131a6e4","session-228","/products/engwe-engine-x","7af16635-825a-4282-bdd7-8d7c07c0184a","""2025-11-07T15:26:09.433Z"""
"4992a9c4-74ff-49d2-bd50-937f7b48638d","session-446","/products/engwe-engine-x",,"""2025-11-18T14:40:53.214Z"""
"a29456e9-232d-47a0-a34d-ca9efb54e7de","session-14","/","7af16635-825a-4282-bdd7-8d7c07c0184a","""2025-11-28T07:26:14.182Z"""
"60d4ff93-0117-4c58-a2a7-15bc9962f0cf","session-217","/cart","7af16635-825a-4282-bdd7-8d7c07c0184a","""2025-11-19T10:06:00.058Z"""
"b8180b54-4c1e-4627-9715-3e245cf1f7d0","session-459","/",,"""2025-11-15T09:02:21.281Z"""
"143654ab-7b5c-4e01-ace0-397f4d5387d2","session-318","/shop",,"""2025-11-13T07:53:14.589Z"""
"70dc1718-c87d-4ff7-b928-446faf17049a","session-56","/",,"""2025-11-04T08:09:44.232Z"""
"41164714-d393-417b-a094-50f2da8a5e83","session-107","/","7af16635-825a-4282-bdd7-8d7c07c0184a","""2025-11-24T04:48:11.616Z"""
"ddaa1951-d4b4-40b2-940f-ff4a7c46c624","session-367","/",,"""2025-11-24T21:47:33.651Z"""
"b65f7363-b9dd-446c-9a9c-42a1cff35163","session-23","/shop","7af16635-825a-4282-bdd7-8d7c07c0184a","""2025-11-27T04:42:17.856Z"""
"c65d1762-3e06-4e7f-963c-909e5b556003","session-41","/shop","7af16635-825a-4282-bdd7-8d7c07c0184a","""2025-11-21T04:08:32.900Z"""
"d4f91fc3-df42-4f94-8e04-e7378798e80c","session-266","/shop","7af16635-825a-4282-bdd7-8d7c07c0184a","""2025-11-20T00:02:55.151Z"""
"f88e39a5-3730-4469-81cd-2f2fb973adfc","session-32","/cart",,"""2025-11-10T15:31:43.140Z"""
"c3cd1557-4a78-49c1-995a-d1933793f458","session-45","/","7af16635-825a-4282-bdd7-8d7c07c0184a","""2025-11-04T02:12:57.446Z"""
"2d2ad1da-f619-4632-824f-1e49beb4d8a9","session-37","/cart","7af16635-825a-4282-bdd7-8d7c07c0184a","""2025-11-17T00:47:20.189Z"""
"76e24bdf-d554-4e19-8620-d7a56540a151","session-170","/products/engwe-engine-x","7af16635-825a-4282-bdd7-8d7c07c0184a","""2025-11-05T04:33:44.282Z"""
"c322dc8e-b9bf-4382-94de-730faedb1b6c","session-369","/","7af16635-825a-4282-bdd7-8d7c07c0184a","""2025-11-30T16:58:25.699Z"""
"a7b7e2a7-91d2-4951-bd98-b06ebf47473f","session-112","/shop",,"""2025-11-20T02:41:14.707Z"""
"34dd074d-514f-4270-a792-6761a26b9dd6","session-106","/shop","7af16635-825a-4282-bdd7-8d7c07c0184a","""2025-11-09T16:10:45.177Z"""
"3acf4042-6245-4ce9-89c5-15e21bed317b","session-220","/shop","7af16635-825a-4282-bdd7-8d7c07c0184a","""2025-11-08T20:14:57.044Z"""
"a7eab678-c40d-4153-b27f-c33caa2e058e","session-434","/shop","7af16635-825a-4282-bdd7-8d7c07c0184a","""2025-11-09T21:39:40.629Z"""
"d9b9cc66-d40a-443d-a29c-897508a23ec3","session-302","/","7af16635-825a-4282-bdd7-8d7c07c0184a","""2025-12-01T07:37:14.247Z"""
"50824be6-9675-461a-89fb-c0024b0d730d","session-36","/",,"""2025-11-08T09:07:06.914Z"""
"84e9d907-7633-445f-b59d-b271123085db","session-322","/shop","7af16635-825a-4282-bdd7-8d7c07c0184a","""2025-11-07T13:05:31.866Z"""
"1accb617-cc02-4ae6-954d-22749cebdad0","session-278","/",,"""2025-11-07T18:26:15.203Z"""
"5a7ac3bd-4472-4edb-b4a4-7cc3af58d8ba","session-271","/shop","7af16635-825a-4282-bdd7-8d7c07c0184a","""2025-11-13T09:46:19.184Z"""
"b7571522-952f-4a8b-9825-60ccad770b45","session-34","/shop","7af16635-825a-4282-bdd7-8d7c07c0184a","""2025-11-07T17:52:38.615Z"""
"4c63d7fd-ad55-4d0a-8d51-af1726c995d8","session-205","/shop",,"""2025-12-02T04:44:27.730Z"""
"8920ed8d-0e17-4e64-8fca-cba326f397c3","session-242","/cart","7af16635-825a-4282-bdd7-8d7c07c0184a","""2025-11-10T10:36:56.693Z"""
"c3df080d-a82b-4d50-a055-145ada81a457","session-150","/shop",,"""2025-11-09T20:36:15.462Z"""
"e233b3de-4a4c-4fda-b73d-bf70c517ab34","session-19","/cart",,"""2025-11-25T07:54:06.699Z"""
"d4ffc566-7b01-4faf-8f2e-ae1d167d4ed5","session-328","/products/engwe-engine-x","7af16635-825a-4282-bdd7-8d7c07c0184a","""2025-11-30T09:17:37.237Z"""
"edd49321-b37b-4903-bd1f-8da7df0269af","session-383","/",,"""2025-11-17T03:41:54.478Z"""
"dbe749f7-b37c-4013-8c2d-db7d2fc46f07","session-233","/cart",,"""2025-11-19T09:05:39.884Z"""
"3892d46d-90be-4014-a47a-80c29deaed83","session-69","/shop","7af16635-825a-4282-bdd7-8d7c07c0184a","""2025-11-26T18:49:55.439Z"""
"48670bbc-b72e-457f-907d-60b840cb905b","session-82","/products/engwe-engine-x","7af16635-825a-4282-bdd7-8d7c07c0184a","""2025-11-27T22:25:00.523Z"""
"701b6b33-813d-40cc-a588-615152f90109","session-471","/products/engwe-engine-x",,"""2025-11-26T22:20:10.537Z"""
"ce07b42d-be17-4156-9b34-3cc29a4aef60","session-169","/","7af16635-825a-4282-bdd7-8d7c07c0184a","""2025-11-16T18:55:19.273Z"""
"cc3478bd-ce18-4644-bd28-fdec868dd8e1","session-155","/shop",,"""2025-11-06T14:01:44.264Z"""
"b7bdf416-2c57-469f-91d6-a8e5c9fe69fd","session-254","/shop",,"""2025-11-06T17:11:16.949Z"""
"d2a51914-3e32-4e62-827a-12b55f0bf1f8","session-218","/shop","7af16635-825a-4282-bdd7-8d7c07c0184a","""2025-11-27T11:15:49.179Z"""
"9aa05051-9f5b-443e-87dc-8305ac4795f7","session-5","/shop",,"""2025-11-29T19:41:11.880Z"""
"d91a6d31-bdb4-4954-94d9-be16e8135433","session-46","/cart","7af16635-825a-4282-bdd7-8d7c07c0184a","""2025-11-18T22:42:21.066Z"""
"95fcd1c5-f887-42bd-bf57-9f0b56f69a69","session-195","/shop","7af16635-825a-4282-bdd7-8d7c07c0184a","""2025-11-08T20:47:29.532Z"""
"87cb320c-2c20-48ed-b866-123071bdca2f","session-307","/","7af16635-825a-4282-bdd7-8d7c07c0184a","""2025-11-22T10:36:39.180Z"""
"8703cb63-a5b4-4380-b892-bd43924e6353","session-204","/products/engwe-engine-x",,"""2025-11-17T12:29:07.631Z"""
"e535faea-0c36-4a8f-85ea-ef5eee075a4a","session-44","/","7af16635-825a-4282-bdd7-8d7c07c0184a","""2025-11-21T15:36:41.491Z"""
"48955eec-39e3-4710-8e43-03ce5d83efa8","session-301","/shop","7af16635-825a-4282-bdd7-8d7c07c0184a","""2025-11-06T05:43:51.563Z"""
"531e33a4-1540-435e-940e-dffce1700f73","session-414","/shop","7af16635-825a-4282-bdd7-8d7c07c0184a","""2025-11-29T10:32:19.573Z"""
"d2e59b9f-1ace-473d-ba09-9395df6e04cf","session-375","/products/engwe-engine-x","7af16635-825a-4282-bdd7-8d7c07c0184a","""2025-11-26T22:10:34.249Z"""
"ed9cffc0-60ea-42ab-818d-6b08225ae511","session-211","/shop","7af16635-825a-4282-bdd7-8d7c07c0184a","""2025-11-13T05:53:39.466Z"""
"cc9ed769-4947-4251-a304-79af41b02d14","session-367","/shop","7af16635-825a-4282-bdd7-8d7c07c0184a","""2025-11-27T15:25:28.458Z"""
"b5594812-91ba-4353-9e00-b477ae20fd2b","session-244","/shop",,"""2025-11-25T05:31:40.530Z"""
"3f8ad1ad-23b1-45c3-8e24-bd48f781f3b6","session-266","/","7af16635-825a-4282-bdd7-8d7c07c0184a","""2025-11-14T07:44:16.279Z"""
"0f6af45d-7805-41c4-8799-69e857b8197f","session-257","/shop",,"""2025-11-15T06:17:07.383Z"""
"be01e218-c8d7-445d-a8e6-cedcd5f2a575","session-78","/shop","7af16635-825a-4282-bdd7-8d7c07c0184a","""2025-11-08T00:39:35.465Z"""
"4882982f-116e-4a22-9065-77d5606d896b","session-266","/",,"""2025-11-17T17:59:33.154Z"""
"75af0270-f716-4e52-aa7f-a7390d0fedbf","session-310","/","7af16635-825a-4282-bdd7-8d7c07c0184a","""2025-11-10T10:07:11.439Z"""
"6421c805-42c9-4f4b-a8ea-f34ce4f6cea3","session-113","/shop","7af16635-825a-4282-bdd7-8d7c07c0184a","""2025-11-13T02:25:09.771Z"""
"075f84a5-f765-4b88-8811-acf8f90e53d3","session-210","/shop","7af16635-825a-4282-bdd7-8d7c07c0184a","""2025-11-10T03:47:07.384Z"""
"5958205b-2ac7-4397-bd67-1d465e08c19e","session-278","/","7af16635-825a-4282-bdd7-8d7c07c0184a","""2025-11-06T10:45:23.740Z"""
"ffdcbc05-b756-4b2a-981a-a20e618e75d9","session-303","/","7af16635-825a-4282-bdd7-8d7c07c0184a","""2025-11-10T14:01:35.063Z"""
"27f36bcf-7563-49dc-bf2c-ac98d0f97bc9","session-355","/shop","7af16635-825a-4282-bdd7-8d7c07c0184a","""2025-11-06T17:14:41.880Z"""
"241f433b-7a8a-426b-be59-188262484ad3","session-235","/products/engwe-engine-x",,"""2025-11-05T18:20:59.075Z"""
"3aaf8907-40e8-4a63-99fb-a86e4755e98e","session-11","/cart","7af16635-825a-4282-bdd7-8d7c07c0184a","""2025-11-29T17:42:47.997Z"""
"832c3631-599e-4714-8032-9f3826873fae","session-289","/products/engwe-engine-x","7af16635-825a-4282-bdd7-8d7c07c0184a","""2025-11-16T09:38:53.542Z"""
"5ab483e3-4ace-4653-bc45-95d1b7d0b4c4","session-199","/cart",,"""2025-11-08T06:37:57.921Z"""
"66e1c157-1185-46fb-803a-cdd58e354110","session-180","/",,"""2025-11-19T18:40:47.614Z"""
"9c1c9700-2522-464f-8ed5-9c50d4d6baf2","session-150","/shop","7af16635-825a-4282-bdd7-8d7c07c0184a","""2025-11-10T17:37:37.801Z"""
"17d04248-7445-4f3a-ba09-d63902054cec","session-424","/shop","7af16635-825a-4282-bdd7-8d7c07c0184a","""2025-11-27T12:18:44.615Z"""
"2e877abb-0dcb-4eaf-9961-5112eebc1bc0","session-265","/shop","7af16635-825a-4282-bdd7-8d7c07c0184a","""2025-11-11T14:25:35.668Z"""
"1af49116-2223-464f-b71b-0faa366c2adb","session-154","/","7af16635-825a-4282-bdd7-8d7c07c0184a","""2025-11-23T18:17:49.880Z"""
"4c70b45b-dae9-4390-bca6-556b6c36ba8f","session-388","/shop",,"""2025-11-22T15:49:52.598Z"""
"2eb63feb-1907-4c00-908b-dc072f90ce0d","session-375","/products/engwe-engine-x",,"""2025-12-02T16:15:37.791Z"""
"c324841d-40ad-4e86-8669-a19103f64703","session-385","/shop","7af16635-825a-4282-bdd7-8d7c07c0184a","""2025-11-13T22:29:13.280Z"""
"78cbde85-3f5e-47d8-960c-d72cf48546a3","session-407","/","7af16635-825a-4282-bdd7-8d7c07c0184a","""2025-11-30T20:34:16.051Z"""
"ae09d04e-37fa-45a7-9aba-5450090e5d6a","session-400","/shop","7af16635-825a-4282-bdd7-8d7c07c0184a","""2025-11-26T22:36:30.663Z"""
"eb795ca7-0c18-41eb-9c7c-972c93a71f0d","session-28","/shop","7af16635-825a-4282-bdd7-8d7c07c0184a","""2025-11-21T09:06:42.098Z"""
"3fc40bd1-556a-4f7f-a3f7-771301b838f7","session-488","/shop","7af16635-825a-4282-bdd7-8d7c07c0184a","""2025-11-27T12:28:12.026Z"""
"832b0fe2-df43-49c0-b753-d7626a166e68","session-241","/shop",,"""2025-11-28T08:12:35.974Z"""
"13595199-b19e-4ddd-b305-743971451916","session-426","/shop","7af16635-825a-4282-bdd7-8d7c07c0184a","""2025-11-19T02:32:16.697Z"""
"7f80f9a5-7dd2-430b-a6ae-afe181d38e7c","session-122","/","7af16635-825a-4282-bdd7-8d7c07c0184a","""2025-11-17T05:53:39.047Z"""
"94406e4f-8c89-4d6e-9247-f4736c4a6938","session-196","/products/engwe-engine-x","7af16635-825a-4282-bdd7-8d7c07c0184a","""2025-11-23T02:26:16.771Z"""
"0aeb5b65-5876-4148-b77e-998954e597e2","session-157","/","7af16635-825a-4282-bdd7-8d7c07c0184a","""2025-11-11T09:22:32.309Z"""
"99df1d90-3f07-495c-b766-3621356655ba","session-493","/","7af16635-825a-4282-bdd7-8d7c07c0184a","""2025-11-23T14:24:22.637Z"""
"96618517-a866-4f34-9cea-62c174a86f27","session-348","/products/engwe-engine-x","7af16635-825a-4282-bdd7-8d7c07c0184a","""2025-11-09T02:51:38.898Z"""
"a73caf7a-1e96-4c7b-926b-da2c1dd145ff","session-339","/shop",,"""2025-11-05T08:01:06.859Z"""
"1f4c7e5d-f84c-48be-ba45-0ab4b2e13249","session-476","/shop","7af16635-825a-4282-bdd7-8d7c07c0184a","""2025-11-04T10:18:34.883Z"""
"ad44415d-2d85-4929-99f1-ecaf1d11936b","session-247","/","7af16635-825a-4282-bdd7-8d7c07c0184a","""2025-11-20T17:30:24.170Z"""
"7a23fed1-acf4-4d40-80ba-94739edeb027","session-299","/products/engwe-engine-x","7af16635-825a-4282-bdd7-8d7c07c0184a","""2025-11-12T05:36:20.748Z"""
"af99a64a-81f1-4c91-9d64-b9c79ff5af0a","session-222","/shop",,"""2025-11-10T11:11:34.741Z"""
"7e16e0ce-0549-4904-ae37-b07125681a42","session-273","/shop",,"""2025-11-07T19:04:27.823Z"""
"8e0b9f88-4276-46e9-859d-d5147eee64f8","session-91","/cart","7af16635-825a-4282-bdd7-8d7c07c0184a","""2025-11-27T15:48:26.833Z"""
"b0db2fd0-e046-40d9-8744-3533b486e802","session-367","/shop","7af16635-825a-4282-bdd7-8d7c07c0184a","""2025-11-16T03:53:21.506Z"""
"ed23d792-12dc-4373-b7d1-5755bdd2e943","session-189","/cart","7af16635-825a-4282-bdd7-8d7c07c0184a","""2025-11-23T02:26:32.352Z"""
"4a8e1b88-f27a-4bb1-8aec-6500a4c44517","session-80","/products/engwe-engine-x",,"""2025-11-26T08:26:02.019Z"""
"cd508707-bfbf-4ef5-9022-55e09b603c81","session-171","/cart",,"""2025-11-04T19:09:11.461Z"""
"a898ffff-b045-4b27-8daa-6e3e8c3ac4d5","session-275","/shop","7af16635-825a-4282-bdd7-8d7c07c0184a","""2025-11-17T18:59:46.898Z"""
"674be690-8391-490f-b17f-e7232867d599","session-123","/","7af16635-825a-4282-bdd7-8d7c07c0184a","""2025-11-24T11:29:26.145Z"""
"7ff6b6f5-ba9e-47fe-94a7-5733bfab4c6c","session-298","/","7af16635-825a-4282-bdd7-8d7c07c0184a","""2025-11-19T10:08:40.262Z"""
"79a5b8dd-b38d-4ad6-ab64-968dcb5a0c1f","session-107","/",,"""2025-11-23T13:51:51.848Z"""
"8c6461bb-a0b7-41a2-9964-10e9ba1af694","session-368","/shop",,"""2025-11-21T04:22:09.489Z"""
"64187876-09ae-4701-9dfe-fe2e28f6dcba","session-300","/products/engwe-engine-x","7af16635-825a-4282-bdd7-8d7c07c0184a","""2025-11-10T10:20:38.251Z"""
"bebec025-c41d-4833-920b-0e21642b1861","session-241","/","7af16635-825a-4282-bdd7-8d7c07c0184a","""2025-12-01T02:35:54.807Z"""
"efe55272-59c3-4eae-8e1c-cf2d69aee3b1","session-393","/shop","7af16635-825a-4282-bdd7-8d7c07c0184a","""2025-11-18T14:36:30.074Z"""
"1e945759-b759-4072-b52d-e58ef7f37635","session-395","/","7af16635-825a-4282-bdd7-8d7c07c0184a","""2025-11-07T19:04:07.929Z"""
"0a7a5ceb-a02b-4573-a5fa-b5199933b65d","session-494","/shop",,"""2025-11-18T21:29:56.016Z"""
"8d521182-0bb5-4daa-87cb-53b66f865edb","session-236","/products/engwe-engine-x",,"""2025-11-09T20:39:32.571Z"""
"cf33ad40-c14a-4dfd-92c3-ab7d18b0032c","session-217","/",,"""2025-11-03T02:08:53.278Z"""
"0c3036b3-3854-41fa-9abc-9569ac4c101a","session-276","/","7af16635-825a-4282-bdd7-8d7c07c0184a","""2025-11-19T18:38:24.239Z"""
"a260213e-55f5-4439-a24d-ade82f9d4c83","session-201","/products/engwe-engine-x",,"""2025-11-12T18:18:31.290Z"""
"42f8a669-60a1-4ed5-bce1-bd1e78e3cbaa","session-199","/shop","7af16635-825a-4282-bdd7-8d7c07c0184a","""2025-11-10T18:02:53.149Z"""
"eeaae9b4-f7dd-4971-908e-e3db6f2e5f1e","session-155","/shop","7af16635-825a-4282-bdd7-8d7c07c0184a","""2025-11-22T02:39:06.449Z"""
"1eb24253-10a9-4849-a93e-87fa21ad6a6b","session-348","/shop",,"""2025-11-04T06:48:37.273Z"""
"6bda09b8-8191-4684-a69e-82ffe23079f4","session-464","/",,"""2025-12-02T08:10:56.044Z"""
"2f05ff2b-2436-444a-a0a2-cff312794871","session-333","/cart","7af16635-825a-4282-bdd7-8d7c07c0184a","""2025-11-12T18:33:07.823Z"""
"88742f33-6487-448a-a062-85567ae6cc72","session-283","/shop","7af16635-825a-4282-bdd7-8d7c07c0184a","""2025-11-04T08:48:39.578Z"""
"f91b3ea0-57de-44db-8ead-30c714e6e87c","session-245","/cart","7af16635-825a-4282-bdd7-8d7c07c0184a","""2025-11-12T07:48:14.836Z"""
"71812998-6cde-4a77-86be-10b311837e15","session-389","/shop","7af16635-825a-4282-bdd7-8d7c07c0184a","""2025-11-27T17:42:13.358Z"""
"100e9e50-3d69-41c7-9a3e-c219c59c8ee0","session-289","/shop","7af16635-825a-4282-bdd7-8d7c07c0184a","""2025-11-20T13:24:45.837Z"""
"da8e5e63-0fc2-4bdd-ad48-14c8692bb9bd","session-19","/cart","7af16635-825a-4282-bdd7-8d7c07c0184a","""2025-11-26T09:19:28.634Z"""
"a9aff36a-7f74-4757-a4ff-ec640124a41d","session-416","/products/engwe-engine-x",,"""2025-11-21T08:47:39.265Z"""
"6ee52564-e788-46ff-bea1-eb78c65d568e","session-319","/cart",,"""2025-11-27T16:07:49.704Z"""
"3261b97a-2ec1-40aa-863a-47ee1c073ebe","session-181","/",,"""2025-11-07T07:45:01.266Z"""
"589822a2-8e26-4821-b319-b07411fbcc1b","session-220","/","7af16635-825a-4282-bdd7-8d7c07c0184a","""2025-11-26T15:44:23.393Z"""
"3e1f874c-4685-4f98-b63e-59dc77d4176d","session-287","/","7af16635-825a-4282-bdd7-8d7c07c0184a","""2025-11-14T03:58:56.366Z"""
"615e220c-2ba5-44d3-80d4-2db416a50a2c","session-16","/",,"""2025-11-24T03:10:41.644Z"""
"2a667952-7c1f-4d65-b1ab-3165e7e23e3c","session-424","/",,"""2025-11-24T15:19:12.979Z"""
"0f386ccc-a585-42b8-a13b-112394124d91","session-313","/",,"""2025-11-09T20:05:54.657Z"""
"74fc7e15-14b0-44bb-8a06-f723c06479d2","session-297","/",,"""2025-11-20T02:28:23.153Z"""
"0fd2d1af-af4c-4e3b-8e2a-1317528c4138","session-124","/shop","7af16635-825a-4282-bdd7-8d7c07c0184a","""2025-11-18T19:28:38.519Z"""
"9a17187e-b0d5-4a0b-b224-d7e0b2d21de3","session-104","/products/engwe-engine-x","7af16635-825a-4282-bdd7-8d7c07c0184a","""2025-11-30T14:59:14.682Z"""
"58d9351c-6f5c-484c-a39b-93d0c8e9686d","session-182","/shop","7af16635-825a-4282-bdd7-8d7c07c0184a","""2025-12-01T13:25:45.940Z"""
"89f3b183-babc-42ed-97d9-69bd93649d65","session-63","/shop","7af16635-825a-4282-bdd7-8d7c07c0184a","""2025-11-13T20:02:24.075Z"""
"c14072c0-ce10-4198-83b3-a0e535d34eaf","session-476","/cart","7af16635-825a-4282-bdd7-8d7c07c0184a","""2025-11-17T01:54:33.776Z"""
"73726213-3988-4917-97a3-91a5b2bd04b1","session-421","/shop",,"""2025-11-11T18:46:48.514Z"""
"b6acb66c-07fa-461f-8952-0d649c7d714e","session-68","/",,"""2025-11-17T04:48:59.428Z"""
"f12ef4ea-70df-47b6-bcad-df7a312944d2","session-211","/shop","7af16635-825a-4282-bdd7-8d7c07c0184a","""2025-11-15T04:25:59.457Z"""
"1df5d17c-57c7-4fef-a320-b303d0a07302","session-406","/",,"""2025-11-03T22:44:36.928Z"""
"49f72f2d-a720-4811-a356-8fb9671ad14a","session-24","/",,"""2025-12-02T05:08:33.375Z"""
"13fac116-ed8d-4ab1-ba6d-f208f2eed823","session-187","/shop",,"""2025-11-13T03:25:45.097Z"""
"c51b8c2e-8103-4468-b0bb-4fdb0f472822","session-98","/",,"""2025-11-19T00:40:41.408Z"""
"2d4ade0d-6fac-418b-8b5c-0e2a97e897a3","session-145","/",,"""2025-11-06T13:21:58.743Z"""
"0901b182-adfa-412b-ac68-8f53afbc5003","session-263","/","7af16635-825a-4282-bdd7-8d7c07c0184a","""2025-11-10T12:38:05.205Z"""
"c674a96e-8615-4ca8-9014-245dca1722ca","session-164","/products/engwe-engine-x","7af16635-825a-4282-bdd7-8d7c07c0184a","""2025-11-30T01:51:49.751Z"""
"e6e3085e-50f5-4c2f-9166-2c0aba21aa9a","session-219","/shop","7af16635-825a-4282-bdd7-8d7c07c0184a","""2025-11-25T18:19:00.687Z"""
"f098bb0d-b01e-42d2-a1cb-ffbe7fb79f93","session-178","/",,"""2025-11-29T18:07:24.673Z"""
"ead87ec7-2075-4ad8-ba0f-e16a34f3aa11","session-324","/",,"""2025-11-14T01:53:56.436Z"""
"1283375a-927c-4a86-9831-4971f2ffcaff","session-371","/products/engwe-engine-x","7af16635-825a-4282-bdd7-8d7c07c0184a","""2025-11-05T10:19:37.466Z"""
"d7e25a06-f422-47af-88f8-2c911a23dd0a","session-407","/cart",,"""2025-11-07T16:48:45.947Z"""
"fd8ef014-306a-414c-bc3c-d778e3cdcd11","session-125","/",,"""2025-12-02T10:41:05.338Z"""
"08f03430-482b-4d53-b23e-08104735f26e","session-475","/shop",,"""2025-11-20T21:26:11.555Z"""
"dcde8c37-4011-438d-bf02-bd8c2c59493c","session-303","/shop","7af16635-825a-4282-bdd7-8d7c07c0184a","""2025-11-23T05:02:58.713Z"""
"dbf86d09-20fa-4944-97f4-67bb4aec0055","session-492","/products/engwe-engine-x","7af16635-825a-4282-bdd7-8d7c07c0184a","""2025-11-05T08:54:50.156Z"""
"4eb4ebbd-2153-4694-a276-897d94699126","session-88","/shop",,"""2025-11-20T07:55:56.523Z"""
"afed3dc5-8f2a-4717-a3de-5766982d66e9","session-166","/shop","7af16635-825a-4282-bdd7-8d7c07c0184a","""2025-11-15T09:08:16.013Z"""
"5d1736f5-690f-4390-b445-51b0c2c22080","session-136","/shop","7af16635-825a-4282-bdd7-8d7c07c0184a","""2025-11-29T05:00:00.822Z"""
"ddaae647-3331-4e2d-89f8-5b26e0a5a20e","session-285","/","7af16635-825a-4282-bdd7-8d7c07c0184a","""2025-11-14T15:23:26.082Z"""
"a0815c0c-97e4-4910-a4ab-639c35aede99","session-485","/","7af16635-825a-4282-bdd7-8d7c07c0184a","""2025-11-25T22:50:27.315Z"""
"d377b107-fb2e-4e16-9e39-13b5cb9e3ce5","session-197","/","7af16635-825a-4282-bdd7-8d7c07c0184a","""2025-11-27T20:32:11.896Z"""
"f5de0d2c-aa24-43cd-babb-dddc64b0ccb8","session-189","/shop",,"""2025-11-30T14:49:46.212Z"""
"8ec183bd-044c-4ccd-9bc4-cfbe26521e1c","session-19","/shop",,"""2025-11-26T00:00:24.985Z"""
"354946ea-8b7d-42ae-ac65-3bf39a0baf26","session-176","/shop","7af16635-825a-4282-bdd7-8d7c07c0184a","""2025-11-03T16:16:14.955Z"""
"e60dfac5-de11-45bf-8fb0-9ddc1277efde","session-54","/",,"""2025-11-17T03:33:10.635Z"""
"fd88c1cc-144c-4521-8877-1bcce78bcd66","session-318","/",,"""2025-11-22T21:55:04.275Z"""
"d15ad348-ca20-469f-b231-3e56e6c33c34","session-489","/shop","7af16635-825a-4282-bdd7-8d7c07c0184a","""2025-11-20T07:05:45.145Z"""
"11646a32-f40d-422e-8b3c-0ffbc651efb1","session-302","/shop","7af16635-825a-4282-bdd7-8d7c07c0184a","""2025-11-06T15:59:47.525Z"""
"1d3a9cb8-1b2a-4557-a5cc-b987c78d1a6a","session-404","/",,"""2025-11-30T06:16:02.696Z"""
"f5754e3b-dd21-4b22-8b28-e16b72ca3e11","session-230","/shop",,"""2025-11-24T17:08:32.760Z"""
"5b75f911-fe65-4240-85cc-49ac0408287c","session-426","/products/engwe-engine-x","7af16635-825a-4282-bdd7-8d7c07c0184a","""2025-11-15T18:35:27.829Z"""
"75346db6-6185-4f82-95ae-0d6fe435223a","session-391","/","7af16635-825a-4282-bdd7-8d7c07c0184a","""2025-11-09T12:19:39.664Z"""
"07e78ef7-17c2-49ed-b922-faa0f2b331a4","session-42","/",,"""2025-12-01T21:48:13.269Z"""
"20dc35a0-52f7-4b10-a026-b2930b634d19","session-444","/products/engwe-engine-x","7af16635-825a-4282-bdd7-8d7c07c0184a","""2025-11-06T20:14:22.929Z"""
"1d2c85ba-737a-48a7-8eed-96e6e766c286","session-166","/shop",,"""2025-11-24T07:00:00.883Z"""
"4a53eed2-bbe8-4099-be47-f4a03d1e4b98","session-93","/products/engwe-engine-x","7af16635-825a-4282-bdd7-8d7c07c0184a","""2025-11-12T07:51:14.016Z"""
"538d8a32-2f60-4f75-b123-b5619664c5d6","session-282","/shop","7af16635-825a-4282-bdd7-8d7c07c0184a","""2025-11-15T02:16:27.574Z"""
"d4eb6335-cecd-4d59-9d20-d6b308e2f7fa","session-442","/shop","7af16635-825a-4282-bdd7-8d7c07c0184a","""2025-11-08T17:55:04.849Z"""
"175900f1-2824-498d-b01d-cfcb39edc932","session-340","/",,"""2025-11-06T04:46:07.623Z"""
"d569d0fd-5d55-403e-91aa-7b2089c3dbf8","session-269","/cart","7af16635-825a-4282-bdd7-8d7c07c0184a","""2025-11-05T03:32:36.511Z"""
"9d4d3879-452d-4e0e-a986-1cc143ae79eb","session-202","/cart",,"""2025-11-05T16:48:44.596Z"""
"18c7bd51-8e37-4bc5-abb2-ac2a934e55bb","session-171","/",,"""2025-11-12T16:50:22.895Z"""
"184e7244-5122-4f25-9aea-e6ec2e2eeacc","session-357","/products/engwe-engine-x",,"""2025-11-30T00:19:07.699Z"""
"e0d90d29-8fbc-4ff9-80ed-649cf8fa8b80","session-177","/shop",,"""2025-11-08T22:04:21.937Z"""
"a67f8934-7903-4d13-9d8f-c80f43fcd048","session-242","/shop","7af16635-825a-4282-bdd7-8d7c07c0184a","""2025-11-26T14:45:42.940Z"""
"353ae1df-ff23-4c5f-931f-720b36192872","session-445","/shop","7af16635-825a-4282-bdd7-8d7c07c0184a","""2025-11-15T18:42:26.624Z"""
"7953206e-6b05-4914-808c-6c068c1de9e2","session-62","/",,"""2025-11-28T10:08:58.911Z"""
"7074ee97-b22c-4f25-bfd6-06e64f6bcaf2","session-244","/products/engwe-engine-x","7af16635-825a-4282-bdd7-8d7c07c0184a","""2025-11-17T12:50:52.824Z"""
"5ce8349b-0249-4015-920e-2cf5d624709a","session-189","/products/engwe-engine-x",,"""2025-11-06T00:31:45.314Z"""
"75b9deb3-8dcb-4dae-8bb9-eb029ad2bfb5","session-440","/shop","7af16635-825a-4282-bdd7-8d7c07c0184a","""2025-11-06T14:51:26.200Z"""
"d2550be4-13e4-4f68-9326-9c91889c7e17","session-4","/shop","7af16635-825a-4282-bdd7-8d7c07c0184a","""2025-11-26T10:42:27.511Z"""
"006354d4-cc90-475a-a17f-2f61bd345695","session-330","/cart",,"""2025-11-14T08:30:27.874Z"""
"b8bb7534-5273-4473-af63-22facf1aa2b0","session-81","/","7af16635-825a-4282-bdd7-8d7c07c0184a","""2025-11-05T09:36:16.769Z"""
"bbbd2d48-e891-4ac8-ad4f-5aaa5fa79277","session-150","/","7af16635-825a-4282-bdd7-8d7c07c0184a","""2025-11-28T06:23:30.030Z"""
"e2f26283-59c0-41ef-9162-0341d1dc53d6","session-72","/products/engwe-engine-x","7af16635-825a-4282-bdd7-8d7c07c0184a","""2025-11-08T20:27:50.402Z"""
"6b2f199b-fbfd-4d46-8bda-282b986dabb4","session-398","/cart","7af16635-825a-4282-bdd7-8d7c07c0184a","""2025-11-20T14:23:22.443Z"""
"c90e4b1b-1cf8-43ae-836a-2ea70e56a5b5","session-439","/",,"""2025-11-03T20:53:37.202Z"""
"51a59bcd-ff5f-4356-8e1a-d77e36606816","session-383","/shop","7af16635-825a-4282-bdd7-8d7c07c0184a","""2025-11-18T13:05:51.868Z"""
"9a67beab-cfdf-479d-94fc-8f4304c0eb94","session-498","/cart","7af16635-825a-4282-bdd7-8d7c07c0184a","""2025-11-30T21:29:45.384Z"""
"ec9bf9c7-0ec1-40b0-83fc-2360ad8718df","session-183","/",,"""2025-11-04T00:30:06.549Z"""
"1b6c0f63-a660-4115-82ba-471968c82512","session-262","/cart",,"""2025-11-22T18:12:10.618Z"""
"fe57755f-a3b9-403e-9b90-08e8ecd44dfb","session-187","/products/engwe-engine-x","7af16635-825a-4282-bdd7-8d7c07c0184a","""2025-11-23T17:18:44.744Z"""
"d2d201ad-d463-4579-bbe2-2d83d779da54","session-186","/cart",,"""2025-11-27T05:16:19.514Z"""
"706311bc-78e7-474e-a46c-4697a0013606","session-62","/products/engwe-engine-x","7af16635-825a-4282-bdd7-8d7c07c0184a","""2025-11-24T17:13:08.721Z"""
"1664fdfe-d644-4d63-b8e2-9a813dd43966","session-327","/products/engwe-engine-x","7af16635-825a-4282-bdd7-8d7c07c0184a","""2025-11-16T04:16:27.001Z"""
"3ea0c5ed-5b9c-43e5-a703-1d1bdef37685","session-50","/","7af16635-825a-4282-bdd7-8d7c07c0184a","""2025-11-06T22:23:03.629Z"""
"96413222-6509-4f00-be06-df055ecdf64f","session-365","/shop","7af16635-825a-4282-bdd7-8d7c07c0184a","""2025-11-13T10:04:44.582Z"""
"0cf70dfe-e5c8-46e5-ad91-b0f90dafcf01","session-241","/cart","7af16635-825a-4282-bdd7-8d7c07c0184a","""2025-11-21T18:25:24.371Z"""
"33019046-9995-461e-b19f-9099c5938e1d","session-406","/shop",,"""2025-11-13T07:28:00.339Z"""
"b3cba2e2-84f4-4d69-bffc-658c17d45e6d","session-31","/",,"""2025-11-22T12:41:20.403Z"""
"c994c7e6-d91c-4a32-bcdb-ccafdc93a2d3","session-49","/products/engwe-engine-x","7af16635-825a-4282-bdd7-8d7c07c0184a","""2025-11-11T11:59:54.470Z"""
"15205a0a-9b78-4764-acb4-3b747c48f8da","session-245","/","7af16635-825a-4282-bdd7-8d7c07c0184a","""2025-11-13T19:53:02.165Z"""
"d19fa5e8-acd4-4b35-8ef2-49a1b2b6b5ba","session-208","/shop","7af16635-825a-4282-bdd7-8d7c07c0184a","""2025-11-24T06:55:20.097Z"""
"d2a67f10-e229-4a01-8e2b-7dc9b8a677d6","session-437","/products/engwe-engine-x","7af16635-825a-4282-bdd7-8d7c07c0184a","""2025-11-08T07:35:25.541Z"""
"9fcb0545-1610-473e-bb62-cee38bbbe4a3","session-94","/shop","7af16635-825a-4282-bdd7-8d7c07c0184a","""2025-11-26T17:58:22.056Z"""
"540f6b4b-068f-49af-bfd3-d7179f761581","session-24","/products/engwe-engine-x","7af16635-825a-4282-bdd7-8d7c07c0184a","""2025-11-06T19:55:55.727Z"""
"f784fd8d-6f74-4a06-8b30-16c2f42fabd9","session-367","/shop","7af16635-825a-4282-bdd7-8d7c07c0184a","""2025-11-22T21:02:27.842Z"""
"c02bc462-ef55-4e61-8767-6ff3bac61c8a","session-439","/shop","7af16635-825a-4282-bdd7-8d7c07c0184a","""2025-11-13T15:49:22.187Z"""
"05c8dc6d-e17b-47ed-9dd0-ae90b43cab22","session-448","/shop","7af16635-825a-4282-bdd7-8d7c07c0184a","""2025-11-06T02:06:21.402Z"""
"38ee8fcf-3deb-467a-95ee-e4c4cd42d1b3","session-120","/","7af16635-825a-4282-bdd7-8d7c07c0184a","""2025-11-29T12:57:41.779Z"""
"1b6f9142-9063-42f3-9201-b767d35bef14","session-121","/products/engwe-engine-x","7af16635-825a-4282-bdd7-8d7c07c0184a","""2025-11-26T07:54:28.291Z"""
"10094f27-2c13-43b0-9e47-39f307eca212","session-158","/shop","7af16635-825a-4282-bdd7-8d7c07c0184a","""2025-11-23T17:03:33.813Z"""
"a5dcc647-4852-40f3-a1d3-0fb6baca6729","session-339","/",,"""2025-12-01T17:42:26.293Z"""
"9696be77-e74a-463d-88b0-3948c414658d","session-56","/shop","7af16635-825a-4282-bdd7-8d7c07c0184a","""2025-11-23T06:27:19.576Z"""
"bd9c4c5d-2ffe-4102-b909-a28e5ff2454a","session-127","/products/engwe-engine-x",,"""2025-11-22T05:03:51.432Z"""
"39c15c44-0102-4f42-84f1-2472a8434c84","session-45","/","7af16635-825a-4282-bdd7-8d7c07c0184a","""2025-11-23T02:15:30.483Z"""
"6457372f-4e8f-4be4-9bef-8590943dc1b4","session-250","/shop","7af16635-825a-4282-bdd7-8d7c07c0184a","""2025-12-01T02:18:57.105Z"""
"975b48c1-5490-4104-98bf-6cb36404b8ff","session-196","/cart","7af16635-825a-4282-bdd7-8d7c07c0184a","""2025-11-05T05:50:53.211Z"""
"24946883-447f-4bf7-8193-a3d23fc957f5","session-469","/","7af16635-825a-4282-bdd7-8d7c07c0184a","""2025-11-19T04:28:24.181Z"""
"be931ec4-2d77-4996-9d17-0baf6b4b5a93","session-202","/products/engwe-engine-x",,"""2025-11-27T09:25:51.368Z"""
"c1da401a-451c-4c2e-89f2-4bc84b9f7acc","session-121","/shop",,"""2025-11-22T18:07:43.710Z"""
"9339d1aa-4784-488f-93f5-c84fbe2e04fe","session-261","/","7af16635-825a-4282-bdd7-8d7c07c0184a","""2025-11-17T19:25:41.037Z"""
"46a0bb60-2ad6-4d04-8d5c-6bce8ccf08c0","session-186","/shop",,"""2025-11-18T01:21:16.926Z"""
"01d8b274-9cd0-415b-8b34-495a757cc40e","session-292","/cart",,"""2025-11-14T19:34:34.378Z"""
"f76b56dc-8464-41e8-b912-3ef6e9cc6a80","session-405","/products/engwe-engine-x","7af16635-825a-4282-bdd7-8d7c07c0184a","""2025-11-24T21:46:18.686Z"""
"f2aee3e6-3cb8-46a3-bcb9-4a2e409dcddc","session-338","/products/engwe-engine-x",,"""2025-11-27T15:18:00.005Z"""
"92e01106-5b05-4ce3-980e-ee163e417aaa","session-250","/products/engwe-engine-x",,"""2025-11-10T15:02:23.862Z"""
"091c1013-a434-4c0d-a455-dca0a4a6e56d","session-110","/",,"""2025-11-10T04:56:06.146Z"""
"f0e2e7ff-1b4a-43a3-8ef3-6d2cd700341d","session-378","/shop","7af16635-825a-4282-bdd7-8d7c07c0184a","""2025-11-14T18:20:06.580Z"""
"24701da2-ac7c-42b5-8737-ea0976c49947","session-35","/products/engwe-engine-x","7af16635-825a-4282-bdd7-8d7c07c0184a","""2025-11-21T21:32:24.377Z"""
"7005dfb8-bad8-4aff-bcdb-5840f518566b","session-196","/products/engwe-engine-x",,"""2025-11-04T13:47:34.792Z"""
"4b0f3a43-e49d-4326-98c4-8f458587114c","session-424","/shop",,"""2025-11-07T06:15:11.218Z"""
"c8b9bd79-9b84-41b1-ab43-96bdb6f712bf","session-394","/cart",,"""2025-11-14T07:17:21.880Z"""
"ac5ae4f9-eac5-494c-b97f-f400d1205d70","session-415","/products/engwe-engine-x",,"""2025-11-21T17:20:39.870Z"""
"aa52de29-139c-4fa0-8ea9-94964f43f185","session-172","/products/engwe-engine-x","7af16635-825a-4282-bdd7-8d7c07c0184a","""2025-11-28T04:49:48.285Z"""
"79490a09-d050-49f1-9ccf-243da5407812","session-416","/products/engwe-engine-x","7af16635-825a-4282-bdd7-8d7c07c0184a","""2025-11-03T08:10:12.550Z"""
"e360ab3b-9e96-483c-b474-da58e359d841","session-105","/cart","7af16635-825a-4282-bdd7-8d7c07c0184a","""2025-11-04T12:33:22.663Z"""
"80d9f777-511a-4fa3-8d14-407dc39432ca","session-474","/products/engwe-engine-x","7af16635-825a-4282-bdd7-8d7c07c0184a","""2025-11-25T01:35:26.843Z"""
"bb017dfc-8724-43cc-bbc8-2b9cf0182394","session-24","/","7af16635-825a-4282-bdd7-8d7c07c0184a","""2025-11-21T08:55:35.511Z"""
"139156ea-0eeb-4990-a164-0cdede45262d","session-334","/","7af16635-825a-4282-bdd7-8d7c07c0184a","""2025-11-05T19:50:51.246Z"""
"cf90e333-69a1-4478-b531-50af313d0091","session-489","/products/engwe-engine-x",,"""2025-12-02T00:41:08.889Z"""
"f8b98abb-faea-4369-a718-ab0b4a935108","session-150","/products/engwe-engine-x",,"""2025-11-24T21:22:49.063Z"""
"d6b96fe1-e702-44cb-a665-30d569e3dd15","session-373","/","7af16635-825a-4282-bdd7-8d7c07c0184a","""2025-11-22T04:08:58.339Z"""
"ca5338d7-ead8-4449-97d6-0ae8c99f4191","session-417","/shop",,"""2025-11-20T05:18:03.948Z"""
"0fa017aa-dc5f-47fd-bc9d-34e154d6f3ec","session-375","/shop","7af16635-825a-4282-bdd7-8d7c07c0184a","""2025-11-30T03:03:29.125Z"""
"a3d36937-1817-4d42-b92b-f19b2274c0f6","session-87","/products/engwe-engine-x","7af16635-825a-4282-bdd7-8d7c07c0184a","""2025-11-29T09:14:57.930Z"""
"9ba050ab-9368-4032-b935-9a70bf603339","session-37","/","7af16635-825a-4282-bdd7-8d7c07c0184a","""2025-11-15T02:51:08.594Z"""
"b89c7ccb-6af1-4edd-974a-55fa1908035e","session-399","/shop","7af16635-825a-4282-bdd7-8d7c07c0184a","""2025-12-01T18:50:24.186Z"""
"ed499c33-7e88-4e89-b82f-589a422b8177","session-307","/cart","7af16635-825a-4282-bdd7-8d7c07c0184a","""2025-11-25T11:26:17.514Z"""
"6c928663-cad5-4ee3-851a-03664a0414f5","session-234","/shop",,"""2025-11-10T22:05:19.919Z"""
"c3645c61-1b1d-4da9-8056-8038c884b210","session-164","/shop",,"""2025-11-16T04:48:42.186Z"""
"9d4c4888-846b-43ca-bf0c-e7979cf3927a","session-75","/",,"""2025-11-07T04:08:57.281Z"""
"a8d4eab1-9d72-4834-a48b-58ac45a2df6d","session-419","/products/engwe-engine-x","7af16635-825a-4282-bdd7-8d7c07c0184a","""2025-11-06T06:31:14.934Z"""
"80e5da02-ea64-4d09-86f2-a790cbb4546a","session-464","/shop","7af16635-825a-4282-bdd7-8d7c07c0184a","""2025-11-29T14:39:00.729Z"""
"a6747790-1e3a-48bb-aa99-115ac8bcd57b","session-244","/products/engwe-engine-x","7af16635-825a-4282-bdd7-8d7c07c0184a","""2025-11-04T01:24:01.061Z"""
"92427df0-ecaa-4a18-ada6-636acb2bb8e4","session-212","/",,"""2025-11-14T02:36:17.914Z"""
"b0730aec-c758-471b-a09c-0fdab79e92a2","session-170","/cart","7af16635-825a-4282-bdd7-8d7c07c0184a","""2025-11-05T22:00:07.014Z"""
"d3671960-038e-4d8b-8a0b-59ff9974efde","session-99","/shop",,"""2025-11-11T06:50:48.656Z"""
"e49c6e2e-d89d-4637-8bda-c120878fffd0","session-45","/",,"""2025-11-21T01:48:30.605Z"""
"89691683-afce-40aa-9190-6b8aa48583a4","session-302","/shop","7af16635-825a-4282-bdd7-8d7c07c0184a","""2025-11-15T01:37:26.487Z"""
"201b75e7-9704-4e8c-a1b4-67bc00d09d49","session-197","/products/engwe-engine-x","7af16635-825a-4282-bdd7-8d7c07c0184a","""2025-11-06T13:33:43.481Z"""
"b8f694a4-0541-4368-a3f2-1182c554c76d","session-375","/shop","7af16635-825a-4282-bdd7-8d7c07c0184a","""2025-12-02T04:21:40.518Z"""
"e15e4510-6749-4cb6-9b4c-6e845f055014","session-118","/",,"""2025-11-10T20:15:57.560Z"""
"ccef3a52-a2f8-4e5b-9ee1-b1a37d3212ec","session-313","/shop","7af16635-825a-4282-bdd7-8d7c07c0184a","""2025-11-04T09:03:36.203Z"""
"2db3de6f-75c4-4da6-9d31-e4ea27639605","session-425","/shop","7af16635-825a-4282-bdd7-8d7c07c0184a","""2025-11-27T11:03:51.507Z"""
"cfa48b4f-4353-4ab2-bb8b-d364a3f7c411","session-418","/products/engwe-engine-x","7af16635-825a-4282-bdd7-8d7c07c0184a","""2025-11-18T17:12:14.564Z"""
"6d57c289-ada6-4809-aadd-1d5dec1ea800","session-399","/",,"""2025-11-25T01:05:19.236Z"""
"2142823b-3b87-4830-bf5d-95f395b4e312","session-80","/",,"""2025-11-07T08:42:04.315Z"""
"c974a124-4e55-48a3-b6b6-af23e5d44ea8","session-9","/products/engwe-engine-x","7af16635-825a-4282-bdd7-8d7c07c0184a","""2025-11-19T17:05:24.989Z"""
"0b0d939b-0caf-409f-894a-e95372080d49","session-426","/shop",,"""2025-11-03T17:41:29.123Z"""
"81ee69fe-529b-41d5-87fc-7f88d7777e49","session-72","/",,"""2025-11-15T16:32:02.195Z"""
"340a96b1-5741-4049-ab4c-2fd24983f62b","session-246","/products/engwe-engine-x","7af16635-825a-4282-bdd7-8d7c07c0184a","""2025-11-14T00:57:06.482Z"""
"2eb1a227-f734-4ecb-a834-9b39898eccbd","session-282","/products/engwe-engine-x","7af16635-825a-4282-bdd7-8d7c07c0184a","""2025-12-02T08:08:51.339Z"""
"6acb11b8-6b6c-4ad6-9c7b-1383e4c28028","session-8","/shop","7af16635-825a-4282-bdd7-8d7c07c0184a","""2025-11-13T02:06:27.328Z"""
"91d13f10-8356-4f1a-8481-b1bb782474a9","session-193","/","7af16635-825a-4282-bdd7-8d7c07c0184a","""2025-11-28T11:05:10.942Z"""
"2ea44c88-3ef9-46fc-b69a-9eedb6056263","session-120","/","7af16635-825a-4282-bdd7-8d7c07c0184a","""2025-11-22T10:32:51.444Z"""
"0a37570a-f495-4150-bb70-4f5df3e8a0bb","session-102","/shop",,"""2025-11-30T00:43:33.471Z"""
"64bc873a-3480-45ba-94a3-d55ef111f82f","session-335","/products/engwe-engine-x","7af16635-825a-4282-bdd7-8d7c07c0184a","""2025-11-25T15:38:58.607Z"""
"b15e1359-cd46-4840-bd08-38df808845d1","session-330","/products/engwe-engine-x",,"""2025-11-19T15:40:47.499Z"""
"1a1fe952-0030-42e1-ac4d-ef90573956b0","session-79","/","7af16635-825a-4282-bdd7-8d7c07c0184a","""2025-12-02T01:13:42.638Z"""
"cb669b3c-1bab-4370-b0e8-63d47173f669","session-181","/cart",,"""2025-12-02T22:17:38.146Z"""
"70c0fd51-5bf4-4693-98cb-18dce7788224","session-392","/shop","7af16635-825a-4282-bdd7-8d7c07c0184a","""2025-11-15T11:57:06.713Z"""
"8fe2b184-17b6-4e84-9230-091d4133abdd","session-90","/products/engwe-engine-x",,"""2025-11-23T16:33:04.931Z"""
"e473a98b-d79a-4af3-a0b0-b25002178f18","session-281","/","7af16635-825a-4282-bdd7-8d7c07c0184a","""2025-11-11T08:12:37.663Z"""
"cf042543-bd2d-452c-aaf7-0fdabfa0687f","session-46","/","7af16635-825a-4282-bdd7-8d7c07c0184a","""2025-11-16T17:11:23.411Z"""
"d857e16a-de3a-47eb-9f1b-1a5ceb69cf7d","session-452","/",,"""2025-11-09T16:39:57.612Z"""
"9e8cb7cf-6e91-4ad3-933f-0a0948725d07","session-135","/shop","7af16635-825a-4282-bdd7-8d7c07c0184a","""2025-11-22T07:12:43.462Z"""
"1d266a0a-4b94-4143-89ad-0d4a0c907953","session-87","/products/engwe-engine-x",,"""2025-11-17T17:36:19.467Z"""
"7a580547-b20f-48ad-9b96-fd2d60bafb78","session-66","/",,"""2025-11-30T10:04:04.128Z"""
"2c9d2192-8932-4125-9bde-622ebb78b2d0","session-211","/products/engwe-engine-x",,"""2025-11-23T02:32:16.714Z"""
"5dfe25f5-07b3-4f76-93cb-15cb1afbf786","session-191","/shop",,"""2025-11-11T14:05:45.244Z"""
"934d6d16-9653-44e0-b480-ca510a10abf1","session-332","/shop","7af16635-825a-4282-bdd7-8d7c07c0184a","""2025-11-16T01:19:29.399Z"""
"717cbaa3-4cb8-41cb-91c6-d13c966b51d4","session-454","/products/engwe-engine-x","7af16635-825a-4282-bdd7-8d7c07c0184a","""2025-11-23T05:00:08.855Z"""
"0b795485-d831-4848-b53c-c0876261e713","session-16","/shop","7af16635-825a-4282-bdd7-8d7c07c0184a","""2025-11-16T18:43:11.268Z"""
"a575cf04-3050-4f99-8fdf-dff65ea048c7","session-436","/products/engwe-engine-x","7af16635-825a-4282-bdd7-8d7c07c0184a","""2025-11-14T22:15:06.003Z"""
"5f3991b6-e99f-4c8b-916e-d1b0cb558933","session-369","/products/engwe-engine-x","7af16635-825a-4282-bdd7-8d7c07c0184a","""2025-11-16T07:14:02.236Z"""
"d275048a-99fd-4c51-9445-00884ff835e8","session-378","/shop","7af16635-825a-4282-bdd7-8d7c07c0184a","""2025-11-30T12:59:29.515Z"""
"df2a25cc-5d29-4ceb-a1b1-aca011a27aaa","session-119","/","7af16635-825a-4282-bdd7-8d7c07c0184a","""2025-11-03T22:04:36.850Z"""
"978577b2-e314-4018-8391-e308c5856a7f","session-21","/",,"""2025-11-16T01:34:43.613Z"""
"a20c8386-c8fa-4400-a6ab-735671d07a6b","session-106","/shop","7af16635-825a-4282-bdd7-8d7c07c0184a","""2025-12-02T20:26:54.389Z"""
"3bffadd1-e3b2-40d7-9b88-3c9ba2cf6fa3","session-400","/products/engwe-engine-x","7af16635-825a-4282-bdd7-8d7c07c0184a","""2025-11-30T04:07:36.365Z"""
"8d46b608-7bec-4d07-b60f-20f2002ace28","session-69","/","7af16635-825a-4282-bdd7-8d7c07c0184a","""2025-11-03T11:05:12.943Z"""
"c38be9f0-b4b8-4eac-86d2-48363387cc0c","session-235","/shop","7af16635-825a-4282-bdd7-8d7c07c0184a","""2025-11-09T08:55:14.091Z"""
"08331d4e-063e-42ec-b2dc-d207cdb75d22","session-372","/shop",,"""2025-11-24T03:46:28.634Z"""
"a096186d-a4fb-4a2c-8f3f-b2f9add1dac9","session-438","/",,"""2025-11-27T09:23:12.210Z"""
"4ecab80d-3381-47af-b227-1a41e541a90b","session-453","/products/engwe-engine-x",,"""2025-11-28T00:28:30.780Z"""
"ea56d3a7-e16f-49f2-9b87-90fc9492123c","session-326","/cart","7af16635-825a-4282-bdd7-8d7c07c0184a","""2025-11-18T17:09:47.136Z"""
"f198f129-e082-476a-9825-f9ae47ccf457","session-325","/shop",,"""2025-11-12T14:02:50.830Z"""
"e526e352-84ba-420a-ae54-af353cee9146","session-458","/shop","7af16635-825a-4282-bdd7-8d7c07c0184a","""2025-11-03T00:36:26.573Z"""
"e049e7b7-c66b-4a31-b153-733bbf95b23a","session-129","/",,"""2025-11-18T22:33:08.920Z"""
"2024b4ed-f7f1-48f7-b42a-e1c762f72310","session-362","/shop",,"""2025-12-01T04:02:43.008Z"""
"ade43afe-8e29-4110-a907-a66c6a3af2d1","session-259","/products/engwe-engine-x","7af16635-825a-4282-bdd7-8d7c07c0184a","""2025-11-28T05:35:36.712Z"""
"2fec3f01-e8cf-417f-a4d2-4964a2a555dd","session-117","/","7af16635-825a-4282-bdd7-8d7c07c0184a","""2025-11-16T19:55:02.592Z"""
"90125789-98ac-4977-a2d1-2df4227b4a0a","session-298","/products/engwe-engine-x",,"""2025-11-29T02:18:01.363Z"""
"ae1ece63-ad16-4bfc-bc91-7d8149bde08e","session-277","/",,"""2025-11-12T14:39:50.240Z"""
"fe12f730-923c-4c0a-9bf4-b1dc77a5b265","session-166","/cart",,"""2025-11-30T15:30:23.371Z"""
"df4be4ff-edee-406a-837d-9ffdf91afbb4","session-133","/","7af16635-825a-4282-bdd7-8d7c07c0184a","""2025-11-19T10:58:07.137Z"""
"7cde0827-60ec-4454-aa7d-0fb90eebb219","session-456","/products/engwe-engine-x","7af16635-825a-4282-bdd7-8d7c07c0184a","""2025-11-04T02:09:51.697Z"""
"dc2a82ab-01b7-47a3-9d0e-57d536e4fcbd","session-180","/products/engwe-engine-x","7af16635-825a-4282-bdd7-8d7c07c0184a","""2025-11-20T11:37:56.830Z"""
"9b08bc33-149b-4795-a609-bbe7e7ab8519","session-297","/shop",,"""2025-11-26T13:50:30.941Z"""
"f764dc04-450d-4d3c-8c40-2ea09a3cdb56","session-97","/shop",,"""2025-12-02T01:10:27.927Z"""
"b7490f78-9995-45b6-b985-bb461d102755","session-164","/products/engwe-engine-x","7af16635-825a-4282-bdd7-8d7c07c0184a","""2025-11-16T17:52:54.733Z"""
"72f11f54-8454-4d48-ad98-54404e46add1","session-369","/","7af16635-825a-4282-bdd7-8d7c07c0184a","""2025-11-08T20:00:11.506Z"""
"8a933a5b-fc37-490d-bae4-924a0075a58e","session-403","/shop","7af16635-825a-4282-bdd7-8d7c07c0184a","""2025-11-23T22:13:31.885Z"""
"af08a35c-bdc6-4cbf-a74f-55fd0b49c0f4","session-460","/products/engwe-engine-x","7af16635-825a-4282-bdd7-8d7c07c0184a","""2025-11-27T12:02:50.849Z"""
"3f5f096b-ffa4-416f-a18b-5b9972968c9a","session-335","/shop",,"""2025-11-15T04:41:10.860Z"""
"9712598b-4c22-4c16-93aa-e6fb1f9f3796","session-379","/","7af16635-825a-4282-bdd7-8d7c07c0184a","""2025-11-18T00:03:21.959Z"""
"530722ed-2bbc-4ace-9de6-4ebbb59cf50f","session-216","/","7af16635-825a-4282-bdd7-8d7c07c0184a","""2025-11-15T18:58:49.455Z"""
"2fff4954-c8bf-4200-9d15-bf295f0f4da6","session-381","/products/engwe-engine-x",,"""2025-11-21T09:56:26.324Z"""
"c8c59d11-64f1-4a28-9552-df7d436ef680","session-211","/products/engwe-engine-x","7af16635-825a-4282-bdd7-8d7c07c0184a","""2025-11-03T08:24:00.527Z"""
"fb21d439-875a-432b-9f3d-e973e3d03950","session-342","/",,"""2025-12-02T08:22:17.576Z"""
"74d10b89-341e-44e6-aa0e-4235b825193d","session-495","/products/engwe-engine-x","7af16635-825a-4282-bdd7-8d7c07c0184a","""2025-12-02T13:23:41.479Z"""
"34c072be-192f-4d61-8949-735616cc4fd0","session-335","/products/engwe-engine-x",,"""2025-11-29T17:53:42.073Z"""
"f91bd045-3fc8-43ad-b958-998a00f88b94","session-477","/cart","7af16635-825a-4282-bdd7-8d7c07c0184a","""2025-11-27T07:23:19.690Z"""
"d969ef15-37d4-4450-af22-e6e6a31706b8","session-386","/cart","7af16635-825a-4282-bdd7-8d7c07c0184a","""2025-11-21T20:53:06.255Z"""
"9d34173e-bb30-4581-9f72-8b2af04135dc","session-400","/",,"""2025-11-27T00:03:35.372Z"""
"905a0e4f-0abb-4559-ab2c-f24080bce013","session-376","/shop",,"""2025-11-29T21:21:46.736Z"""
"d6ffa46d-7f70-4ad0-8247-83e1b683e59e","session-266","/","7af16635-825a-4282-bdd7-8d7c07c0184a","""2025-11-20T00:01:56.009Z"""
"5de068ea-b698-4bcf-9276-d13240be4562","session-185","/products/engwe-engine-x",,"""2025-11-14T20:37:47.269Z"""
"fd65dd3e-4e91-44e0-b44b-cbe587170870","session-169","/products/engwe-engine-x","7af16635-825a-4282-bdd7-8d7c07c0184a","""2025-11-04T20:17:03.941Z"""
"d2f700f7-a716-4c59-860a-03763ee61ea6","session-465","/","7af16635-825a-4282-bdd7-8d7c07c0184a","""2025-11-04T14:38:42.678Z"""
"bd43b7c0-0436-4a1a-914a-baa0fa0d2dea","session-166","/","7af16635-825a-4282-bdd7-8d7c07c0184a","""2025-11-23T15:21:13.694Z"""
"b22a3f6e-e68d-4b30-aa40-56aae1401f44","session-193","/shop","7af16635-825a-4282-bdd7-8d7c07c0184a","""2025-11-15T21:17:25.231Z"""
"64eb08a1-1af0-4ec1-9598-562dcf115f5a","session-134","/","7af16635-825a-4282-bdd7-8d7c07c0184a","""2025-11-16T12:15:00.426Z"""
"a4740dc4-bcc2-43f4-87dc-5db0a189fb55","session-251","/","7af16635-825a-4282-bdd7-8d7c07c0184a","""2025-11-25T13:50:17.108Z"""
"2fb939cc-d2c7-4b24-bf2d-c828b8319781","session-455","/cart",,"""2025-11-14T00:54:27.198Z"""
"16e2036d-f310-46ed-83f7-52905d146886","session-465","/","7af16635-825a-4282-bdd7-8d7c07c0184a","""2025-11-29T12:24:26.864Z"""
"28350706-0a8b-4ef3-a7da-7152d72185f4","session-45","/shop",,"""2025-11-04T16:41:09.924Z"""
"030d7a3c-de7d-4fa2-8c1b-7e2741eea56f","session-91","/products/engwe-engine-x","7af16635-825a-4282-bdd7-8d7c07c0184a","""2025-11-21T21:49:59.390Z"""
"18b274e6-8fcc-4320-ba7d-7175cda6c116","session-357","/",,"""2025-11-13T17:31:04.780Z"""
"c3bf3667-6044-4815-945e-2aa6a0b8f60e","session-463","/products/engwe-engine-x","7af16635-825a-4282-bdd7-8d7c07c0184a","""2025-11-09T13:53:47.259Z"""
"d07e0a0a-930a-47d4-ba7f-e7b1eb3e6834","session-205","/cart",,"""2025-11-26T10:10:48.163Z"""
"5a6911b7-eb4a-4354-a18c-7f97a5d288f4","session-363","/products/engwe-engine-x","7af16635-825a-4282-bdd7-8d7c07c0184a","""2025-11-29T19:49:46.286Z"""
"f09019db-9831-43fe-b611-f88582925dd2","session-177","/products/engwe-engine-x",,"""2025-11-17T00:03:04.991Z"""
"06e016ed-66dd-4409-aa64-5741804749d0","session-273","/","7af16635-825a-4282-bdd7-8d7c07c0184a","""2025-11-22T13:58:05.693Z"""
"b2a6ad43-4558-4abd-bfc6-9035a0f36df7","session-237","/","7af16635-825a-4282-bdd7-8d7c07c0184a","""2025-11-08T18:52:41.865Z"""
"52a68565-4534-4393-b09a-cc6395bb15cf","session-145","/",,"""2025-11-04T09:10:01.415Z"""
"4735723a-8aff-4b4f-bf62-b02f79ad48e9","session-21","/",,"""2025-11-23T07:27:24.233Z"""
"ddabc2e0-d2ef-4da6-83d1-75142844fb48","session-135","/products/engwe-engine-x","7af16635-825a-4282-bdd7-8d7c07c0184a","""2025-11-29T05:19:14.784Z"""
"ccc7f391-aa1e-4016-93f8-8947f5d52379","session-157","/","7af16635-825a-4282-bdd7-8d7c07c0184a","""2025-11-26T13:03:25.567Z"""
"c0af4e82-c5ce-4a70-84e4-bc26047717d5","session-293","/shop",,"""2025-11-10T01:16:05.287Z"""
"7ef50d01-7fa3-4351-8968-0d5da234104b","session-116","/cart","7af16635-825a-4282-bdd7-8d7c07c0184a","""2025-11-10T20:46:43.585Z"""
"a2e8cac9-f6f9-4766-8321-59929f259e25","session-360","/shop","7af16635-825a-4282-bdd7-8d7c07c0184a","""2025-11-30T07:14:36.322Z"""
"aebdc17e-0da8-4e03-9d9c-861d62128628","session-166","/shop","7af16635-825a-4282-bdd7-8d7c07c0184a","""2025-11-18T04:11:25.328Z"""
"3b1a1c1f-d048-4a49-b3be-cb669589b7cb","session-26","/shop","7af16635-825a-4282-bdd7-8d7c07c0184a","""2025-11-05T11:23:22.210Z"""
"ade0b60d-166c-4b4b-b03b-adc0101ec2bc","session-60","/shop","7af16635-825a-4282-bdd7-8d7c07c0184a","""2025-11-06T10:17:46.618Z"""
"8d5c6cf6-15b4-4e3d-b127-45ec9cba17fe","session-129","/","7af16635-825a-4282-bdd7-8d7c07c0184a","""2025-11-21T07:43:28.867Z"""
"bafbcc7a-888f-4a7a-bcff-79a775b612e8","session-240","/","7af16635-825a-4282-bdd7-8d7c07c0184a","""2025-11-08T09:45:17.950Z"""
"b6b50040-6cd1-4017-acae-eb9380f9809d","session-268","/",,"""2025-11-03T06:01:29.065Z"""
"a5c9ce93-2996-452d-b05b-06bbc48ee01c","session-456","/shop","7af16635-825a-4282-bdd7-8d7c07c0184a","""2025-11-27T07:05:11.042Z"""
"dc20edc8-6134-46ec-911e-add073e8280c","session-3","/cart","7af16635-825a-4282-bdd7-8d7c07c0184a","""2025-12-02T12:12:28.429Z"""
"0b75e29c-d6ad-4597-93e8-2c6df905b7e1","session-211","/","7af16635-825a-4282-bdd7-8d7c07c0184a","""2025-11-24T01:08:53.188Z"""
"77fc694a-062f-404e-a24a-94c892854790","session-291","/shop","7af16635-825a-4282-bdd7-8d7c07c0184a","""2025-12-02T10:34:27.673Z"""
"0d2e4ac0-ae96-40cf-a1bd-0209566c5d7a","session-155","/cart","7af16635-825a-4282-bdd7-8d7c07c0184a","""2025-11-24T21:18:45.487Z"""
"6bd623b8-fae5-48db-abdf-4265c71dbe49","session-265","/","7af16635-825a-4282-bdd7-8d7c07c0184a","""2025-11-20T12:20:47.330Z"""
"147557d6-c6b4-4fae-ba78-6dc5b6ff3aa6","session-488","/",,"""2025-11-17T07:29:43.267Z"""
"272275e4-1e27-4df9-9d67-08dac65435fd","session-476","/","7af16635-825a-4282-bdd7-8d7c07c0184a","""2025-11-29T08:22:22.470Z"""
"1c4c3a7f-c135-4b53-94b3-644e8f7baa9f","session-301","/",,"""2025-11-27T13:45:51.952Z"""
"11d4e01b-6073-4844-9a2d-d3ed548d4fb0","session-384","/","7af16635-825a-4282-bdd7-8d7c07c0184a","""2025-11-13T07:31:02.186Z"""
"5724ab2c-44cd-4196-9d31-7fb77e77f7a1","session-470","/shop",,"""2025-11-16T08:53:53.734Z"""
"f44b633a-ad59-4bd5-9419-52675e68b4c7","session-79","/products/engwe-engine-x",,"""2025-11-17T10:41:27.246Z"""
"07f6a20a-fd2a-43e1-8292-281877dac545","session-115","/shop",,"""2025-11-21T19:03:56.594Z"""
"b48a8366-34ee-4546-886c-904cb38fb17a","session-108","/products/engwe-engine-x","7af16635-825a-4282-bdd7-8d7c07c0184a","""2025-11-22T04:50:09.711Z"""
"771cfdc6-65af-45c0-a8b4-6114629a248f","session-32","/","7af16635-825a-4282-bdd7-8d7c07c0184a","""2025-11-27T20:36:22.741Z"""
"a437db8c-3386-423f-96aa-425cb51f4920","session-179","/",,"""2025-11-21T15:14:40.461Z"""
"3bc8d75a-35af-408d-91b3-f822573f0ca2","session-292","/",,"""2025-11-03T17:48:50.110Z"""
"7482f450-ad5a-4ef2-baa2-65f5255c7cbd","session-419","/","7af16635-825a-4282-bdd7-8d7c07c0184a","""2025-11-25T06:04:42.575Z"""
"8f720b28-032e-42b3-99c6-b8db10e29258","session-338","/",,"""2025-11-17T21:46:04.045Z"""
"cb9f3359-7bbc-4dda-8cfa-896ad1a6cf30","session-327","/shop","7af16635-825a-4282-bdd7-8d7c07c0184a","""2025-11-20T11:43:34.683Z"""
"09968bda-ff26-480b-b56b-1b2b3d28b0a9","session-30","/shop","7af16635-825a-4282-bdd7-8d7c07c0184a","""2025-11-11T10:24:47.407Z"""
"c238020c-273d-4c0c-9e4b-4fd332637b93","session-497","/products/engwe-engine-x","7af16635-825a-4282-bdd7-8d7c07c0184a","""2025-11-20T07:24:23.702Z"""
"c04ce544-b148-4101-abe5-6c71ea5d5def","session-360","/","7af16635-825a-4282-bdd7-8d7c07c0184a","""2025-11-22T21:21:50.473Z"""
"98fbfc63-91fa-4a50-8a90-7cc949bf7edb","session-273","/cart","7af16635-825a-4282-bdd7-8d7c07c0184a","""2025-11-10T17:50:03.701Z"""
"b5d7e74d-95ca-48de-9aed-179933a163e6","session-236","/products/engwe-engine-x","7af16635-825a-4282-bdd7-8d7c07c0184a","""2025-12-01T07:56:50.477Z"""
"668e9f03-9e1a-49a7-9631-ed7be6ec53a2","session-221","/shop","7af16635-825a-4282-bdd7-8d7c07c0184a","""2025-11-17T05:32:53.468Z"""
"2a2c29b4-ac44-4a65-bc25-f317593abb64","session-365","/","7af16635-825a-4282-bdd7-8d7c07c0184a","""2025-11-26T04:04:21.952Z"""
"f493ae6d-051e-4dd0-9f4d-3987224651ea","session-77","/shop","7af16635-825a-4282-bdd7-8d7c07c0184a","""2025-11-07T16:04:54.609Z"""
"cd6e9b35-f6ff-4834-b203-c2f7a4ea26f8","session-216","/shop","7af16635-825a-4282-bdd7-8d7c07c0184a","""2025-11-28T17:36:54.971Z"""
"3e69c631-328d-41cb-8e96-eee893bf0b3d","session-355","/cart",,"""2025-11-09T14:59:02.901Z"""
"c17a37cb-6c74-4b28-baac-5335328fc12e","session-106","/","7af16635-825a-4282-bdd7-8d7c07c0184a","""2025-11-27T01:36:52.316Z"""
"7a19c5bc-6008-4385-857e-119f471e66f3","session-497","/shop","7af16635-825a-4282-bdd7-8d7c07c0184a","""2025-12-01T14:57:11.124Z"""
"0fcc40cc-95aa-448f-8ee0-d8b9c10840d2","session-189","/products/engwe-engine-x","7af16635-825a-4282-bdd7-8d7c07c0184a","""2025-12-01T15:36:57.924Z"""
"1050d360-3abe-499f-bfeb-24ebb8710796","session-486","/cart","7af16635-825a-4282-bdd7-8d7c07c0184a","""2025-11-23T03:14:25.173Z"""
"e57e408d-9382-4ffa-9faa-5153f9107b06","session-358","/products/engwe-engine-x","7af16635-825a-4282-bdd7-8d7c07c0184a","""2025-11-29T19:59:45.555Z"""
"cbe68fb8-c145-44b5-baf8-ec46ff8bf247","session-231","/",,"""2025-11-27T11:34:34.893Z"""
"e208f812-6a56-469e-878b-16239ff105d6","session-93","/shop","7af16635-825a-4282-bdd7-8d7c07c0184a","""2025-11-23T21:18:14.715Z"""
"c578aa14-f02d-4c07-92cf-161296517268","session-259","/shop",,"""2025-11-29T03:56:23.189Z"""
"d45522e3-d324-45cf-a3ab-bb213cfe11fb","session-175","/shop",,"""2025-11-25T04:02:51.623Z"""
"782bae1d-d9ad-49e2-81bc-924188c8b6c2","session-316","/shop",,"""2025-11-09T05:19:06.077Z"""
"745e9d0d-5ffd-4ded-8c5e-8e23f7273b51","session-16","/products/engwe-engine-x",,"""2025-11-27T00:05:23.416Z"""
"6664a95e-4d90-4833-b68c-d6552860a27a","session-451","/",,"""2025-11-15T11:22:19.080Z"""
"b0a22530-1e6d-42d3-b3c9-6cb750b89184","session-372","/cart",,"""2025-11-16T14:16:21.980Z"""
"87c4a145-cbad-4c1c-838f-5770bff61b0d","session-298","/shop","7af16635-825a-4282-bdd7-8d7c07c0184a","""2025-11-14T18:24:57.377Z"""
"68e8a2b7-9c26-4117-8407-43df0ee12d42","session-62","/shop",,"""2025-11-04T16:05:25.563Z"""
"040e6ebd-c739-45d4-8637-c31862701921","session-22","/shop",,"""2025-11-05T20:01:40.125Z"""
"4bedaf25-ac8b-43be-8ea2-a8991bed55dc","session-11","/cart",,"""2025-11-16T18:21:37.491Z"""
"9545db7a-aa99-46c1-9103-bdbfb9f0ef35","session-169","/","7af16635-825a-4282-bdd7-8d7c07c0184a","""2025-11-11T11:49:58.242Z"""
"8845b5fc-9566-4652-9e48-b6e9dd5b3220","session-101","/","7af16635-825a-4282-bdd7-8d7c07c0184a","""2025-11-15T15:43:30.632Z"""
"8ef1cd2d-9da2-4f02-ba84-36dacde81ace","session-330","/products/engwe-engine-x","7af16635-825a-4282-bdd7-8d7c07c0184a","""2025-11-28T03:13:56.837Z"""
"a2919612-09dd-4864-848a-8556fd4dbe09","session-363","/","7af16635-825a-4282-bdd7-8d7c07c0184a","""2025-11-22T01:53:19.793Z"""
"4d48c148-481f-40ff-9253-7791da1c35bc","session-380","/",,"""2025-11-15T00:45:31.943Z"""
"c4ea50f7-cc78-4396-a732-faa2c4d92c50","session-21","/shop","7af16635-825a-4282-bdd7-8d7c07c0184a","""2025-11-11T10:59:32.366Z"""
"91c15aef-324c-4632-b166-0b69d9a251bd","session-267","/products/engwe-engine-x","7af16635-825a-4282-bdd7-8d7c07c0184a","""2025-11-11T05:12:25.898Z"""
"92f7e243-80d0-4e2b-8a72-cbb05eaf5f20","session-188","/shop","7af16635-825a-4282-bdd7-8d7c07c0184a","""2025-11-15T10:41:20.346Z"""
"129f378a-d6af-43f8-a168-fa157f3e9b05","session-488","/shop","7af16635-825a-4282-bdd7-8d7c07c0184a","""2025-12-02T04:31:58.068Z"""
"8031e36b-9b82-4745-8052-74dc78a131c2","session-127","/products/engwe-engine-x","7af16635-825a-4282-bdd7-8d7c07c0184a","""2025-11-09T20:26:29.091Z"""
"736f426e-0566-4b6b-8fdd-927438bdb25b","session-32","/products/engwe-engine-x","7af16635-825a-4282-bdd7-8d7c07c0184a","""2025-11-28T04:50:40.228Z"""
"4c8d0a55-47b9-48c4-874c-f10d28d2eec3","session-355","/","7af16635-825a-4282-bdd7-8d7c07c0184a","""2025-11-25T11:18:31.017Z"""
"2ee4a4a3-b683-4c9d-b0e2-e145585aa9f0","session-329","/","7af16635-825a-4282-bdd7-8d7c07c0184a","""2025-11-21T20:50:06.980Z"""
"9e051d2b-28fe-468c-a0d7-b1859e324d58","session-80","/cart","7af16635-825a-4282-bdd7-8d7c07c0184a","""2025-11-13T02:15:13.268Z"""
"b45ab174-556b-4c4b-acf3-b15c6ed05f2e","session-87","/",,"""2025-11-12T20:17:18.234Z"""
"ea962abc-5a9e-402c-8715-0d03b21dbd29","session-320","/","7af16635-825a-4282-bdd7-8d7c07c0184a","""2025-11-14T15:57:01.037Z"""
"02704cdd-4b9a-4590-b2cf-a0b3581d04ab","session-219","/shop",,"""2025-11-18T19:43:04.933Z"""
"af860c74-2812-4305-aa62-b6d4937dabb9","session-215","/shop",,"""2025-11-21T00:45:15.430Z"""
"6b79c609-3417-425c-8f9f-96386b9747f8","session-102","/products/engwe-engine-x","7af16635-825a-4282-bdd7-8d7c07c0184a","""2025-11-04T06:37:48.922Z"""
"a81a6356-5e46-49c5-be04-596f6e192ee7","session-280","/cart",,"""2025-11-26T17:00:27.044Z"""
"bd6c9045-d073-4aec-86ee-9998694664ef","session-5","/",,"""2025-11-15T04:39:05.859Z"""
"03c80580-84a3-47f9-8ff8-e968e6aeb21b","session-272","/shop","7af16635-825a-4282-bdd7-8d7c07c0184a","""2025-11-25T11:52:46.256Z"""
"64b0f79e-c85b-42fc-8a2a-ae27ed63f30f","session-331","/",,"""2025-11-26T08:53:00.213Z"""
"c1cdcfc4-c223-4817-aec2-a3e35b01983a","session-432","/products/engwe-engine-x","7af16635-825a-4282-bdd7-8d7c07c0184a","""2025-11-27T19:53:30.714Z"""
"4c29713d-5c64-4eec-b406-90f37a2a50f5","session-233","/","7af16635-825a-4282-bdd7-8d7c07c0184a","""2025-11-26T09:30:11.360Z"""
"3a645561-8fd6-4ff9-8b3a-ea4ffcf1eb06","session-231","/shop","7af16635-825a-4282-bdd7-8d7c07c0184a","""2025-11-20T13:19:07.896Z"""
"86d48bdf-f448-4e8a-b8a2-3df55ba9b2ef","session-234","/products/engwe-engine-x","7af16635-825a-4282-bdd7-8d7c07c0184a","""2025-11-27T18:07:03.001Z"""
"241e7fe0-452d-47dc-8f76-d95aa9dba75e","session-183","/",,"""2025-11-18T16:08:01.634Z"""
"c5da50bf-d181-4338-abc1-a5edc279f480","session-274","/products/engwe-engine-x","7af16635-825a-4282-bdd7-8d7c07c0184a","""2025-11-03T01:57:20.884Z"""
"11e7431a-039c-4b13-84f4-93a3047d05d5","session-269","/",,"""2025-11-05T11:40:33.880Z"""
"732120d4-a56a-4112-9446-1e197cda80e2","session-174","/shop","7af16635-825a-4282-bdd7-8d7c07c0184a","""2025-11-18T16:09:34.127Z"""
"0c001ec6-9328-468a-a826-a8c192300007","session-86","/cart","7af16635-825a-4282-bdd7-8d7c07c0184a","""2025-11-08T07:36:49.871Z"""
"a77aae2a-f937-4e03-990c-2b58962947db","session-293","/products/engwe-engine-x",,"""2025-11-25T15:41:10.454Z"""
"afe9d8b9-079c-4e4b-a455-5342a5fdcf79","session-133","/shop",,"""2025-11-16T03:39:06.925Z"""
"1751d401-20c7-469a-bbf1-a480f61353cb","session-383","/",,"""2025-11-08T00:55:31.145Z"""
"2f992fe7-1494-4bd3-b613-03c54a084fdd","session-438","/products/engwe-engine-x","7af16635-825a-4282-bdd7-8d7c07c0184a","""2025-11-16T18:55:53.046Z"""
"89a60f37-1e3e-4bbc-a27b-7a5f55f3db80","session-153","/products/engwe-engine-x",,"""2025-11-25T15:37:29.397Z"""
"98e3891f-c1a0-45ba-96b9-97b35315d45b","session-368","/",,"""2025-11-18T22:09:05.066Z"""
"99dfe21a-f900-4e68-8d12-9d94e854c043","session-149","/shop",,"""2025-11-28T16:19:03.521Z"""
"6fe2146d-2a4e-42a0-bb61-72e04b955262","session-272","/shop","7af16635-825a-4282-bdd7-8d7c07c0184a","""2025-11-11T19:05:33.271Z"""
"024e080a-b496-450f-9ff7-8df936e487fe","session-56","/products/engwe-engine-x","7af16635-825a-4282-bdd7-8d7c07c0184a","""2025-11-06T20:21:35.404Z"""
"1de8deae-c8be-40ab-a9a9-e37b913cafda","session-169","/","7af16635-825a-4282-bdd7-8d7c07c0184a","""2025-11-11T17:05:03.536Z"""
"dc8e1dda-9eb6-4916-9877-8bcbb58890a6","session-414","/shop","7af16635-825a-4282-bdd7-8d7c07c0184a","""2025-11-26T19:10:43.713Z"""
"98b74f57-5de0-45a7-8bfe-ac2914b70d13","session-339","/shop","7af16635-825a-4282-bdd7-8d7c07c0184a","""2025-11-09T10:16:22.782Z"""
"ad2a5458-c540-4b97-a60a-ac29d2053e60","session-435","/shop","7af16635-825a-4282-bdd7-8d7c07c0184a","""2025-11-29T09:39:50.878Z"""
"e88f287f-ac24-49c0-a2b0-34df7190a935","session-120","/shop","7af16635-825a-4282-bdd7-8d7c07c0184a","""2025-11-23T07:00:47.453Z"""
"a8b727c8-1d03-4e84-8557-79a18c80b526","session-360","/shop",,"""2025-11-15T02:23:53.443Z"""
"f42f9aab-4d64-41f9-b57e-5b3edca515c0","session-141","/cart","7af16635-825a-4282-bdd7-8d7c07c0184a","""2025-11-03T22:43:06.018Z"""
"7eb58b76-b6ad-4042-9e42-7dce095f114d","session-89","/products/engwe-engine-x","7af16635-825a-4282-bdd7-8d7c07c0184a","""2025-11-07T10:08:33.967Z"""
"3efd7e60-9843-4309-9a7d-54c0b46363c3","session-450","/shop","7af16635-825a-4282-bdd7-8d7c07c0184a","""2025-11-05T18:34:41.599Z"""
"bbdc4910-d7b5-4d08-8724-4ad9758766d7","session-96","/shop",,"""2025-11-17T02:20:36.546Z"""
"acccb75c-c5ed-4858-a0c2-c62a29dee69a","session-37","/products/engwe-engine-x",,"""2025-11-13T00:29:01.200Z"""
"278ce22b-d02e-499d-9cac-191c92481386","session-458","/","7af16635-825a-4282-bdd7-8d7c07c0184a","""2025-11-26T16:49:02.255Z"""
"0bcd8f9c-5f3f-4ce5-8156-905fdbaa4e7c","session-116","/shop",,"""2025-11-13T18:36:01.561Z"""
"c48e5a94-3fe5-4085-8231-8da8cd58eb08","session-56","/products/engwe-engine-x","7af16635-825a-4282-bdd7-8d7c07c0184a","""2025-11-22T17:28:35.635Z"""
"6ec22be1-ead5-4fcb-a050-e323e2c83165","session-313","/",,"""2025-11-25T15:15:19.441Z"""
"cb067d4e-56a3-4d04-8f97-e7fb8c0faab2","session-438","/shop","7af16635-825a-4282-bdd7-8d7c07c0184a","""2025-11-26T07:05:09.634Z"""
"779fbd06-11e4-4a26-924a-5ae265900963","session-99","/shop","7af16635-825a-4282-bdd7-8d7c07c0184a","""2025-11-17T20:42:08.756Z"""
"a694c2c4-937b-4554-9eb4-0ec8a5f80aa3","session-49","/","7af16635-825a-4282-bdd7-8d7c07c0184a","""2025-11-25T16:42:44.658Z"""
"a6b54fc3-bc43-45d5-9d02-7f53d25f38c3","session-431","/","7af16635-825a-4282-bdd7-8d7c07c0184a","""2025-11-30T01:47:37.353Z"""
"b362975f-5468-493d-8e19-1c23fcd0d74d","session-457","/",,"""2025-11-06T07:05:42.866Z"""
"5205a44e-6249-4ac7-b4f2-d20f5db4614e","session-207","/products/engwe-engine-x","7af16635-825a-4282-bdd7-8d7c07c0184a","""2025-11-13T04:59:44.260Z"""
"e4129f75-1fe9-440f-9ff5-70fec60c0410","session-5","/cart","7af16635-825a-4282-bdd7-8d7c07c0184a","""2025-11-16T00:03:20.778Z"""
"47923aa2-58cd-405c-aff2-89e567bba8ee","session-316","/","7af16635-825a-4282-bdd7-8d7c07c0184a","""2025-11-24T11:04:10.956Z"""
"1fbfe2cb-2a52-4fdf-b1f6-e560c35b3d5d","session-461","/products/engwe-engine-x","7af16635-825a-4282-bdd7-8d7c07c0184a","""2025-11-19T16:43:04.411Z"""
"bf8a1ae7-60e8-479e-9c57-55d8d1731876","session-286","/products/engwe-engine-x","7af16635-825a-4282-bdd7-8d7c07c0184a","""2025-11-27T18:04:15.272Z"""
"0b7aadd1-92e1-4a68-b723-cd68b19eda4f","session-404","/shop","7af16635-825a-4282-bdd7-8d7c07c0184a","""2025-11-28T22:55:34.151Z"""
"a5c5dfea-0e19-48b2-ba93-7ff7653d1f75","session-425","/",,"""2025-11-20T06:57:31.526Z"""
"f0d380bb-ae5a-4eb0-81e8-87546b7255af","session-340","/shop","7af16635-825a-4282-bdd7-8d7c07c0184a","""2025-11-20T00:39:21.572Z"""
"f92d0775-b135-41c3-9c08-2989fc30f1da","session-357","/shop",,"""2025-11-18T11:58:04.855Z"""
"bce951c3-020c-45d8-baa2-0c74e0b779db","session-136","/shop","7af16635-825a-4282-bdd7-8d7c07c0184a","""2025-11-11T13:55:33.450Z"""
"6d52de46-d6d8-4cba-be5b-de1d38d5da78","session-102","/","7af16635-825a-4282-bdd7-8d7c07c0184a","""2025-11-24T12:42:55.105Z"""
"53515e56-d803-44ed-8607-cfc52a8f22e9","session-377","/shop","7af16635-825a-4282-bdd7-8d7c07c0184a","""2025-11-19T02:38:03.153Z"""
"0c64d068-5bb3-4a40-b5ac-dbfa7015689b","session-250","/",,"""2025-12-01T07:28:18.509Z"""
"64e7709d-3fb7-43cc-a54f-0e0ad0ea52a6","session-485","/shop",,"""2025-11-11T20:51:16.386Z"""
"04c92883-6cec-4d48-afce-8ca3bcb82068","session-471","/","7af16635-825a-4282-bdd7-8d7c07c0184a","""2025-11-10T00:55:16.139Z"""
"269fbc9f-9d78-45ab-82b2-5afe02c75467","session-159","/","7af16635-825a-4282-bdd7-8d7c07c0184a","""2025-11-13T14:09:28.000Z"""
"5cbc9468-3345-4f5d-9f7a-fb2ca36ab30a","session-406","/shop",,"""2025-11-18T13:31:17.702Z"""
"b560db3c-6547-47d2-9a61-d4bc8a7a396d","session-246","/","7af16635-825a-4282-bdd7-8d7c07c0184a","""2025-11-21T19:09:38.914Z"""
"9f1f5292-f26c-4d4f-b2fb-12ddb9dd79f3","session-265","/products/engwe-engine-x","7af16635-825a-4282-bdd7-8d7c07c0184a","""2025-11-05T05:59:40.839Z"""
"95943038-7998-4ca5-8516-7a4477e130f7","session-164","/shop","7af16635-825a-4282-bdd7-8d7c07c0184a","""2025-11-12T19:41:47.951Z"""
"7603f117-0ae2-4c27-b50e-f0f49f53d0a9","session-59","/","7af16635-825a-4282-bdd7-8d7c07c0184a","""2025-11-26T05:30:20.558Z"""
"57b8879e-d1c2-41d4-b2bf-12c2c175f13f","session-465","/",,"""2025-11-09T00:17:40.669Z"""
"2b34bf38-e4e5-4969-8d4f-8965a4fae181","session-271","/shop","7af16635-825a-4282-bdd7-8d7c07c0184a","""2025-11-16T15:28:07.838Z"""
"7b38b228-e8c4-4763-9da4-e90872b775ef","session-104","/","7af16635-825a-4282-bdd7-8d7c07c0184a","""2025-11-03T16:04:36.311Z"""
"e56dd87e-47b8-4f42-9e18-44abc4622bce","session-260","/products/engwe-engine-x",,"""2025-11-10T17:58:44.751Z"""
"44c3ab92-3948-435d-9ddf-6fc377200f03","session-219","/products/engwe-engine-x","7af16635-825a-4282-bdd7-8d7c07c0184a","""2025-11-03T14:00:00.633Z"""
"02a3f910-fa87-4c72-b576-73202a077c26","session-42","/shop","7af16635-825a-4282-bdd7-8d7c07c0184a","""2025-11-11T21:03:25.846Z"""
"f642d562-3500-46b2-b825-b4ae917fdea0","session-76","/","7af16635-825a-4282-bdd7-8d7c07c0184a","""2025-11-15T12:14:18.824Z"""
"c1dc79af-0915-46f8-b67a-12eebba76d78","session-110","/cart",,"""2025-11-15T10:23:40.816Z"""
"0f79401c-a3cc-409d-9816-55691b94584f","session-63","/shop","7af16635-825a-4282-bdd7-8d7c07c0184a","""2025-12-01T11:07:13.543Z"""
"6750ff27-661d-4ff2-986f-b22d79b16b7f","session-271","/cart","7af16635-825a-4282-bdd7-8d7c07c0184a","""2025-11-08T15:38:44.764Z"""
"25ca6caa-cfbe-40b9-8ef7-a3b1f7a984a4","session-30","/shop","7af16635-825a-4282-bdd7-8d7c07c0184a","""2025-11-25T21:02:56.568Z"""
"ce664afa-ef09-4e0d-bafb-ba8fbf801fad","session-152","/shop",,"""2025-11-24T15:00:39.447Z"""
"930d9c8c-a76e-4b21-99e8-83cdc5684dd1","session-423","/",,"""2025-11-08T18:14:50.189Z"""
"26bd7c25-3ac7-4a70-b6c7-e4a3fa2252b6","session-71","/cart","7af16635-825a-4282-bdd7-8d7c07c0184a","""2025-11-18T13:55:13.311Z"""
"7f43ffbc-6ac6-4b49-8035-6db056777cef","session-183","/","7af16635-825a-4282-bdd7-8d7c07c0184a","""2025-11-03T06:16:10.303Z"""
"a11f069a-9946-4cd3-bf14-1bc6ca3c7f95","session-383","/",,"""2025-11-20T15:50:19.660Z"""
"675b82c8-87e4-4951-a356-b14e27807cf7","session-324","/cart","7af16635-825a-4282-bdd7-8d7c07c0184a","""2025-11-26T08:24:17.587Z"""
"79aed130-db3b-4043-b17e-774227edbd7b","session-279","/",,"""2025-11-22T02:42:11.404Z"""
"386bb3fa-202d-4dea-9f03-8836523a1f74","session-461","/shop","7af16635-825a-4282-bdd7-8d7c07c0184a","""2025-11-29T00:56:30.391Z"""
"a01f098a-c116-4988-b502-6474ca1ab18f","session-484","/shop","7af16635-825a-4282-bdd7-8d7c07c0184a","""2025-11-25T15:23:58.941Z"""
"dccd8fe9-1ec9-414c-b96a-86e167a48503","session-447","/products/engwe-engine-x",,"""2025-11-12T08:32:25.497Z"""
"92c8e08e-bca8-4d9d-bcbc-cd695d4a4cb1","session-14","/shop",,"""2025-11-20T10:30:21.329Z"""
"d0565216-d9dc-4deb-98d1-b46c02e7739d","session-353","/shop",,"""2025-11-17T08:12:59.083Z"""
"155ac347-b109-4769-ba0c-9179905de40d","session-461","/products/engwe-engine-x",,"""2025-11-03T04:51:07.877Z"""
"c067ede3-7a9b-445d-830c-3f4350941afc","session-283","/cart",,"""2025-11-08T06:50:17.356Z"""
"c78524b9-2dd2-4b50-a8aa-27fdff5ee412","session-28","/","7af16635-825a-4282-bdd7-8d7c07c0184a","""2025-11-15T18:55:56.535Z"""
"41ac0b38-4bb8-48d0-9790-5c189ac75869","session-347","/products/engwe-engine-x","7af16635-825a-4282-bdd7-8d7c07c0184a","""2025-11-29T00:52:59.292Z"""
"cdafd42e-c67a-41f4-abb8-b98126a92d92","session-416","/shop","7af16635-825a-4282-bdd7-8d7c07c0184a","""2025-11-19T07:16:22.868Z"""
"708c6057-35f8-4601-93dd-2a382e2871be","session-139","/cart","7af16635-825a-4282-bdd7-8d7c07c0184a","""2025-11-25T22:46:58.564Z"""
"7a65e322-6cb3-4dde-ac6d-ccd3f00d1598","session-102","/",,"""2025-11-04T01:39:31.682Z"""
"c7019467-bc25-4890-8963-0633475c2fab","session-295","/shop","7af16635-825a-4282-bdd7-8d7c07c0184a","""2025-11-20T06:58:18.841Z"""
"6e472904-610f-4b49-9123-a84a6fda5a18","session-92","/",,"""2025-12-02T19:32:11.795Z"""
"e20074a5-9358-47f4-b575-1f459012e297","session-122","/","7af16635-825a-4282-bdd7-8d7c07c0184a","""2025-11-24T18:34:00.116Z"""
"3dd8b9c3-3f9d-468f-8dca-f8aa5aed1f57","session-115","/","7af16635-825a-4282-bdd7-8d7c07c0184a","""2025-11-22T20:19:33.621Z"""
"ffd63a06-e68c-4165-a53d-e9788645f8d9","session-270","/","7af16635-825a-4282-bdd7-8d7c07c0184a","""2025-11-18T01:49:58.297Z"""
"98bda8ab-4cb3-4ab3-bfa7-cea4b235e131","session-215","/","7af16635-825a-4282-bdd7-8d7c07c0184a","""2025-11-03T20:50:45.071Z"""
"5b0f99b4-a802-4fca-ba97-e5ec23013ef8","session-83","/shop","7af16635-825a-4282-bdd7-8d7c07c0184a","""2025-11-27T05:36:31.673Z"""
"66b850bf-c990-4d98-9a41-2b5b2ebdfae6","session-173","/products/engwe-engine-x","7af16635-825a-4282-bdd7-8d7c07c0184a","""2025-11-05T14:17:56.074Z"""
"058171d4-b895-4cbc-b005-39a6316c3bc1","session-496","/shop","7af16635-825a-4282-bdd7-8d7c07c0184a","""2025-11-21T15:09:17.079Z"""
"72fa45d2-64dc-4b58-a8df-3c41582f24dd","session-13","/",,"""2025-11-20T16:38:09.591Z"""
"707520ae-41e7-4084-b3ef-eb01cff0eeb1","session-482","/shop",,"""2025-11-27T10:31:50.444Z"""
"b2a9b8a0-be6b-4c81-af5c-1f8435e68b25","session-257","/",,"""2025-11-27T00:40:12.562Z"""
"06926a9a-3238-4355-833f-e63a549ac130","session-14","/shop","7af16635-825a-4282-bdd7-8d7c07c0184a","""2025-11-25T16:22:09.074Z"""
"4b28ddd0-7714-4f77-b8e9-647538e62f2e","session-483","/shop","7af16635-825a-4282-bdd7-8d7c07c0184a","""2025-12-02T16:56:27.128Z"""
"e559b7b4-a816-4806-85a7-664599c19742","session-172","/cart","7af16635-825a-4282-bdd7-8d7c07c0184a","""2025-11-14T04:49:52.445Z"""
"cbf388d6-ab5b-4b9e-91f3-17a3710c1420","session-198","/products/engwe-engine-x",,"""2025-11-06T06:22:48.594Z"""
"2d501dff-dfc2-4079-899f-d61c74edf961","session-36","/products/engwe-engine-x","7af16635-825a-4282-bdd7-8d7c07c0184a","""2025-11-29T12:04:53.604Z"""
"b633ba07-e405-44e3-905c-1aa1b7a36948","session-184","/shop",,"""2025-11-28T08:27:18.861Z"""
"219cfde1-387b-4262-b938-61dbaca6e058","session-267","/",,"""2025-11-09T18:59:52.252Z"""
"26f6b7d8-474e-4a69-9aa8-f39859c4e61b","session-374","/products/engwe-engine-x","7af16635-825a-4282-bdd7-8d7c07c0184a","""2025-11-20T20:23:31.025Z"""
"a204e595-9420-4eec-904b-e42a706c7001","session-48","/shop","7af16635-825a-4282-bdd7-8d7c07c0184a","""2025-11-30T00:30:13.806Z"""
"ddb030f8-f39c-4bb8-b536-31f59d88ae1e","session-253","/shop","7af16635-825a-4282-bdd7-8d7c07c0184a","""2025-11-19T08:49:45.024Z"""
"3983b8b7-545b-42b5-be80-221963f74d6e","session-401","/","7af16635-825a-4282-bdd7-8d7c07c0184a","""2025-11-19T09:34:55.326Z"""
"1eeca9aa-180b-4c69-b23c-bc2cb5065c86","session-299","/shop",,"""2025-11-17T00:51:01.951Z"""
"73ce64bb-0236-43e5-b450-a8cb275972b6","session-368","/shop","7af16635-825a-4282-bdd7-8d7c07c0184a","""2025-12-02T21:05:45.598Z"""
"9821116f-c585-4108-b8b2-3b8b7718e6e7","session-87","/shop","7af16635-825a-4282-bdd7-8d7c07c0184a","""2025-11-06T09:38:54.099Z"""
"0f92f59b-aed4-4ee9-8120-f53367ee29ba","session-419","/cart","7af16635-825a-4282-bdd7-8d7c07c0184a","""2025-11-21T18:57:48.768Z"""
"ae105fb1-6592-4bee-92a5-65a8122d4f69","session-112","/","7af16635-825a-4282-bdd7-8d7c07c0184a","""2025-11-27T07:34:50.054Z"""
"4cba455d-a9c9-4e77-a44c-bfcab8b22281","session-448","/","7af16635-825a-4282-bdd7-8d7c07c0184a","""2025-11-08T04:12:24.698Z"""
"fb63536d-3e11-4b58-a8a5-0b031daf7892","session-210","/","7af16635-825a-4282-bdd7-8d7c07c0184a","""2025-11-19T06:22:59.358Z"""
"8f77991f-0386-48b8-95c3-e2c8106bc651","session-192","/cart",,"""2025-11-19T16:56:12.041Z"""
"42926cab-56de-4201-9f62-564f368173a2","session-311","/shop",,"""2025-11-15T01:01:16.324Z"""
"3cebfa2d-ef8b-4a67-b8a7-8332d338c8e6","session-174","/shop","7af16635-825a-4282-bdd7-8d7c07c0184a","""2025-11-23T20:33:54.421Z"""
"7630a848-75d7-4ed4-8d76-c3424c9e90d3","session-464","/shop","7af16635-825a-4282-bdd7-8d7c07c0184a","""2025-11-14T16:00:36.201Z"""
"dc6cf789-db47-4e5a-a21b-e8a4b93d2d0c","session-117","/shop","7af16635-825a-4282-bdd7-8d7c07c0184a","""2025-11-08T13:28:49.302Z"""
"3a55a35b-5e16-4b28-b35d-547312dfe2a4","session-101","/products/engwe-engine-x","7af16635-825a-4282-bdd7-8d7c07c0184a","""2025-11-11T10:36:34.797Z"""
"3131d83c-e65a-459f-b543-41a59f829446","session-179","/","7af16635-825a-4282-bdd7-8d7c07c0184a","""2025-11-08T00:46:46.180Z"""
"b84ea2e0-627c-4281-aa04-bfb6b44210fd","session-143","/shop","7af16635-825a-4282-bdd7-8d7c07c0184a","""2025-11-29T14:25:50.011Z"""
"72f953bc-d323-40e9-93d0-5a3ec2a1a684","session-67","/shop","7af16635-825a-4282-bdd7-8d7c07c0184a","""2025-11-16T17:36:22.489Z"""
"a0515ec2-0081-43f6-b74f-2c3a3c7337bf","session-278","/","7af16635-825a-4282-bdd7-8d7c07c0184a","""2025-11-16T10:33:44.506Z"""
"1c50fbe2-641e-40f5-8126-6db77f5e994a","session-451","/",,"""2025-11-14T13:37:14.125Z"""
"1ba98c57-5713-4512-92b4-bdb5875a6403","session-296","/shop",,"""2025-11-14T00:32:25.258Z"""
"02a704dc-595a-423b-b810-bdaa4880b168","session-352","/shop",,"""2025-11-23T10:43:29.318Z"""
"1822969f-25f3-4871-938b-fb20f8c10d24","session-320","/cart","7af16635-825a-4282-bdd7-8d7c07c0184a","""2025-11-15T20:44:06.686Z"""
"51b56835-72ea-4f36-a428-75649abddca8","session-228","/shop",,"""2025-11-08T04:05:41.759Z"""
"3eabfb24-1a81-4d80-a41b-f984486dfb2f","session-291","/",,"""2025-11-08T16:39:59.759Z"""
"30ccf235-d898-49cc-ade7-0831f8c4e028","session-418","/cart","7af16635-825a-4282-bdd7-8d7c07c0184a","""2025-11-16T08:14:11.440Z"""
"cfe32f3a-3808-4bf9-b6b3-9a7cac37890c","session-235","/shop","7af16635-825a-4282-bdd7-8d7c07c0184a","""2025-11-23T13:08:12.532Z"""
"671b7a71-3fcd-4b99-b2fb-f7b9f5606beb","session-480","/products/engwe-engine-x",,"""2025-11-18T01:21:26.132Z"""
"25640f6c-88aa-4aa3-92c7-916d55dff89c","session-413","/shop","7af16635-825a-4282-bdd7-8d7c07c0184a","""2025-11-24T19:55:46.459Z"""
"98312b33-9bb9-4e1d-a1fa-87bb689ee209","session-1","/","7af16635-825a-4282-bdd7-8d7c07c0184a","""2025-11-06T21:25:22.998Z"""
"ee86d987-694c-42cb-8816-30215ad31073","session-215","/products/engwe-engine-x",,"""2025-11-13T15:33:46.802Z"""
"f49ab9d8-b2f2-459b-a3d2-c51914e5842f","session-347","/","7af16635-825a-4282-bdd7-8d7c07c0184a","""2025-11-20T06:30:02.606Z"""
"f9e43cd2-4364-4ed5-b69b-ab03f6dd505c","session-71","/",,"""2025-11-18T15:39:23.859Z"""
"bb514f85-5bab-4cb7-82d0-1a999245aee8","session-433","/shop","7af16635-825a-4282-bdd7-8d7c07c0184a","""2025-11-18T11:56:08.214Z"""
"91499775-093f-453f-9739-d11d42df0391","session-143","/shop","7af16635-825a-4282-bdd7-8d7c07c0184a","""2025-12-02T14:37:21.379Z"""
"7a15caed-b357-4b21-8111-54bf7996e657","session-478","/shop","7af16635-825a-4282-bdd7-8d7c07c0184a","""2025-11-04T12:25:53.047Z"""
"94cc7b19-70e7-4971-bfad-65f388e25743","session-63","/",,"""2025-11-20T07:03:39.035Z"""
"f1c8f4ea-9ee0-4f83-8c82-1f030a84bd0e","session-345","/","7af16635-825a-4282-bdd7-8d7c07c0184a","""2025-11-07T18:46:15.183Z"""
"afb634c6-04dc-4a7c-b621-3e5883854f52","session-69","/shop","7af16635-825a-4282-bdd7-8d7c07c0184a","""2025-11-23T11:09:39.859Z"""
"e637afb0-fbd4-4526-ba1e-8a1356fa8c5b","session-451","/products/engwe-engine-x","7af16635-825a-4282-bdd7-8d7c07c0184a","""2025-11-06T18:41:13.452Z"""
"480b8522-e91d-4dc1-8002-a641196073eb","session-249","/shop",,"""2025-11-07T00:13:32.498Z"""
"83f4afdd-23cd-41b7-93b4-f06cf2e9ba2d","session-393","/","7af16635-825a-4282-bdd7-8d7c07c0184a","""2025-11-14T19:58:22.980Z"""
"607e2402-3a44-4d9b-ad38-864efb8c9c9e","session-31","/shop","7af16635-825a-4282-bdd7-8d7c07c0184a","""2025-11-17T14:42:58.712Z"""
"8b91f8cd-46d4-463d-803a-5a23e2a72379","session-104","/shop","7af16635-825a-4282-bdd7-8d7c07c0184a","""2025-11-13T08:50:30.478Z"""
"15d05a3c-c61a-4608-96d9-027cd2829779","session-34","/shop",,"""2025-11-24T08:25:19.395Z"""
"0b65f5c7-c2a1-48de-a87e-48cc06b44967","session-94","/",,"""2025-11-30T05:11:24.975Z"""
"02dbdb2a-8d7a-46cb-8cc5-3a99323c053d","session-386","/products/engwe-engine-x",,"""2025-11-06T21:10:39.178Z"""
"741f270d-69d4-47cf-9f28-19ce0bab3520","session-429","/shop",,"""2025-11-28T05:44:09.112Z"""
"9b9057b0-86db-476a-be81-41867a07aae7","session-10","/cart","7af16635-825a-4282-bdd7-8d7c07c0184a","""2025-11-29T12:04:13.858Z"""
"13bcf224-95af-4dd0-b057-53c0a9831bea","session-51","/cart",,"""2025-12-02T20:58:40.051Z"""
"7d899669-7044-417f-b3cb-488d3ff01f38","session-50","/shop","7af16635-825a-4282-bdd7-8d7c07c0184a","""2025-11-20T22:00:29.870Z"""
"10a9c48f-4e93-4d8e-9003-1c1c62c7a5da","session-379","/shop","7af16635-825a-4282-bdd7-8d7c07c0184a","""2025-11-10T14:03:13.062Z"""
"69240882-37bf-49cb-a6a7-977a89f9297b","session-399","/cart","7af16635-825a-4282-bdd7-8d7c07c0184a","""2025-11-17T00:41:25.691Z"""
"3f63e950-426c-4b4b-823d-3cd247cb19cb","session-133","/cart","7af16635-825a-4282-bdd7-8d7c07c0184a","""2025-11-17T12:16:04.840Z"""
"e77dea43-eaa2-4a5d-865b-a4247527f007","session-261","/cart","7af16635-825a-4282-bdd7-8d7c07c0184a","""2025-11-23T16:48:13.555Z"""
"1d0ba69b-0bd6-4059-b1ed-f74ffc1e5d3b","session-369","/products/engwe-engine-x","7af16635-825a-4282-bdd7-8d7c07c0184a","""2025-11-28T14:20:35.897Z"""
"a2506583-ce5b-439b-a2ca-1be6edfadc1c","session-48","/shop","7af16635-825a-4282-bdd7-8d7c07c0184a","""2025-11-25T17:02:52.161Z"""
"b4b22be2-878d-406a-88ff-f8cd1494bc78","session-162","/",,"""2025-11-12T00:57:14.802Z"""
"b44a4495-eed1-4c3e-bc67-e354e0c0c4de","session-150","/shop","7af16635-825a-4282-bdd7-8d7c07c0184a","""2025-11-25T15:50:52.112Z"""
"ba30c5e5-f6ce-45ae-b274-42f351ab7e8e","session-497","/","7af16635-825a-4282-bdd7-8d7c07c0184a","""2025-11-06T00:07:19.644Z"""
"dcd175c9-830a-43e1-9d88-538f85c8e2ab","session-121","/","7af16635-825a-4282-bdd7-8d7c07c0184a","""2025-11-17T12:53:43.910Z"""
"5f52b592-fb75-4a42-af44-193e2386ffca","session-397","/","7af16635-825a-4282-bdd7-8d7c07c0184a","""2025-11-07T10:27:07.599Z"""
"f8c04431-d459-4756-9d97-c3b52edba75b","session-53","/shop",,"""2025-12-01T21:37:08.202Z"""
"0a7c7eb2-7d21-42e5-b4fc-40c7d6bd946e","session-261","/","7af16635-825a-4282-bdd7-8d7c07c0184a","""2025-11-09T00:39:16.968Z"""
"a40b777b-b15d-4c21-9691-1e1dee5b5f3d","session-77","/products/engwe-engine-x",,"""2025-11-06T20:47:48.589Z"""
"833e8fd7-eaba-4a37-9fe5-091d305fd87c","session-232","/products/engwe-engine-x",,"""2025-11-29T07:29:15.005Z"""
"d1354157-ee86-4ae3-b296-8502f1fa38f6","session-56","/","7af16635-825a-4282-bdd7-8d7c07c0184a","""2025-11-20T11:20:54.358Z"""
"28c1ff53-3808-468e-bd96-a4cbc8ef57b7","session-190","/cart",,"""2025-11-10T08:44:34.550Z"""
"4051f749-7c69-453f-9d4e-4e8768ded606","session-11","/shop","7af16635-825a-4282-bdd7-8d7c07c0184a","""2025-11-19T03:52:04.417Z"""
"38a6b767-f4d5-4e20-a5e9-d976596eeb47","session-15","/products/engwe-engine-x",,"""2025-11-03T22:30:46.312Z"""
"d1be6c4b-fde6-46d9-97bc-7716c70045ab","session-116","/",,"""2025-11-10T14:56:16.903Z"""
"78b3596d-7d2a-4b20-bdeb-68738b0d8618","session-152","/products/engwe-engine-x","7af16635-825a-4282-bdd7-8d7c07c0184a","""2025-11-08T03:08:37.739Z"""
"b8363aba-6537-4869-acf1-82ae99682ad7","session-31","/products/engwe-engine-x","7af16635-825a-4282-bdd7-8d7c07c0184a","""2025-11-27T02:54:27.819Z"""
"bbb9cbc2-929e-45d3-b88a-71617f5bb771","session-291","/products/engwe-engine-x","7af16635-825a-4282-bdd7-8d7c07c0184a","""2025-11-19T19:55:37.936Z"""
"2322ea0f-fedb-4880-873d-7f32309f9851","session-413","/shop",,"""2025-11-04T15:18:09.558Z"""
"e5b03b3a-3f95-4119-abca-60ae2d25c7c6","session-258","/products/engwe-engine-x","7af16635-825a-4282-bdd7-8d7c07c0184a","""2025-11-15T22:10:02.439Z"""
"3502eba9-0df0-4028-ba0b-05abefb7bc39","session-98","/products/engwe-engine-x",,"""2025-11-26T06:19:03.898Z"""
"47a2e58f-c644-46bc-bf73-3d0ff0dce88c","session-427","/shop",,"""2025-11-20T17:07:13.717Z"""
"9d2fba15-062e-4b32-ad13-f5449f2d1813","session-257","/",,"""2025-11-27T15:38:13.697Z"""
"ebe98f08-30ef-417b-b2d6-94e15d738f3a","session-257","/shop","7af16635-825a-4282-bdd7-8d7c07c0184a","""2025-11-25T20:33:24.205Z"""
"cc72b434-a407-48d9-8a68-f00cda5ea26a","session-494","/cart","7af16635-825a-4282-bdd7-8d7c07c0184a","""2025-12-02T12:30:39.657Z"""
"fad8baf1-e785-4ccc-952e-dc212a50de33","session-104","/","7af16635-825a-4282-bdd7-8d7c07c0184a","""2025-11-28T08:03:35.916Z"""
"e2f134e1-a673-4613-978e-468068711473","session-289","/","7af16635-825a-4282-bdd7-8d7c07c0184a","""2025-11-16T07:16:21.370Z"""
"ff85a758-2873-4c57-bef0-3c459330b6f5","session-339","/shop","7af16635-825a-4282-bdd7-8d7c07c0184a","""2025-11-28T07:32:51.420Z"""
"047cefaf-ed3d-4693-a99e-5af939cb5578","session-496","/","7af16635-825a-4282-bdd7-8d7c07c0184a","""2025-11-17T09:53:52.383Z"""
"a3296bea-a1dc-4b82-b558-6da44bd13db7","session-396","/shop",,"""2025-11-21T22:33:07.883Z"""
"f288d8ab-bdfd-4e7b-a775-cb8ef4db8312","session-380","/cart","7af16635-825a-4282-bdd7-8d7c07c0184a","""2025-11-15T16:25:23.955Z"""
"4fa8620c-7932-4b8c-8540-b6f8624abece","session-105","/products/engwe-engine-x",,"""2025-11-17T21:42:42.770Z"""
"9512b0f2-de98-4136-a447-f5f4197a049f","session-101","/products/engwe-engine-x","7af16635-825a-4282-bdd7-8d7c07c0184a","""2025-11-24T18:17:28.001Z"""
"e786d435-74db-4d0c-a492-9ce0b176c381","session-88","/shop","7af16635-825a-4282-bdd7-8d7c07c0184a","""2025-11-05T05:01:09.583Z"""
"b6f18c53-2f79-41c1-ad6d-7bb9d3928fdb","session-288","/cart","7af16635-825a-4282-bdd7-8d7c07c0184a","""2025-11-06T10:18:12.111Z"""
"b87db692-600d-4966-af54-6ba63b4498fd","session-363","/shop","7af16635-825a-4282-bdd7-8d7c07c0184a","""2025-11-18T18:22:25.731Z"""
"ec98d120-b4d0-44d8-95b0-e1919b6f9357","session-433","/","7af16635-825a-4282-bdd7-8d7c07c0184a","""2025-11-24T19:54:52.182Z"""
"ccd16dc4-542e-4ea7-90b0-6fd41038c833","session-257","/cart","7af16635-825a-4282-bdd7-8d7c07c0184a","""2025-11-15T13:14:15.836Z"""
"3a6a84d9-bec9-42af-b17c-57bb43f8c596","session-464","/",,"""2025-11-15T06:36:50.582Z"""
"3e19f165-b13b-4ac2-a318-e4aabc558ea3","session-431","/products/engwe-engine-x",,"""2025-12-01T18:18:33.842Z"""
"8f850340-58bc-4187-8484-f55c367e3223","session-110","/products/engwe-engine-x","7af16635-825a-4282-bdd7-8d7c07c0184a","""2025-11-30T11:13:58.524Z"""
"e7f4f8d9-e187-481b-9a62-b8096b03a9d4","session-332","/shop",,"""2025-11-19T20:26:41.642Z"""
"5ee568f7-ea71-49da-a175-e17dfc91ff07","session-194","/","7af16635-825a-4282-bdd7-8d7c07c0184a","""2025-11-05T03:13:56.376Z"""
"5e479673-1154-4f3e-bd1e-7ef35d83fefd","session-342","/shop",,"""2025-11-06T00:16:31.852Z"""
"a84d17b8-151f-4a4a-aaf6-c72d5faa407e","session-183","/","7af16635-825a-4282-bdd7-8d7c07c0184a","""2025-11-29T10:40:40.490Z"""
"5e691903-2615-4dd7-8781-14ddd4529e9d","session-464","/shop","7af16635-825a-4282-bdd7-8d7c07c0184a","""2025-11-14T15:52:44.035Z"""
"1705e013-2ac2-4ce0-9171-18362bf218c1","session-188","/",,"""2025-11-14T00:33:14.650Z"""
"f8d26d24-09fb-4d68-9680-c64d0758bafe","session-141","/products/engwe-engine-x",,"""2025-11-09T04:27:40.476Z"""
"3c3d17ae-669c-4283-a24e-001e9c584017","session-230","/shop","7af16635-825a-4282-bdd7-8d7c07c0184a","""2025-11-24T02:33:50.144Z"""
"b0d28a97-69a2-405a-8a48-c36be55bead4","session-116","/cart","7af16635-825a-4282-bdd7-8d7c07c0184a","""2025-11-17T00:59:33.930Z"""
"713dd88d-feca-467d-9028-dfb2d76d1aa4","session-251","/products/engwe-engine-x","7af16635-825a-4282-bdd7-8d7c07c0184a","""2025-11-10T03:23:02.305Z"""
"1756f670-5a41-4b9a-82c4-ea6ab6db7a44","session-316","/","7af16635-825a-4282-bdd7-8d7c07c0184a","""2025-12-02T02:14:33.107Z"""
"dea54a27-c430-4329-95e7-38dfa3e78d25","session-407","/","7af16635-825a-4282-bdd7-8d7c07c0184a","""2025-11-26T15:57:19.045Z"""
"44a40c5c-0a39-4fde-93c5-05bad819a612","session-393","/shop","7af16635-825a-4282-bdd7-8d7c07c0184a","""2025-11-06T15:17:21.920Z"""
"17da5f83-f8c5-46a2-a588-3e143088f331","session-442","/products/engwe-engine-x","7af16635-825a-4282-bdd7-8d7c07c0184a","""2025-11-30T19:02:11.872Z"""
"e9cf03b5-1b03-40c8-af79-9710aa4318d3","session-313","/","7af16635-825a-4282-bdd7-8d7c07c0184a","""2025-11-03T15:36:08.499Z"""
"78eddde9-fbb2-4ead-9675-401b098816ac","session-123","/",,"""2025-11-08T16:43:02.854Z"""
"3ccd2d19-311f-4d03-a863-3ec5486489ab","session-248","/","7af16635-825a-4282-bdd7-8d7c07c0184a","""2025-11-07T18:26:33.914Z"""
"8bf4c51a-b4fc-4310-94fd-e357326e5edf","session-146","/shop",,"""2025-11-15T05:35:14.569Z"""
"cb5eb0ec-ec12-45ed-937a-460fd180bc4f","session-439","/cart",,"""2025-11-17T10:18:38.246Z"""
"47dbe47c-abb3-4c43-98e7-6b7bfae4376d","session-43","/shop","7af16635-825a-4282-bdd7-8d7c07c0184a","""2025-11-30T14:36:43.676Z"""
"4e587e66-9162-44b8-ad8b-e2421ba04449","session-413","/shop","7af16635-825a-4282-bdd7-8d7c07c0184a","""2025-11-21T15:26:10.013Z"""
"81501556-82d4-4a57-9439-250d5ca49974","session-358","/shop","7af16635-825a-4282-bdd7-8d7c07c0184a","""2025-11-11T22:33:00.602Z"""
"18548d21-7aa5-414c-bca9-071c3da2ee90","session-296","/products/engwe-engine-x",,"""2025-12-01T08:43:07.957Z"""
"b211413c-6eb1-436c-bbbf-63c7a4347e54","session-210","/cart","7af16635-825a-4282-bdd7-8d7c07c0184a","""2025-11-17T21:12:15.100Z"""
"26b4f836-c8a8-445a-a631-1acba0fed5fa","session-455","/shop",,"""2025-11-19T04:16:37.699Z"""
"f9877f30-f001-45db-bc7e-ece52bc8cc11","session-204","/","7af16635-825a-4282-bdd7-8d7c07c0184a","""2025-11-18T05:01:58.100Z"""
"68aa45e4-889f-4ac0-b58a-350725f6c225","session-339","/products/engwe-engine-x",,"""2025-11-22T06:14:22.724Z"""
"f7a419af-b00a-4c1a-abf5-a7328249ef86","session-129","/products/engwe-engine-x",,"""2025-11-18T19:50:23.408Z"""
"fb3c8e31-b9cb-4f95-b6bb-eb8ba92c0386","session-423","/","7af16635-825a-4282-bdd7-8d7c07c0184a","""2025-11-18T19:56:42.443Z"""
"5ab23250-ddac-4215-8202-4e1df2b98c05","session-66","/products/engwe-engine-x","7af16635-825a-4282-bdd7-8d7c07c0184a","""2025-11-29T02:21:18.189Z"""
"2f0b669b-c7e8-4bf0-8854-748fdd51f6fe","session-380","/shop",,"""2025-11-04T20:34:28.940Z"""
"2fa338d6-eaea-4452-8881-5e66939e653c","session-445","/products/engwe-engine-x","7af16635-825a-4282-bdd7-8d7c07c0184a","""2025-11-05T06:32:58.700Z"""
"c1feceb8-b10b-4710-a5d8-7114bad6b7ab","session-480","/shop",,"""2025-11-29T16:05:39.801Z"""
"6b0bb3f1-1fbb-48aa-a29b-5d0ae88907cd","session-38","/shop","7af16635-825a-4282-bdd7-8d7c07c0184a","""2025-12-02T08:46:39.662Z"""
"379a8d67-de7b-4ae7-9aff-e3d8b7beda8c","session-70","/",,"""2025-11-28T00:38:53.331Z"""
"5d18d30e-a8b9-4acd-bb68-a411450fc2c3","session-100","/",,"""2025-11-04T08:33:24.936Z"""
"7c6a5840-dfb9-49bb-8191-36bd096c1d1b","session-137","/",,"""2025-11-25T12:27:31.057Z"""
"9824ed12-e095-41e3-9bd8-6ec765efb457","session-401","/products/engwe-engine-x","7af16635-825a-4282-bdd7-8d7c07c0184a","""2025-11-23T16:33:54.420Z"""
"bacd90c5-2bc9-486a-bc36-78e5def1e10c","session-82","/shop","7af16635-825a-4282-bdd7-8d7c07c0184a","""2025-11-21T18:17:39.754Z"""
"f4a76deb-9494-4855-b102-314d11564d47","session-30","/products/engwe-engine-x",,"""2025-11-20T04:46:01.940Z"""
"b1fec008-818c-4fb8-8439-0cec21efa824","session-117","/products/engwe-engine-x",,"""2025-11-27T19:58:21.350Z"""
"4b66032e-0390-4896-8764-f8fe5c7361e3","session-441","/products/engwe-engine-x","7af16635-825a-4282-bdd7-8d7c07c0184a","""2025-11-30T06:53:04.481Z"""
"e4aa7d1e-701b-4eba-8dd0-85aaa42605c7","session-341","/cart","7af16635-825a-4282-bdd7-8d7c07c0184a","""2025-11-10T20:09:06.241Z"""
"a4d62a09-d5a1-435b-85c9-bc123eae9e6f","session-493","/cart","7af16635-825a-4282-bdd7-8d7c07c0184a","""2025-11-22T19:26:23.352Z"""
"a120cea3-8081-4510-b1f2-9d2e3acb1fd4","session-279","/products/engwe-engine-x","7af16635-825a-4282-bdd7-8d7c07c0184a","""2025-11-24T09:54:17.343Z"""
"c55f09f1-1968-4347-b41a-377984efe37a","session-348","/products/engwe-engine-x",,"""2025-11-13T12:55:21.701Z"""
"429279d3-41a4-4503-8c01-7dc2556ef3a5","session-373","/shop",,"""2025-11-22T15:21:43.848Z"""
"f61d5248-510c-461c-a150-183598127ebf","session-376","/shop","7af16635-825a-4282-bdd7-8d7c07c0184a","""2025-11-10T05:25:54.572Z"""
"fd5be078-1552-4c62-88ed-dad574058014","session-213","/products/engwe-engine-x","7af16635-825a-4282-bdd7-8d7c07c0184a","""2025-11-06T04:59:05.294Z"""
"fd38f61e-698f-4082-87c8-bee0d7d63188","session-162","/shop",,"""2025-12-01T04:43:22.049Z"""
"ffff2cbc-103a-4e22-91f5-233367a96ec8","session-397","/",,"""2025-11-16T10:06:01.980Z"""
"9475faed-877f-45ab-b8e7-713b6f8d69b3","session-125","/cart",,"""2025-11-10T22:27:07.878Z"""
"a6673af0-d56f-49b7-9c0a-9c4cf7fba6f9","session-323","/",,"""2025-11-26T00:45:19.301Z"""
"21150d5d-5850-4544-b0f5-f36afc156759","session-443","/","7af16635-825a-4282-bdd7-8d7c07c0184a","""2025-11-06T03:27:42.211Z"""
"c3ca60d2-ad38-4bbb-af59-cd743e999a57","session-164","/","7af16635-825a-4282-bdd7-8d7c07c0184a","""2025-12-01T12:51:45.084Z"""
"7209e485-aeba-4bf5-8897-8a5286e7416e","session-328","/","7af16635-825a-4282-bdd7-8d7c07c0184a","""2025-11-09T04:14:31.955Z"""
"5e386b7a-d72a-466c-bd15-ef90d051284e","session-168","/cart","7af16635-825a-4282-bdd7-8d7c07c0184a","""2025-11-21T18:25:24.720Z"""
"c2ece50b-e1fc-4122-8601-74fcf1109cdc","session-203","/shop","7af16635-825a-4282-bdd7-8d7c07c0184a","""2025-12-02T03:46:24.302Z"""
"c32a4f31-53bf-4098-98b2-20fe73fe4e20","session-138","/shop","7af16635-825a-4282-bdd7-8d7c07c0184a","""2025-11-24T01:51:51.356Z"""
"5965f2a1-992f-4809-a649-65e16ddd0d85","session-403","/shop","7af16635-825a-4282-bdd7-8d7c07c0184a","""2025-11-25T13:10:17.219Z"""
"4489f2f4-1fcb-4ed1-b35d-2c8c010170b4","session-230","/shop","7af16635-825a-4282-bdd7-8d7c07c0184a","""2025-11-03T03:49:38.856Z"""
"f4422103-90a5-4fc2-873d-c78a8b382cd0","session-431","/cart","7af16635-825a-4282-bdd7-8d7c07c0184a","""2025-11-05T15:54:11.203Z"""
"f8b3c5b9-139c-400d-b952-8e81797b8135","session-391","/",,"""2025-11-28T01:02:59.619Z"""
"14e9f078-2738-4638-9c3b-abdccd37dcfc","session-382","/shop","7af16635-825a-4282-bdd7-8d7c07c0184a","""2025-11-08T18:09:15.520Z"""
"4a288d8c-7964-4b2f-9d83-e0b99472c184","session-379","/shop","7af16635-825a-4282-bdd7-8d7c07c0184a","""2025-11-30T15:12:16.615Z"""
"6798f3ae-192e-4343-8903-652232f2fd50","session-178","/products/engwe-engine-x",,"""2025-11-24T14:27:33.108Z"""
"c2272fd2-4605-4c5a-85cd-785862dec7da","session-101","/shop",,"""2025-12-01T17:12:11.381Z"""
"18b94fc3-09b2-4da7-bfbc-1917dca486c3","session-367","/",,"""2025-11-29T05:34:56.282Z"""
"18345eb0-fb5e-4a99-ad68-d698e5b6d7c9","session-121","/products/engwe-engine-x",,"""2025-11-20T17:58:50.842Z"""
"5532b6d9-f4db-471b-bf03-87524b435745","session-272","/products/engwe-engine-x",,"""2025-11-11T21:26:03.083Z"""
"bc813cfa-157e-45d1-9aa2-58e03820f9c0","session-258","/","7af16635-825a-4282-bdd7-8d7c07c0184a","""2025-11-20T04:27:34.294Z"""
"367fe447-5912-4ce8-891f-41d2267dd1ee","session-324","/",,"""2025-11-14T15:06:16.133Z"""
"6c7d2a4b-f2b0-4c4b-8d4e-7f06f4b49a8c","session-124","/","7af16635-825a-4282-bdd7-8d7c07c0184a","""2025-11-17T07:24:06.138Z"""
"bdd408e4-34ca-487c-8a08-b6418bb269d6","session-317","/shop",,"""2025-11-22T01:54:41.471Z"""
"1a6a2be0-3d97-4be5-b025-373fa8d935f1","session-396","/products/engwe-engine-x",,"""2025-12-02T03:21:17.279Z"""
"cd75a38b-d773-466c-807c-bc81f831a1f1","session-58","/products/engwe-engine-x",,"""2025-12-01T06:58:49.906Z"""
"4d6e951d-0bb3-4ac6-864f-b22242c638cd","session-282","/",,"""2025-11-04T10:02:05.400Z"""
"50f72388-47c7-454f-af1e-fd10d9b7c6c7","session-38","/shop","7af16635-825a-4282-bdd7-8d7c07c0184a","""2025-11-09T08:54:45.428Z"""
"ac611ac4-c4be-4a32-a8e3-4a8609933c02","session-359","/shop","7af16635-825a-4282-bdd7-8d7c07c0184a","""2025-11-12T10:00:59.237Z"""
"67518828-1802-40b1-a759-2824fed4e006","session-321","/products/engwe-engine-x","7af16635-825a-4282-bdd7-8d7c07c0184a","""2025-11-15T20:10:50.366Z"""
"67235840-1b56-4ee7-8566-cbfab3b0aaf8","session-237","/shop","7af16635-825a-4282-bdd7-8d7c07c0184a","""2025-11-06T05:03:43.025Z"""
"c39f6944-020f-4cda-9dcb-d40a4b32c275","session-500","/products/engwe-engine-x",,"""2025-11-27T02:15:55.573Z"""
"8c31afdc-aceb-4191-ab23-6989ffa363ff","session-499","/shop","7af16635-825a-4282-bdd7-8d7c07c0184a","""2025-11-05T18:08:19.065Z"""
"3ebb6648-7436-4d2f-98f2-9b901bf88443","session-448","/","7af16635-825a-4282-bdd7-8d7c07c0184a","""2025-11-05T22:06:50.370Z"""
"71bf3786-831a-4eed-8562-bfd08feef1bd","session-376","/shop","7af16635-825a-4282-bdd7-8d7c07c0184a","""2025-11-29T13:36:12.541Z"""
"9badff2e-fbc7-46e8-aa87-8e4caa97eb32","session-332","/products/engwe-engine-x","7af16635-825a-4282-bdd7-8d7c07c0184a","""2025-11-10T18:49:11.848Z"""
"eb929743-ee3f-410f-8ccc-01a394046f42","session-20","/",,"""2025-11-08T18:40:34.534Z"""
"33f57536-6c36-4ed5-bff8-b8c6eafcd621","session-112","/","7af16635-825a-4282-bdd7-8d7c07c0184a","""2025-11-18T09:24:25.119Z"""
"1122bff4-6e0b-467b-bcda-9795c72465e1","session-244","/cart","7af16635-825a-4282-bdd7-8d7c07c0184a","""2025-11-14T15:25:58.121Z"""
"451ea82e-c957-4986-8b98-2ba7880e8b9d","session-440","/products/engwe-engine-x","7af16635-825a-4282-bdd7-8d7c07c0184a","""2025-11-23T01:51:40.149Z"""
"fb3317ca-a43f-4de6-b79f-4b18961eae42","session-304","/shop","7af16635-825a-4282-bdd7-8d7c07c0184a","""2025-11-18T09:15:57.991Z"""
"6444ed26-d10c-4b0c-b559-51ab52d7d65a","session-453","/shop","7af16635-825a-4282-bdd7-8d7c07c0184a","""2025-11-16T11:20:13.158Z"""
"f8d0c329-d274-454f-b054-1ef9a36eb61a","session-346","/shop","7af16635-825a-4282-bdd7-8d7c07c0184a","""2025-11-11T17:48:00.155Z"""
"b2f0179b-a912-42ee-95e8-f0e4bd5cf99f","session-78","/","7af16635-825a-4282-bdd7-8d7c07c0184a","""2025-11-29T15:36:25.669Z"""
"25ce1d6b-9b1b-4ddb-9e08-9ee486038148","session-452","/shop",,"""2025-11-29T20:56:15.784Z"""
"d33b6a57-125b-4e53-b5be-6282a6e224d4","session-295","/shop","7af16635-825a-4282-bdd7-8d7c07c0184a","""2025-11-13T11:51:30.175Z"""
"da6647bc-5307-4fc0-828d-d84c5cea0a2e","session-357","/shop",,"""2025-11-05T10:56:26.454Z"""
"6a08e83f-a04f-4422-8488-c5e527f0eb76","session-234","/shop","7af16635-825a-4282-bdd7-8d7c07c0184a","""2025-11-29T22:12:29.288Z"""
"8b390a80-1468-4004-a6bc-98410ef8c9bd","session-70","/shop","7af16635-825a-4282-bdd7-8d7c07c0184a","""2025-11-22T12:08:11.573Z"""
"2347aaa7-a90f-44cf-bbff-ff11be518160","session-219","/",,"""2025-11-28T17:47:00.132Z"""
"c5eaacd1-7819-4d6a-b441-54fd052fe5cb","session-300","/","7af16635-825a-4282-bdd7-8d7c07c0184a","""2025-11-13T00:01:12.131Z"""
"bc8d2331-6ffc-4ba5-9418-dd11bb6f10e4","session-95","/","7af16635-825a-4282-bdd7-8d7c07c0184a","""2025-11-24T19:10:43.625Z"""
"befff4b4-74f8-416e-9f5c-fc5b9485bb63","session-430","/shop","7af16635-825a-4282-bdd7-8d7c07c0184a","""2025-11-17T09:35:21.848Z"""
"23379108-1466-438e-929d-ba7f9ea2db60","session-76","/cart","7af16635-825a-4282-bdd7-8d7c07c0184a","""2025-11-28T03:48:43.167Z"""
"7e8189b1-973f-4799-a9ce-578bf7a94c4c","session-287","/","7af16635-825a-4282-bdd7-8d7c07c0184a","""2025-11-03T17:45:25.492Z"""
"9660143f-7dff-4b7f-b787-6093fbb2ec74","session-233","/",,"""2025-11-12T06:43:31.145Z"""
"2f67fb08-9b18-4f6d-a389-c4cbd6b14479","session-72","/",,"""2025-11-17T04:05:34.615Z"""
"4152ce2a-4c8c-430f-9988-24ff94cfc6b3","session-315","/shop",,"""2025-11-18T09:47:22.486Z"""
"0306e5fc-310b-4250-bd4f-5428c720691f","session-422","/","7af16635-825a-4282-bdd7-8d7c07c0184a","""2025-11-23T00:48:28.766Z"""
"a932544d-4dbb-400c-9bd0-be0bee655a57","session-51","/","7af16635-825a-4282-bdd7-8d7c07c0184a","""2025-11-11T13:38:13.311Z"""
"d3af8647-44e0-4d5d-a00c-d101bdc15040","session-257","/",,"""2025-11-29T15:34:09.580Z"""
"0acdd7bc-3c11-4a63-b745-f42879f2b66b","session-58","/shop","7af16635-825a-4282-bdd7-8d7c07c0184a","""2025-11-28T02:30:45.862Z"""
"01e58898-ae42-446b-9b4a-82001d268496","session-4","/products/engwe-engine-x",,"""2025-11-29T06:04:20.148Z"""
"63637c08-4bfd-4b7d-a5a0-7856a3cf82e7","session-390","/products/engwe-engine-x",,"""2025-11-22T06:44:26.127Z"""
"c8aaa4ab-97e6-4ac2-bd9e-9b5f9019c702","session-487","/products/engwe-engine-x","7af16635-825a-4282-bdd7-8d7c07c0184a","""2025-11-18T20:39:24.861Z"""
"ff317098-2489-410a-b61c-2abae66ebbd8","session-200","/products/engwe-engine-x","7af16635-825a-4282-bdd7-8d7c07c0184a","""2025-11-04T15:09:01.321Z"""
"f1661037-99da-4417-a451-fbb489aff99d","session-437","/shop",,"""2025-11-25T12:48:21.168Z"""
"a2fd671a-1cca-4a3e-8a5e-1ff1ca2f7179","session-314","/shop","7af16635-825a-4282-bdd7-8d7c07c0184a","""2025-11-28T11:13:49.010Z"""
"f065c844-e0b8-4d20-80b7-5037014c01c9","session-347","/","7af16635-825a-4282-bdd7-8d7c07c0184a","""2025-11-16T14:59:48.818Z"""
"72f26893-0a47-47e7-b080-6de28e3b33c8","session-186","/","7af16635-825a-4282-bdd7-8d7c07c0184a","""2025-11-10T17:42:27.566Z"""
"073168dc-df40-490c-8041-1f62076da0bc","session-149","/",,"""2025-11-04T21:37:17.927Z"""
"70e546b0-9f31-4d0a-919f-ffebd513f631","session-363","/cart","7af16635-825a-4282-bdd7-8d7c07c0184a","""2025-11-04T13:39:56.742Z"""
"3869bc6e-6f38-4344-a946-c3fe0f331640","session-466","/","7af16635-825a-4282-bdd7-8d7c07c0184a","""2025-11-20T03:32:46.986Z"""
"a78aac43-943e-4a73-b0d8-5403f7afe81d","session-136","/",,"""2025-11-06T02:04:45.738Z"""
"568edfd8-b2e5-4e46-85b9-7f2640f5eca8","session-434","/","7af16635-825a-4282-bdd7-8d7c07c0184a","""2025-11-22T00:32:14.740Z"""
"19f6c24c-61c3-4576-b80b-7b2855809af2","session-456","/shop","7af16635-825a-4282-bdd7-8d7c07c0184a","""2025-11-03T18:47:08.702Z"""
"a5b63bea-a4b0-44b2-beba-bad7d968b3c3","session-61","/",,"""2025-11-27T13:08:34.270Z"""
"378348fb-a29d-4adf-99e0-cfe2cd55b6e0","session-339","/cart","7af16635-825a-4282-bdd7-8d7c07c0184a","""2025-12-02T13:01:20.925Z"""
"70cb869d-1391-478e-8c30-92a053ebc7e0","session-450","/","7af16635-825a-4282-bdd7-8d7c07c0184a","""2025-11-03T18:37:42.100Z"""
"43285390-9c92-4389-88a4-030ddc5dd4f8","session-77","/shop","7af16635-825a-4282-bdd7-8d7c07c0184a","""2025-11-12T07:34:09.181Z"""
"a7a93732-f3f6-4987-a907-52688bf7f5c0","session-29","/","7af16635-825a-4282-bdd7-8d7c07c0184a","""2025-12-02T13:54:49.599Z"""
"110d3cc6-ad53-4ea1-8b25-6966c2c24927","session-11","/",,"""2025-11-12T02:00:14.509Z"""
"015e7e45-a3d1-4f1e-ae26-c8a1ee07120b","session-48","/cart","7af16635-825a-4282-bdd7-8d7c07c0184a","""2025-11-10T09:41:48.229Z"""
"fabc62c1-87b8-4051-931f-7a97a7b4dcf0","session-388","/",,"""2025-11-26T16:49:59.019Z"""
"f3b026f4-5a0c-4922-8650-ddb19d1bb870","session-359","/shop",,"""2025-11-08T21:28:38.553Z"""
"ce8960db-39b5-423e-a2e7-d345b0a47077","session-38","/products/engwe-engine-x","7af16635-825a-4282-bdd7-8d7c07c0184a","""2025-11-07T18:58:57.611Z"""
"5fffe0e6-f28e-4818-925c-25af7b122fc0","session-71","/","7af16635-825a-4282-bdd7-8d7c07c0184a","""2025-11-30T18:55:22.203Z"""
"bb62e86e-4696-419b-b8f1-08e6c467d136","session-197","/shop","7af16635-825a-4282-bdd7-8d7c07c0184a","""2025-11-21T06:09:08.358Z"""
"29236f09-36c1-4203-8c33-551c6e0ccfbe","session-447","/","7af16635-825a-4282-bdd7-8d7c07c0184a","""2025-12-01T15:38:26.619Z"""
"4f1af42c-d8d6-4039-821f-ab8a10c37c03","session-70","/shop","7af16635-825a-4282-bdd7-8d7c07c0184a","""2025-11-26T02:35:20.939Z"""
"5b4be13f-5ea2-4b86-b129-7c08882ffd16","session-391","/shop","7af16635-825a-4282-bdd7-8d7c07c0184a","""2025-11-07T04:46:36.040Z"""
"d3c9401d-51c4-447c-959d-c5a5593100c3","session-357","/shop","7af16635-825a-4282-bdd7-8d7c07c0184a","""2025-11-04T17:16:30.680Z"""
"adb20484-1098-41cb-a2b4-3493d5813d28","session-117","/shop",,"""2025-12-02T00:51:11.687Z"""
"68d0f72e-0a9b-4b1b-b030-f212fc2b5a46","session-117","/shop","7af16635-825a-4282-bdd7-8d7c07c0184a","""2025-11-22T13:33:16.976Z"""
"cb2e9adc-9608-4167-82f1-e02e8ed940ef","session-400","/cart",,"""2025-11-16T07:10:33.878Z"""
"2e88b622-5558-4320-92ec-f7c19066b9ee","session-281","/cart","7af16635-825a-4282-bdd7-8d7c07c0184a","""2025-11-25T00:59:41.488Z"""
"e59e49d6-1307-4827-bcee-2268c6c160bb","session-325","/products/engwe-engine-x",,"""2025-11-19T15:56:57.053Z"""
"74a776d2-f953-4936-96be-71b291bb7ae2","session-302","/shop",,"""2025-11-04T21:05:56.753Z"""
"20f2fc46-3a3f-4b35-a58c-35496c18b5b5","session-99","/shop","7af16635-825a-4282-bdd7-8d7c07c0184a","""2025-11-12T18:54:43.436Z"""
"04f904b2-8a73-41e5-8139-d63ed7927925","session-173","/cart","7af16635-825a-4282-bdd7-8d7c07c0184a","""2025-11-23T00:08:36.256Z"""
"ae8e0fa3-2b68-44f7-ba10-ecf5cdc45217","session-324","/cart","7af16635-825a-4282-bdd7-8d7c07c0184a","""2025-11-18T04:39:28.503Z"""
"ca2a8b25-622e-4d82-afa8-b263b32a1555","session-419","/shop",,"""2025-11-24T21:24:21.203Z"""
"4e341997-c775-4b29-a647-5bb69b93f1b4","session-298","/",,"""2025-11-05T17:31:52.861Z"""
"a53859ea-9028-447f-ac13-7b39cff19990","session-185","/shop",,"""2025-11-04T13:37:28.427Z"""
"78ad27da-5230-40d6-ad9e-abffa8c18e63","session-149","/",,"""2025-11-22T10:59:15.404Z"""
"768afa44-dba4-4065-a5fe-8c63a5f6bec1","session-112","/shop","7af16635-825a-4282-bdd7-8d7c07c0184a","""2025-11-25T02:24:01.640Z"""
"c1edb35f-b272-4be2-8717-c409fa7e9b77","session-151","/shop","7af16635-825a-4282-bdd7-8d7c07c0184a","""2025-11-15T06:32:01.707Z"""
"c3a9beb1-5206-44a9-98c5-0b477bdf0060","session-6","/shop","7af16635-825a-4282-bdd7-8d7c07c0184a","""2025-11-25T22:45:15.028Z"""
"18c828b5-f3b7-42b9-9de8-f797371a758d","session-325","/",,"""2025-11-03T04:38:36.629Z"""
"df694a3a-9132-4ee3-8295-3bc0a70c4fc7","session-205","/products/engwe-engine-x","7af16635-825a-4282-bdd7-8d7c07c0184a","""2025-11-25T03:42:31.255Z"""
"e3a8eaea-c5bc-4f66-9576-5bccf8af95b9","session-395","/shop","7af16635-825a-4282-bdd7-8d7c07c0184a","""2025-11-05T13:22:22.792Z"""
"49c8fbe7-2922-4dd1-ab5b-26f35dec0c57","session-112","/products/engwe-engine-x","7af16635-825a-4282-bdd7-8d7c07c0184a","""2025-11-19T06:09:27.438Z"""
"ee7d97c4-8547-4daf-8d19-016a0a06eae1","session-193","/cart",,"""2025-11-10T16:50:44.486Z"""
"e7561926-1d40-42bd-af95-a4478b034210","session-67","/cart",,"""2025-11-23T22:50:06.264Z"""
"dcde6196-fb88-4630-8604-989c40ea9983","session-381","/shop","7af16635-825a-4282-bdd7-8d7c07c0184a","""2025-11-27T04:16:59.480Z"""
"283b1c3c-6ffc-4d05-ac2a-dfd9918e71fc","session-229","/shop","7af16635-825a-4282-bdd7-8d7c07c0184a","""2025-11-08T07:34:01.043Z"""
"49d204bc-38be-49b3-b27f-ca036dbec152","session-118","/",,"""2025-11-21T11:28:02.540Z"""
"5d4447a7-8d68-42a3-ad33-32590ed9340e","session-129","/shop",,"""2025-11-28T20:40:10.798Z"""
"cd2f1505-015d-4e93-922d-bd737d970c6a","session-326","/products/engwe-engine-x",,"""2025-11-23T20:32:29.254Z"""
"d822e70d-1128-46ce-94b6-abf3e8b9be37","session-472","/shop",,"""2025-11-24T08:32:03.215Z"""
"e0b2b2a2-a7a3-4b81-8a79-7834624abd53","session-112","/shop","7af16635-825a-4282-bdd7-8d7c07c0184a","""2025-11-12T12:12:29.462Z"""
"b0cea0d8-f908-415f-8351-9a8d79de117a","session-364","/","7af16635-825a-4282-bdd7-8d7c07c0184a","""2025-11-21T20:49:05.216Z"""
"cc14c0c8-285b-4b42-b945-3966c112b964","session-192","/shop","7af16635-825a-4282-bdd7-8d7c07c0184a","""2025-12-02T18:50:00.114Z"""
"e7e42289-8777-4351-b2e1-20b5b8acf4a1","session-209","/shop","7af16635-825a-4282-bdd7-8d7c07c0184a","""2025-11-06T20:26:57.016Z"""
"8ef1fb98-b2f1-48c6-a489-8bacb627eb13","session-489","/","7af16635-825a-4282-bdd7-8d7c07c0184a","""2025-11-09T04:56:59.665Z"""
"270d14a8-41d3-427f-82c4-656aa05bdd8f","session-131","/shop","7af16635-825a-4282-bdd7-8d7c07c0184a","""2025-11-13T10:53:57.682Z"""
"287c7285-c429-4b6d-b6a4-9bbe45b82c18","session-365","/",,"""2025-11-29T04:44:53.766Z"""
"8d28aef7-0371-4a03-951a-c87ddeca01c9","session-431","/shop","7af16635-825a-4282-bdd7-8d7c07c0184a","""2025-11-13T11:33:23.180Z"""
"88fdd9cc-0460-47ad-a496-ced0d727c4b8","session-253","/",,"""2025-11-14T02:43:06.610Z"""
"b2e65ca2-7c64-4054-a05e-02241d79aff0","session-404","/shop",,"""2025-11-03T09:09:39.109Z"""
"2690c14e-2c0f-40e9-accd-3495de7fea88","session-177","/shop",,"""2025-11-08T20:40:37.065Z"""
"f3d873e1-8f6d-42a8-9b9d-0ee13f75498f","session-91","/shop",,"""2025-11-13T12:53:47.843Z"""
"2970e5e8-19aa-4aca-bf07-f1502ec95774","session-442","/shop","7af16635-825a-4282-bdd7-8d7c07c0184a","""2025-11-13T17:41:16.258Z"""
"dfab2e06-af9a-4e6e-8915-1a0f799b2dad","session-126","/shop","7af16635-825a-4282-bdd7-8d7c07c0184a","""2025-11-20T21:37:25.607Z"""
"1ae759f6-5b5d-4a90-b605-111ef2b75444","session-380","/shop","7af16635-825a-4282-bdd7-8d7c07c0184a","""2025-11-12T08:35:18.902Z"""
"fd17e77f-902b-4e9b-90b6-f722d31688eb","session-114","/shop","7af16635-825a-4282-bdd7-8d7c07c0184a","""2025-11-05T00:39:13.038Z"""
"3ba911dd-6dea-4ddb-a810-b2308644bfd7","session-55","/products/engwe-engine-x",,"""2025-11-16T13:43:01.080Z"""
"ce7ca927-b36d-490e-bc54-6f5d163aa211","session-486","/cart","7af16635-825a-4282-bdd7-8d7c07c0184a","""2025-12-01T13:26:42.868Z"""
"2d4e7b45-a3c3-4f1e-a4d7-f7d571fa52c1","session-428","/",,"""2025-11-09T11:12:03.054Z"""
"b1abc12b-f204-437a-b57d-404ce5b84b3a","session-500","/","7af16635-825a-4282-bdd7-8d7c07c0184a","""2025-11-15T22:17:45.445Z"""
"17da97dc-94d5-4883-b98d-0723ca84781f","session-281","/products/engwe-engine-x","7af16635-825a-4282-bdd7-8d7c07c0184a","""2025-11-19T02:47:34.022Z"""
"c6fc36d3-ebcc-418e-9f93-057c9828fdcd","session-284","/shop",,"""2025-11-03T03:51:01.638Z"""
"cea1aec0-153d-4f18-9420-95bdc01ba4c6","session-123","/products/engwe-engine-x","7af16635-825a-4282-bdd7-8d7c07c0184a","""2025-11-11T03:51:46.928Z"""
"3f427a00-8ad2-417d-9e52-0fff00a14ed4","session-240","/products/engwe-engine-x",,"""2025-12-01T15:15:47.830Z"""
"98b6d86e-a23e-4d7e-b468-a34303b9889c","session-178","/","7af16635-825a-4282-bdd7-8d7c07c0184a","""2025-11-18T08:27:44.246Z"""
"5db9d8c9-0d48-4aa9-9545-3292a7c201ee","session-488","/products/engwe-engine-x","7af16635-825a-4282-bdd7-8d7c07c0184a","""2025-12-01T00:21:31.729Z"""
"a08d8eb6-bf31-4b96-8a68-9bcc3f87119b","session-362","/","7af16635-825a-4282-bdd7-8d7c07c0184a","""2025-11-15T21:29:57.014Z"""
"bd9884bb-8a6c-406a-9488-38ddb80313b3","session-113","/shop","7af16635-825a-4282-bdd7-8d7c07c0184a","""2025-11-29T14:41:22.951Z"""
"278c48b6-3b79-4dba-999a-747db7eda217","session-425","/","7af16635-825a-4282-bdd7-8d7c07c0184a","""2025-12-02T18:06:11.777Z"""
"0a8a0f90-0f27-4354-89e8-64c7b4f79a7e","session-253","/products/engwe-engine-x","7af16635-825a-4282-bdd7-8d7c07c0184a","""2025-11-06T04:09:15.744Z"""
"70cc0d46-f39d-4ac4-9a52-b3e19e94c658","session-396","/shop","7af16635-825a-4282-bdd7-8d7c07c0184a","""2025-11-19T02:38:30.007Z"""
"03e35086-22b4-4d3d-bc93-148ac69d96a7","session-497","/shop",,"""2025-11-04T18:56:52.768Z"""
"d591128c-1e3a-4596-aff6-c76da4184555","session-245","/","7af16635-825a-4282-bdd7-8d7c07c0184a","""2025-11-29T10:06:31.461Z"""
"2d0ca064-ccf1-4bfd-b14d-08f1e630de02","session-17","/","7af16635-825a-4282-bdd7-8d7c07c0184a","""2025-11-09T13:40:20.912Z"""
"37f12e33-e817-4ef3-b9f6-f6523ea6cdea","session-9","/cart","7af16635-825a-4282-bdd7-8d7c07c0184a","""2025-11-13T20:54:41.381Z"""
"c2c2cd93-a592-4009-b590-394b880d524f","session-381","/","7af16635-825a-4282-bdd7-8d7c07c0184a","""2025-11-30T08:23:18.866Z"""
"2927cc00-f401-4cd6-bffe-f785de9eb2c6","session-194","/shop","7af16635-825a-4282-bdd7-8d7c07c0184a","""2025-11-29T07:47:57.765Z"""
"f522ce4c-4870-4054-86bc-e93a250afe77","session-432","/shop","7af16635-825a-4282-bdd7-8d7c07c0184a","""2025-11-16T05:05:16.604Z"""
"fb1d3128-f468-47f4-924c-27eff149cbdf","session-361","/products/engwe-engine-x",,"""2025-11-06T03:14:14.882Z"""
"4ee9b447-9bc2-4d0e-a8ec-541811be5c62","session-7","/shop",,"""2025-11-07T15:36:09.208Z"""
"41a8b912-2400-4a49-a452-cf25b73be5c5","session-386","/shop",,"""2025-11-18T00:38:42.727Z"""
"edc7a81c-6119-4e1c-b20d-25e8b323700f","session-200","/cart",,"""2025-11-06T00:32:48.135Z"""
"7e9568e7-88b1-43ed-8151-7f95654dc115","session-182","/",,"""2025-11-16T12:00:14.138Z"""
"b99cd631-f6dd-4276-b1e0-abc385ad4c38","session-480","/shop",,"""2025-11-22T20:26:15.538Z"""
"88f4c77d-f604-4dfd-9946-255094cf30fd","session-73","/",,"""2025-11-17T11:00:14.268Z"""
"716a2d31-2377-432c-9577-1be496935ef2","session-164","/","7af16635-825a-4282-bdd7-8d7c07c0184a","""2025-11-15T13:44:51.995Z"""
"fdb38f49-194a-469d-b8d8-a0e7c4ecc059","session-205","/products/engwe-engine-x",,"""2025-12-02T03:21:39.926Z"""
"229798db-0381-48d8-a62e-59583117c95b","session-227","/products/engwe-engine-x","7af16635-825a-4282-bdd7-8d7c07c0184a","""2025-11-25T03:06:39.953Z"""
"d398af10-19f9-4b4f-b4e9-30db27985d1b","session-355","/","7af16635-825a-4282-bdd7-8d7c07c0184a","""2025-11-05T15:14:51.084Z"""
"45593ec7-0606-4781-aa6f-9623d23a0991","session-330","/products/engwe-engine-x","7af16635-825a-4282-bdd7-8d7c07c0184a","""2025-11-16T16:48:57.238Z"""
"9f2c204b-99a5-49a2-805a-c69d9010d1a0","session-6","/cart","7af16635-825a-4282-bdd7-8d7c07c0184a","""2025-11-12T05:15:00.580Z"""
"004c1c12-1525-489d-b612-4f69504f37d2","session-263","/","7af16635-825a-4282-bdd7-8d7c07c0184a","""2025-12-02T12:09:16.387Z"""
"d04ab341-e815-450f-ab5d-06181ef5f099","session-281","/","7af16635-825a-4282-bdd7-8d7c07c0184a","""2025-11-21T10:37:49.256Z"""
"3f28bf2e-f7fb-436a-ad20-9e78a6d0d6bb","session-9","/shop","7af16635-825a-4282-bdd7-8d7c07c0184a","""2025-11-25T17:53:07.750Z"""
"46696388-ae92-4468-9466-141d2a4ce5bc","session-261","/shop","7af16635-825a-4282-bdd7-8d7c07c0184a","""2025-11-05T10:35:48.039Z"""
"3ba8f51c-13d1-444b-93dd-c4f150d85e0d","session-441","/cart",,"""2025-11-18T06:07:38.451Z"""
"d6a3ce0c-1333-4ec2-8237-8909220c5472","session-120","/products/engwe-engine-x","7af16635-825a-4282-bdd7-8d7c07c0184a","""2025-11-13T05:59:08.959Z"""
"94d7ed88-cfe7-4ce7-8334-2d613fcf6c9c","session-345","/","7af16635-825a-4282-bdd7-8d7c07c0184a","""2025-11-09T06:04:18.665Z"""
"56a20283-96b4-4d4a-8055-e2be4405871d","session-439","/shop","7af16635-825a-4282-bdd7-8d7c07c0184a","""2025-12-01T08:12:08.102Z"""
"3b6afb38-f69a-40a5-929d-85c992434389","session-50","/cart","7af16635-825a-4282-bdd7-8d7c07c0184a","""2025-12-02T04:08:12.190Z"""
"9e8fd58d-274b-489e-82e4-072833d08d2c","session-141","/","7af16635-825a-4282-bdd7-8d7c07c0184a","""2025-11-14T04:32:25.463Z"""
"deac6e87-da06-4cc9-bd7a-a9cdc63a515f","session-18","/cart",,"""2025-12-01T22:02:08.896Z"""
"2900e48f-a1be-4be4-9e32-ac2ebeee7f69","session-186","/products/engwe-engine-x","7af16635-825a-4282-bdd7-8d7c07c0184a","""2025-11-11T03:42:00.917Z"""
"ebc1ab8f-62ff-4971-8d04-2d949ecb0666","session-245","/shop",,"""2025-11-14T05:04:25.871Z"""
"f1547fab-1a30-4e2f-967f-407a0ebb99e8","session-500","/","7af16635-825a-4282-bdd7-8d7c07c0184a","""2025-11-23T07:05:44.953Z"""
"35ba2cc5-eb0f-4114-9c47-7117c536c633","session-315","/products/engwe-engine-x",,"""2025-11-20T04:39:05.184Z"""
"e32d4999-58f5-40c2-9b4e-7e328d8cb4d2","session-30","/shop","7af16635-825a-4282-bdd7-8d7c07c0184a","""2025-11-04T13:06:18.219Z"""
"f176f93e-388c-4ea0-b5da-ea022ca80b9d","session-201","/shop","7af16635-825a-4282-bdd7-8d7c07c0184a","""2025-11-14T09:34:59.313Z"""
"d70d95ff-3825-4660-a311-2e439b3b8971","session-284","/shop","7af16635-825a-4282-bdd7-8d7c07c0184a","""2025-11-25T03:09:03.866Z"""
"12edf889-d78f-483b-948e-cb0eb4b36075","session-444","/shop","7af16635-825a-4282-bdd7-8d7c07c0184a","""2025-11-05T14:13:19.213Z"""
"bc0fcdea-8efc-4181-be1b-a2037ef03f78","session-359","/",,"""2025-11-11T03:32:18.204Z"""
"b7cf9ebd-40c3-40f4-8f90-4ed8309cd71e","session-63","/shop",,"""2025-11-16T15:13:51.734Z"""
"97a9c8c9-01b2-4845-b9c8-25eb2b33988d","session-307","/shop","7af16635-825a-4282-bdd7-8d7c07c0184a","""2025-11-18T13:49:18.684Z"""
"b3b3a179-b82c-49ec-94c5-c1ab0c9ff85e","session-389","/shop",,"""2025-11-30T18:04:00.464Z"""
"52d8414f-70ac-4415-8f7a-da7c36f96f51","session-157","/","7af16635-825a-4282-bdd7-8d7c07c0184a","""2025-11-20T04:04:15.907Z"""
"08b30cda-050e-44aa-8ba8-49a3122dcaf6","session-89","/",,"""2025-11-18T20:39:23.402Z"""
"35fe1a97-fd5a-49df-8291-a117ed124009","session-479","/shop","7af16635-825a-4282-bdd7-8d7c07c0184a","""2025-11-16T09:17:45.431Z"""
"1bab406d-df0a-40e9-9b58-885c82fdf03d","session-70","/shop","7af16635-825a-4282-bdd7-8d7c07c0184a","""2025-11-24T09:53:26.857Z"""
"af77414b-9267-4394-83cf-aa82926b63c4","session-25","/shop","7af16635-825a-4282-bdd7-8d7c07c0184a","""2025-11-20T21:49:13.225Z"""
"6fc87871-450f-484e-8252-21652f1aaca7","session-480","/","7af16635-825a-4282-bdd7-8d7c07c0184a","""2025-11-14T14:45:02.961Z"""
"0c0b1fa6-a576-4a37-8e1d-6e9b99ded5a3","session-262","/products/engwe-engine-x",,"""2025-11-26T16:43:49.632Z"""
"9bd09a19-8934-4ee1-bea3-9aefdef755c1","session-330","/cart","7af16635-825a-4282-bdd7-8d7c07c0184a","""2025-11-14T14:16:10.117Z"""
"e7fb9d8d-7079-4282-9b83-50c33833ebcf","session-356","/cart","7af16635-825a-4282-bdd7-8d7c07c0184a","""2025-12-02T16:15:19.924Z"""
"fffca1e7-625b-4b1a-b74d-33830b5ec767","session-111","/","7af16635-825a-4282-bdd7-8d7c07c0184a","""2025-11-06T21:36:45.483Z"""
"7d3edb48-8fc0-45b6-a0d7-50342e4fa136","session-375","/shop",,"""2025-11-04T20:17:07.608Z"""
"246c1b1e-5272-4719-810c-62a1d6583a06","session-232","/","7af16635-825a-4282-bdd7-8d7c07c0184a","""2025-11-03T15:44:33.016Z"""
"532501ab-b3d8-46cf-bb7e-b81d9fb1207e","session-70","/shop","7af16635-825a-4282-bdd7-8d7c07c0184a","""2025-11-30T11:30:54.140Z"""
"def3f5ee-ca3c-4f84-85d5-ff2c79d808aa","session-177","/shop","7af16635-825a-4282-bdd7-8d7c07c0184a","""2025-11-07T06:44:15.282Z"""
"5c5207ee-c428-4555-8f84-236efcb376ac","session-59","/products/engwe-engine-x",,"""2025-11-03T18:31:16.012Z"""
"f1b73760-247c-4c08-ab0a-21b9d425de3d","session-401","/","7af16635-825a-4282-bdd7-8d7c07c0184a","""2025-11-17T20:19:48.686Z"""
"ce4657b5-a596-4e35-b200-26e1f7502ba3","session-409","/shop","7af16635-825a-4282-bdd7-8d7c07c0184a","""2025-11-13T08:38:43.669Z"""
"c6eabb23-18fc-4bed-9974-5a778bb4a692","session-366","/products/engwe-engine-x","7af16635-825a-4282-bdd7-8d7c07c0184a","""2025-11-04T04:31:11.321Z"""
"b22128f6-8b7d-4e2b-9172-7bf02253d1a5","session-77","/","7af16635-825a-4282-bdd7-8d7c07c0184a","""2025-11-09T17:21:42.378Z"""
"bd650661-a71c-45f3-9295-b720fd586ace","session-478","/","7af16635-825a-4282-bdd7-8d7c07c0184a","""2025-11-15T02:10:43.928Z"""
"22c3ecae-3681-4a5a-9ea5-e3d52a88d518","session-199","/shop",,"""2025-11-29T21:23:58.531Z"""
"3d032841-9363-4c32-8f42-3d67e34a3a49","session-110","/","7af16635-825a-4282-bdd7-8d7c07c0184a","""2025-11-14T05:29:42.611Z"""
"436c563a-c7b1-4bbc-b947-1a969762dec2","session-341","/shop",,"""2025-11-11T16:04:29.361Z"""
"abf11dd6-a55d-4952-afd1-afacf258591c","session-192","/",,"""2025-11-13T09:14:06.524Z"""
"cc4a20c6-355e-474d-8dff-13efad169652","session-288","/products/engwe-engine-x","7af16635-825a-4282-bdd7-8d7c07c0184a","""2025-11-09T19:20:38.088Z"""
"8586243c-668e-4af8-900c-d2f0c21ccd23","session-291","/","7af16635-825a-4282-bdd7-8d7c07c0184a","""2025-11-29T05:59:50.784Z"""
"d5ca0692-6552-46d7-b419-7627cb383995","session-255","/shop","7af16635-825a-4282-bdd7-8d7c07c0184a","""2025-11-26T13:35:05.851Z"""
"9d95abed-c724-4f3a-860d-b253a393e6f5","session-224","/products/engwe-engine-x",,"""2025-11-10T10:18:30.937Z"""
"c52488b0-e023-4578-bcf9-4f40f262f5ce","session-176","/shop",,"""2025-11-17T06:21:42.347Z"""
"d8b072b6-5e1f-472f-a993-6964da10f6a7","session-121","/shop",,"""2025-11-27T14:07:43.081Z"""
"8753e33d-a4c8-40dc-8185-8db272a3324d","session-307","/cart","7af16635-825a-4282-bdd7-8d7c07c0184a","""2025-11-12T13:43:53.983Z"""
"74d97457-9e9c-43ca-bd9c-15e3657ec702","session-62","/products/engwe-engine-x","7af16635-825a-4282-bdd7-8d7c07c0184a","""2025-11-20T01:38:18.758Z"""
"b6859433-7b36-47c8-9fc2-566805d5c0e3","session-400","/shop","7af16635-825a-4282-bdd7-8d7c07c0184a","""2025-11-21T19:09:48.745Z"""
"b64c89ed-bef0-48b5-afa3-27ce96a7d20a","session-286","/shop",,"""2025-11-16T03:02:37.533Z"""
"9d557d8a-6a36-4383-ba70-4e9556bd7e6d","session-236","/shop",,"""2025-11-30T10:17:23.900Z"""
"4cc653e6-eca6-4211-9421-59b5a832e732","session-477","/shop","7af16635-825a-4282-bdd7-8d7c07c0184a","""2025-12-01T02:29:03.855Z"""
"ba803300-d1e7-4dd1-b95e-0479c6b23a8a","session-168","/products/engwe-engine-x","7af16635-825a-4282-bdd7-8d7c07c0184a","""2025-11-25T02:26:19.950Z"""
"0b8e61b6-4bee-483d-92a0-59ce562cd3c5","session-378","/shop","7af16635-825a-4282-bdd7-8d7c07c0184a","""2025-11-04T18:56:56.704Z"""
"745c66d2-8848-4b24-8408-f8e460d1afaa","session-112","/shop","7af16635-825a-4282-bdd7-8d7c07c0184a","""2025-11-08T01:51:56.870Z"""
"cf883b88-af4b-428c-9964-75428e2c4979","session-182","/","7af16635-825a-4282-bdd7-8d7c07c0184a","""2025-11-15T15:24:15.807Z"""
"6424afca-ea3b-4980-84cb-4a9134dc1058","session-307","/",,"""2025-11-25T06:24:34.908Z"""
"6ac9fa70-7391-46f4-8577-7fdfc45fdfe5","session-124","/products/engwe-engine-x","7af16635-825a-4282-bdd7-8d7c07c0184a","""2025-11-08T15:46:56.559Z"""
"d7e337f9-3545-411a-bca1-35f8aba476e0","session-297","/","7af16635-825a-4282-bdd7-8d7c07c0184a","""2025-11-20T03:11:14.108Z"""
"0b5c7723-104e-4191-b00e-23390e895a76","session-139","/shop",,"""2025-11-14T08:46:21.778Z"""
"639661d7-5cd5-463f-ab6d-b3064b4b1d16","session-245","/products/engwe-engine-x",,"""2025-11-24T01:35:25.433Z"""
"bc9ee505-dea4-4ae4-be15-7420ec93ba8d","session-122","/cart","7af16635-825a-4282-bdd7-8d7c07c0184a","""2025-11-29T06:55:12.741Z"""
"c60ed23f-bd34-41a1-bb8a-96329dcc7dc5","session-263","/shop","7af16635-825a-4282-bdd7-8d7c07c0184a","""2025-11-26T02:09:03.745Z"""
"dd201e7d-1bed-455b-a73b-961bda1cc1ae","session-478","/shop",,"""2025-11-16T12:38:01.960Z"""
"6553b150-27b8-47ab-8f58-959cc17403b3","session-367","/shop","7af16635-825a-4282-bdd7-8d7c07c0184a","""2025-11-18T18:59:12.761Z"""
"a2a6957d-11c5-4c9f-b81e-b5114c47cf1c","session-69","/shop","7af16635-825a-4282-bdd7-8d7c07c0184a","""2025-11-10T07:43:59.725Z"""
"a72fefff-7aa0-4211-9db9-9a96eda8ea04","session-208","/cart","7af16635-825a-4282-bdd7-8d7c07c0184a","""2025-11-27T13:35:49.410Z"""
"a7f0425d-1e77-4c6b-98e9-bdb099b59065","session-499","/shop",,"""2025-11-14T12:11:53.860Z"""
"37fe846a-7558-4e80-b7a3-82ad6fdd73db","session-418","/cart","7af16635-825a-4282-bdd7-8d7c07c0184a","""2025-11-06T00:48:53.367Z"""
"a096154b-7ac2-411e-bc33-919f75965265","session-177","/shop",,"""2025-11-08T06:49:46.422Z"""
"a9a70a60-21fc-4df7-acbf-9565361bd29f","session-83","/products/engwe-engine-x",,"""2025-11-15T03:36:11.110Z"""
"02ef4bb7-4201-4049-91fa-b3b22ce3dcc2","session-80","/","7af16635-825a-4282-bdd7-8d7c07c0184a","""2025-11-18T08:20:00.245Z"""
"4de406cb-e1fa-4c43-b522-0fc8b180d273","session-182","/shop",,"""2025-11-29T14:15:39.805Z"""
"e0ae30d3-75ee-44b7-ad89-26e55d387daa","session-481","/products/engwe-engine-x","7af16635-825a-4282-bdd7-8d7c07c0184a","""2025-11-08T06:37:54.203Z"""
"95812bec-3cd4-48c0-a2af-a6587c50dd42","session-223","/cart","7af16635-825a-4282-bdd7-8d7c07c0184a","""2025-11-27T05:25:00.135Z"""
"f4bb8539-1e48-4af2-a1b6-15a09ab5a083","session-58","/shop",,"""2025-11-23T14:03:08.783Z"""
"2c5233d3-8335-4d7e-95d7-f5b40d05e8c1","session-309","/","7af16635-825a-4282-bdd7-8d7c07c0184a","""2025-11-04T19:38:39.148Z"""
"579a7acb-f1bb-4d56-8f40-0a62ad2468f1","session-496","/","7af16635-825a-4282-bdd7-8d7c07c0184a","""2025-11-28T04:01:42.779Z"""
"467f0bc2-5ade-41ff-874e-c6fd8063b65e","session-254","/shop","7af16635-825a-4282-bdd7-8d7c07c0184a","""2025-12-01T13:46:28.811Z"""
"ce98a6c8-763c-4d41-b0a5-715707ce0197","session-9","/","7af16635-825a-4282-bdd7-8d7c07c0184a","""2025-11-22T04:26:02.977Z"""
"ef541296-8f3c-4788-9bc1-b7d958279674","session-433","/","7af16635-825a-4282-bdd7-8d7c07c0184a","""2025-11-25T04:32:41.315Z"""
"cb226c6d-75da-41c9-907c-e3ef896654d7","session-265","/",,"""2025-11-12T13:30:38.136Z"""
"9b7e34e9-c354-4cea-bcb5-5bfbfde300e6","session-293","/products/engwe-engine-x",,"""2025-11-22T15:22:41.572Z"""
"2ae6517f-bd9f-41e0-9208-160e4f4cdb9c","session-25","/shop",,"""2025-11-22T22:20:29.086Z"""
"6f77973b-100c-47eb-bf8d-9fe0d9f682be","session-18","/products/engwe-engine-x",,"""2025-11-14T18:52:15.279Z"""
"3a32bfe5-5a5b-43ef-a2b5-e15f54738521","session-195","/products/engwe-engine-x","7af16635-825a-4282-bdd7-8d7c07c0184a","""2025-11-26T12:35:11.228Z"""
"909d55a6-b436-4359-b82a-caa40f0bf8de","session-50","/",,"""2025-11-13T07:33:14.310Z"""
"56cc2c14-0f2b-4897-b047-3d5aad467bf5","session-487","/",,"""2025-11-25T04:45:32.374Z"""
"0bcca93e-4031-4b5d-957e-778e5710d263","session-197","/",,"""2025-11-11T03:44:02.818Z"""
"2b081623-d3e3-4669-98d9-f15e44e9b1e6","session-390","/",,"""2025-11-25T21:14:58.185Z"""
"c36a9132-df4a-4e5d-a36f-7249d98fca0a","session-344","/products/engwe-engine-x",,"""2025-11-11T05:17:42.156Z"""
"bcb2bb40-d045-4a42-abf5-c18d9af73a54","session-72","/","7af16635-825a-4282-bdd7-8d7c07c0184a","""2025-11-18T11:41:42.409Z"""
"b22419e8-92be-4981-9d5c-9f7fc36bf5c7","session-450","/shop","7af16635-825a-4282-bdd7-8d7c07c0184a","""2025-11-10T21:37:13.355Z"""
"910789c3-32e1-4ea9-add7-c6cc36370c19","session-75","/",,"""2025-11-03T04:13:40.631Z"""
"509f5e35-024b-436b-a85a-680258d05e9c","session-373","/cart",,"""2025-11-03T07:02:01.919Z"""
"c3dec016-b9fb-4763-bd23-c83f1d4dd8c4","session-73","/products/engwe-engine-x","7af16635-825a-4282-bdd7-8d7c07c0184a","""2025-11-25T13:17:23.310Z"""
"e6deb6ad-9638-4d8d-91a7-b31a182c616d","session-319","/shop","7af16635-825a-4282-bdd7-8d7c07c0184a","""2025-11-03T03:45:11.286Z"""
"720b66ea-02e0-416e-aab2-0f57fe5d1520","session-115","/","7af16635-825a-4282-bdd7-8d7c07c0184a","""2025-11-28T03:06:17.883Z"""
"165810c7-7f6e-48e7-abf6-49b7a5516ff0","session-38","/","7af16635-825a-4282-bdd7-8d7c07c0184a","""2025-12-02T05:33:25.254Z"""
"96d0e259-687a-430b-bd8a-55451431f512","session-393","/shop",,"""2025-11-03T01:29:52.750Z"""
"3003e1b4-0666-4243-8aa7-657f0407dcf9","session-486","/shop",,"""2025-11-08T15:53:15.168Z"""
"179ddb05-c370-4b96-96db-6b75d0899dea","session-429","/","7af16635-825a-4282-bdd7-8d7c07c0184a","""2025-11-23T13:10:38.267Z"""
"305fdaec-71cf-4760-8f96-afb2d4146e23","session-71","/",,"""2025-11-09T05:34:13.238Z"""
"278229b5-1879-471c-8c83-b8a79ac9f491","session-323","/shop","7af16635-825a-4282-bdd7-8d7c07c0184a","""2025-11-14T09:45:37.956Z"""
"c9ad28e5-c698-4fd4-a5c7-cfb3c6128f04","session-396","/products/engwe-engine-x",,"""2025-11-06T03:08:33.488Z"""
"dcc89f84-9122-4606-ba47-cd763ab0bb3f","session-55","/shop","7af16635-825a-4282-bdd7-8d7c07c0184a","""2025-11-16T20:10:04.156Z"""
"fd094cdd-f689-4148-9d0d-d9e5b8aedeaa","session-295","/","7af16635-825a-4282-bdd7-8d7c07c0184a","""2025-11-05T22:08:38.894Z"""
"7f4f37b7-c7ee-4a55-b76c-191a4313600f","session-120","/cart","7af16635-825a-4282-bdd7-8d7c07c0184a","""2025-11-14T03:00:50.156Z"""
"34e9bd38-e990-47a1-9404-4bad1220b8a9","session-48","/",,"""2025-11-05T21:35:56.732Z"""
"01a8d2b7-3f14-46a0-9e85-e96017b7478f","session-491","/","7af16635-825a-4282-bdd7-8d7c07c0184a","""2025-12-02T18:09:53.177Z"""
"e8bdf207-fb16-4a86-9429-ff16814894d5","session-348","/products/engwe-engine-x","7af16635-825a-4282-bdd7-8d7c07c0184a","""2025-11-23T08:49:00.471Z"""
"1b00b34c-2354-4bcc-a8d4-b7440b658424","session-294","/cart",,"""2025-11-05T13:26:36.880Z"""
"39fb35e3-9bff-494f-9121-6b0a448c811e","session-76","/shop",,"""2025-11-11T09:29:22.668Z"""
"ba873a57-ab24-4b98-b8b5-bc4679cc327a","session-355","/products/engwe-engine-x",,"""2025-11-29T14:30:57.713Z"""
"d625a12e-5233-449e-b82c-aeae58d173b4","session-70","/products/engwe-engine-x","7af16635-825a-4282-bdd7-8d7c07c0184a","""2025-11-06T19:54:42.840Z"""
"4e32ae5f-5ea8-4fa1-a189-f3d7898126ee","session-243","/shop","7af16635-825a-4282-bdd7-8d7c07c0184a","""2025-11-12T00:22:40.573Z"""
"e00c0d88-6349-494c-a32c-1c735fd6c0c8","session-165","/shop",,"""2025-12-01T19:52:10.506Z"""
"1d94f2c5-e6ea-491d-8d3a-b979301bf76d","session-431","/","7af16635-825a-4282-bdd7-8d7c07c0184a","""2025-11-04T06:52:53.533Z"""
"263124e3-2769-4ed1-8fb8-2a2d9aa2aa19","session-115","/shop","7af16635-825a-4282-bdd7-8d7c07c0184a","""2025-11-11T17:33:47.758Z"""
"d170b710-90c0-452f-8bbf-fa9b821ffd74","session-335","/shop","7af16635-825a-4282-bdd7-8d7c07c0184a","""2025-11-29T09:14:53.890Z"""
"231b60df-f7fa-4eb4-a20f-34c1555f37a0","session-67","/","7af16635-825a-4282-bdd7-8d7c07c0184a","""2025-11-20T12:40:58.976Z"""
"872277c2-010c-436e-9661-69c2b7881cc7","session-141","/","7af16635-825a-4282-bdd7-8d7c07c0184a","""2025-11-12T18:17:10.431Z"""
"616c440c-802f-42c6-818c-8eeea4ed6059","session-5","/products/engwe-engine-x","7af16635-825a-4282-bdd7-8d7c07c0184a","""2025-11-24T01:44:10.061Z"""
"5ae928f4-40ab-4113-8291-83e516e90281","session-497","/","7af16635-825a-4282-bdd7-8d7c07c0184a","""2025-11-22T05:28:51.125Z"""
"9e9770b0-2a67-4386-ab30-64108015735d","session-177","/",,"""2025-12-01T19:14:33.849Z"""
"5b072a78-2ed5-4fc3-b030-e7bc1a5f6ecf","session-208","/",,"""2025-11-18T00:10:37.617Z"""
"6d22a10a-c820-4e42-b25d-48791523ad91","session-317","/shop","7af16635-825a-4282-bdd7-8d7c07c0184a","""2025-11-13T15:27:00.034Z"""
"da85af77-9d89-4748-b33d-64a742785c64","session-485","/products/engwe-engine-x","7af16635-825a-4282-bdd7-8d7c07c0184a","""2025-11-20T03:43:11.524Z"""
"d53c9f5b-a8c1-47ef-8ccd-30123431fe75","session-192","/shop","7af16635-825a-4282-bdd7-8d7c07c0184a","""2025-11-14T02:34:02.851Z"""
"1222f2a1-aed6-441c-a80a-1cc2d3f629b2","session-448","/shop","7af16635-825a-4282-bdd7-8d7c07c0184a","""2025-11-10T13:21:09.594Z"""
"6f8c9188-c128-4155-8aef-1230181b222b","session-442","/cart",,"""2025-11-19T18:58:59.076Z"""
"1b57e968-52f4-4a3d-af6a-54c8d7310972","session-324","/products/engwe-engine-x","7af16635-825a-4282-bdd7-8d7c07c0184a","""2025-11-14T13:23:22.494Z"""
"7f0870d6-8fa7-4f96-a6f3-c993e5f10d19","session-479","/shop","7af16635-825a-4282-bdd7-8d7c07c0184a","""2025-11-30T11:14:31.692Z"""
"62516a78-ad00-4263-b614-4bffa3b65dea","session-248","/shop","7af16635-825a-4282-bdd7-8d7c07c0184a","""2025-11-06T06:59:22.373Z"""
"22f2afd3-21fb-4df8-83aa-084a7dfca22b","session-191","/cart",,"""2025-11-06T11:29:21.099Z"""
"ea796c53-58cb-47e0-8972-d2e859e722af","session-413","/cart",,"""2025-11-07T04:02:32.601Z"""
"aadf16d6-f726-4ddf-ad36-e461b4b7c701","session-39","/products/engwe-engine-x",,"""2025-11-21T12:45:13.019Z"""
"e5a71b94-e4fd-4d6a-9176-9a3570717f6d","session-325","/products/engwe-engine-x",,"""2025-12-01T04:22:50.415Z"""
"b013b3de-a070-46bf-aaef-5ea1d65dd010","session-257","/products/engwe-engine-x",,"""2025-11-03T07:17:08.707Z"""
"ff45722b-ba3f-435d-a6b9-50d5469a6d04","session-490","/products/engwe-engine-x","7af16635-825a-4282-bdd7-8d7c07c0184a","""2025-11-09T09:42:57.067Z"""
"02b9c5b6-f86a-4991-abc8-ba4f0e975d15","session-56","/",,"""2025-11-15T00:41:09.560Z"""
"66623bbb-1978-45a5-9842-63cf9790824b","session-317","/shop","7af16635-825a-4282-bdd7-8d7c07c0184a","""2025-11-10T11:24:22.525Z"""
"2c822b9a-cece-42e3-8547-0b8a4b8542db","session-431","/cart",,"""2025-11-15T06:22:57.635Z"""
"a1a1175d-8308-4467-9cbc-339e3e596ef5","session-303","/products/engwe-engine-x",,"""2025-11-29T01:13:32.860Z"""
"fe0812c0-7e69-4dab-a197-3b1b62d0018f","session-262","/",,"""2025-11-07T00:09:54.556Z"""
"99a97211-2c0b-4e70-9e1f-2aa356d8f949","session-139","/products/engwe-engine-x","7af16635-825a-4282-bdd7-8d7c07c0184a","""2025-11-23T13:01:52.334Z"""
"2fbec069-f712-4ea0-a7d5-3f36f6642716","session-198","/products/engwe-engine-x","7af16635-825a-4282-bdd7-8d7c07c0184a","""2025-11-17T21:48:27.378Z"""
"285dee12-fe3f-40e7-bc45-cdc9460fe018","session-42","/products/engwe-engine-x",,"""2025-12-02T14:05:30.192Z"""
"534d29af-69c8-4f43-aced-afc8e6daf9fa","session-24","/","7af16635-825a-4282-bdd7-8d7c07c0184a","""2025-11-29T02:30:44.492Z"""
"368e2ea1-295a-4567-8849-ed77edf4d430","session-217","/shop","7af16635-825a-4282-bdd7-8d7c07c0184a","""2025-11-20T16:15:29.812Z"""
"36604db4-0498-4eea-85a8-483cc1d2716c","session-386","/shop",,"""2025-11-26T04:23:16.834Z"""
"e3cb069c-f7da-452c-824b-3338ae0042b5","session-185","/",,"""2025-11-22T09:21:59.359Z"""
"62d5acdb-d003-4d46-9af6-51335aa69bc9","session-258","/shop","7af16635-825a-4282-bdd7-8d7c07c0184a","""2025-12-02T11:07:45.070Z"""
"105da537-69cb-4b59-a9b1-8be29a03c989","session-162","/shop",,"""2025-11-06T17:55:53.466Z"""
"4d1ef8a9-c508-40b2-9fdb-e104d16a17dc","session-455","/products/engwe-engine-x",,"""2025-11-19T15:19:54.532Z"""
"7aa07fb8-e209-4973-ad8e-11892e8dd916","session-479","/shop","7af16635-825a-4282-bdd7-8d7c07c0184a","""2025-11-21T04:46:40.305Z"""
"a6697b11-31d1-4807-9864-5280a52efff8","session-49","/shop",,"""2025-11-14T22:54:11.027Z"""
"ea23a97d-7c62-4e4d-b53e-d66d7f25a95e","session-290","/products/engwe-engine-x",,"""2025-11-20T13:16:46.570Z"""
"05de1166-165c-4878-b81a-531f323bef6e","session-221","/products/engwe-engine-x","7af16635-825a-4282-bdd7-8d7c07c0184a","""2025-11-11T17:32:42.080Z"""
"58c518bc-a428-4558-ae27-dce646938d59","session-304","/shop",,"""2025-11-25T02:04:18.261Z"""
"9c328059-e545-4540-9248-dd015409b6a1","session-113","/products/engwe-engine-x",,"""2025-11-06T17:55:05.386Z"""
"6068021b-d020-4dd3-a162-e99c569cbe99","session-24","/shop","7af16635-825a-4282-bdd7-8d7c07c0184a","""2025-11-13T15:17:00.755Z"""
"e2af43cc-f278-476d-b683-570a0e01f3ef","session-294","/shop","7af16635-825a-4282-bdd7-8d7c07c0184a","""2025-11-29T00:36:14.915Z"""
"106f007b-f604-4833-9def-0a7fb279aeb4","session-5","/",,"""2025-11-29T13:41:32.278Z"""
"869f1274-0add-4559-ab8b-34447ee1405a","session-372","/shop","7af16635-825a-4282-bdd7-8d7c07c0184a","""2025-11-09T19:19:17.042Z"""
"58e87531-c925-4cce-8a36-a8c20cd229b1","session-115","/products/engwe-engine-x","7af16635-825a-4282-bdd7-8d7c07c0184a","""2025-11-18T03:29:32.128Z"""
"c622a5e8-b70e-498c-bebb-0892ad0ca284","session-382","/",,"""2025-11-25T07:11:24.602Z"""
"c8799a0b-9e4d-4a85-8be0-276a59a03cb5","session-201","/products/engwe-engine-x",,"""2025-11-11T09:07:35.786Z"""
"70cabd3a-57de-42ff-a1f8-178e9303058f","session-173","/products/engwe-engine-x","7af16635-825a-4282-bdd7-8d7c07c0184a","""2025-11-10T00:02:13.856Z"""
"2c427a25-8c10-4b27-a7a4-e0a1ebbfe098","session-400","/",,"""2025-11-21T05:51:25.674Z"""
"3853eece-efae-40a7-b742-7550b8b059cb","session-470","/products/engwe-engine-x",,"""2025-11-08T17:12:08.534Z"""
"00adeb28-7bd3-48f9-8c02-f89331566dd3","session-453","/products/engwe-engine-x",,"""2025-11-04T09:35:00.923Z"""
"bbbcdf6b-e1be-424e-96a9-be4403d7f4be","session-472","/shop","7af16635-825a-4282-bdd7-8d7c07c0184a","""2025-11-13T04:22:29.714Z"""
"2fdb18cd-9304-43e9-ab9d-9a0d6e47240e","session-334","/shop",,"""2025-11-05T06:22:41.969Z"""
"89445c3f-ceab-4bda-86f4-2706c52f169b","session-98","/products/engwe-engine-x","7af16635-825a-4282-bdd7-8d7c07c0184a","""2025-11-18T12:28:12.341Z"""
"9b48dd98-f57b-4e0f-a884-1a18de279450","session-69","/products/engwe-engine-x",,"""2025-11-29T03:30:42.263Z"""
"dce10f92-b3e9-4804-a6e0-d4f518ea32a8","session-492","/",,"""2025-11-12T20:15:39.665Z"""
"535b7dcd-6fc5-433f-8dd3-dc6c0c7964df","session-258","/",,"""2025-11-25T13:43:00.930Z"""
"4a8ebbf8-6c3f-4221-be37-b1e95ee1486e","session-411","/",,"""2025-11-12T21:15:02.023Z"""
"f4b0defc-4401-4c01-b00d-894e5f46dbca","session-107","/","7af16635-825a-4282-bdd7-8d7c07c0184a","""2025-11-03T20:26:15.588Z"""
"ba054834-d5c0-4e40-8d6f-c00e8eeec68a","session-407","/cart","7af16635-825a-4282-bdd7-8d7c07c0184a","""2025-11-21T05:43:45.990Z"""
"dbf72d29-b30e-4110-8a12-f7e3bec585ed","session-397","/","7af16635-825a-4282-bdd7-8d7c07c0184a","""2025-11-08T06:32:54.590Z"""
"090a7e2e-cfe5-4ced-b58d-f9c88f3f1685","session-115","/shop","7af16635-825a-4282-bdd7-8d7c07c0184a","""2025-11-07T07:53:22.153Z"""
"578ccaba-5cd0-4b0d-98fe-b558dfcdd33b","session-50","/products/engwe-engine-x",,"""2025-11-22T11:59:23.549Z"""
"34fe7a62-7f16-40c2-9e87-5b67f680d68e","session-82","/","7af16635-825a-4282-bdd7-8d7c07c0184a","""2025-11-18T03:27:19.935Z"""
"a6db9404-eb78-49bd-ae67-1a2699abc95e","session-435","/shop","7af16635-825a-4282-bdd7-8d7c07c0184a","""2025-11-18T02:40:22.937Z"""
"e2a9a6d8-f89d-4d50-b99d-fb583acebc76","session-424","/shop",,"""2025-11-04T12:14:45.156Z"""
"21919862-8172-4ebf-945c-233f47b9f946","session-137","/shop",,"""2025-11-21T06:01:22.052Z"""
"7f44ae17-a8bd-4173-b57d-cc5526d6ffe8","session-442","/",,"""2025-11-08T02:00:36.325Z"""
"ed4f5dda-9fa9-4e9d-b39f-4794c1147d40","session-33","/products/engwe-engine-x","7af16635-825a-4282-bdd7-8d7c07c0184a","""2025-11-15T02:38:42.639Z"""
"3234e506-9269-4b07-a5e7-da7982d26ead","session-347","/","7af16635-825a-4282-bdd7-8d7c07c0184a","""2025-11-12T00:46:14.244Z"""
"5099a490-2c9b-4e7a-b60f-641081146ae7","session-301","/","7af16635-825a-4282-bdd7-8d7c07c0184a","""2025-11-20T02:46:55.975Z"""
"75b77c65-f810-4b09-b554-f3b02da767c7","session-315","/products/engwe-engine-x","7af16635-825a-4282-bdd7-8d7c07c0184a","""2025-11-18T12:42:53.837Z"""
"31b916c2-401a-40d4-9631-fe9cbb8172b2","session-200","/","7af16635-825a-4282-bdd7-8d7c07c0184a","""2025-12-02T05:42:39.812Z"""
"fce553ea-ca3a-4d84-adc1-dcfe908b18c7","session-121","/shop","7af16635-825a-4282-bdd7-8d7c07c0184a","""2025-11-04T09:10:13.556Z"""
"93b2c0c5-7d00-4f03-8f89-040b92a64470","session-49","/products/engwe-engine-x","7af16635-825a-4282-bdd7-8d7c07c0184a","""2025-11-14T15:45:45.973Z"""
"58db5ac5-bcf0-483d-ae6f-116400f3b0c7","session-161","/shop","7af16635-825a-4282-bdd7-8d7c07c0184a","""2025-11-20T06:17:58.432Z"""
"e4c0d8af-c959-4386-a94b-0b1e6663974a","session-161","/",,"""2025-11-16T00:47:54.478Z"""
"e20e1372-09ef-4a4c-bb8c-9837df3c454b","session-424","/products/engwe-engine-x","7af16635-825a-4282-bdd7-8d7c07c0184a","""2025-11-25T14:33:46.131Z"""
"4e24a99c-d254-4067-9fbe-05a08aa4ab04","session-85","/shop","7af16635-825a-4282-bdd7-8d7c07c0184a","""2025-11-20T20:42:54.370Z"""
"b7b3848a-5380-43ca-a968-674ce026fec9","session-362","/products/engwe-engine-x",,"""2025-11-04T21:17:00.620Z"""
"4983d79a-bb9a-4b55-b3e9-bd6e413edf4a","session-175","/products/engwe-engine-x","7af16635-825a-4282-bdd7-8d7c07c0184a","""2025-11-15T15:54:10.427Z"""
"56252356-392c-4880-9533-9aa1a585b731","session-116","/products/engwe-engine-x","7af16635-825a-4282-bdd7-8d7c07c0184a","""2025-11-03T20:59:53.737Z"""
"e5bd7158-bf52-4b79-a61e-8dd0c5255b3d","session-204","/shop","7af16635-825a-4282-bdd7-8d7c07c0184a","""2025-11-11T02:59:04.181Z"""
"8756a741-903b-4166-a349-939093ae091f","session-305","/products/engwe-engine-x","7af16635-825a-4282-bdd7-8d7c07c0184a","""2025-11-04T13:12:04.311Z"""
"6e637c61-d0d7-4eb3-bd67-7846cd82a012","session-328","/shop","7af16635-825a-4282-bdd7-8d7c07c0184a","""2025-12-01T09:40:02.844Z"""
"2090916b-5f15-4a14-b8c1-f43553480cad","session-229","/products/engwe-engine-x","7af16635-825a-4282-bdd7-8d7c07c0184a","""2025-12-02T03:15:49.391Z"""
"56343fe9-5345-47ff-badc-f0cac1b1e1ab","session-329","/shop",,"""2025-11-17T17:32:27.409Z"""
"84634aa7-c4d7-44a9-b50e-1d8bd6947312","session-296","/","7af16635-825a-4282-bdd7-8d7c07c0184a","""2025-11-04T22:51:39.161Z"""
"7ab79b38-ed9f-4f23-9858-64761e1dca0d","session-299","/",,"""2025-11-25T13:34:40.970Z"""
"45c7e3d2-7df7-4751-af5d-90c1edbe5a0a","session-313","/cart","7af16635-825a-4282-bdd7-8d7c07c0184a","""2025-11-08T05:41:21.299Z"""
"f6cd336c-9354-4dd0-aed3-8e303a6f92e5","session-232","/","7af16635-825a-4282-bdd7-8d7c07c0184a","""2025-11-27T14:39:59.762Z"""
"6f35cb20-1858-4141-a391-c5a8f59a81bc","session-232","/shop","7af16635-825a-4282-bdd7-8d7c07c0184a","""2025-11-24T06:03:12.280Z"""
"b8fdd999-c0b8-4fbd-9f4a-c9a158b44ac6","session-47","/shop","7af16635-825a-4282-bdd7-8d7c07c0184a","""2025-11-12T11:34:16.765Z"""
"d3758015-2e27-40c8-afbf-464f159aa1c0","session-176","/",,"""2025-11-11T14:18:11.118Z"""
"3a4df4ad-60b0-41bf-ab78-7b27e57454fe","session-407","/","7af16635-825a-4282-bdd7-8d7c07c0184a","""2025-11-13T22:18:36.226Z"""
"70f0b0ae-bfb6-43a0-b0ce-b0de06ed976a","session-176","/","7af16635-825a-4282-bdd7-8d7c07c0184a","""2025-11-28T07:22:55.701Z"""
"64a80cc7-6852-4aea-91b8-7b32e1685d40","session-109","/shop","7af16635-825a-4282-bdd7-8d7c07c0184a","""2025-11-24T17:01:52.999Z"""
"f9aaf362-7c8d-44e0-a156-6910cebe6f40","session-2","/shop","7af16635-825a-4282-bdd7-8d7c07c0184a","""2025-11-26T02:04:08.705Z"""
"d9bd83b3-e4cf-4f2f-9821-ca968a73d4d8","session-320","/","7af16635-825a-4282-bdd7-8d7c07c0184a","""2025-11-15T13:00:49.214Z"""
"a38f1a81-ed65-4240-9d05-11b4c19f502c","session-323","/products/engwe-engine-x","7af16635-825a-4282-bdd7-8d7c07c0184a","""2025-11-21T21:31:09.480Z"""
"5738526b-c6b5-4454-a1c6-54c2541be2cb","session-367","/shop","7af16635-825a-4282-bdd7-8d7c07c0184a","""2025-11-07T17:21:56.106Z"""
"c81d44aa-b1c5-4526-bf1d-ec816dcbab4f","session-140","/shop","7af16635-825a-4282-bdd7-8d7c07c0184a","""2025-11-04T13:59:04.395Z"""
"e1cb9f90-abef-4ea9-a2f2-704cf31cad2c","session-407","/shop",,"""2025-11-23T11:23:28.017Z"""
"9a04e554-2520-4713-911c-472c3a6a3a1d","session-201","/products/engwe-engine-x","7af16635-825a-4282-bdd7-8d7c07c0184a","""2025-11-15T19:57:01.461Z"""
"fdc0ed33-3c07-42fd-8c30-47027951b6c4","session-254","/",,"""2025-11-08T00:51:17.766Z"""
"24133c70-f761-456d-90a8-7f80f412af62","session-296","/shop","7af16635-825a-4282-bdd7-8d7c07c0184a","""2025-11-11T08:35:12.517Z"""
"9fa43dc5-d8c1-4ae0-b043-ccf61b28c703","session-107","/","7af16635-825a-4282-bdd7-8d7c07c0184a","""2025-11-08T02:26:26.278Z"""
"16ba1be8-f275-4881-af86-bae972a62a01","session-393","/","7af16635-825a-4282-bdd7-8d7c07c0184a","""2025-11-06T18:17:34.188Z"""
"ff53e03f-ef91-44b1-9146-ae47c4206f51","session-471","/shop","7af16635-825a-4282-bdd7-8d7c07c0184a","""2025-11-22T03:22:55.902Z"""
"0e4e4fcf-e1c0-46cc-b88c-675fa313fb33","session-238","/shop","7af16635-825a-4282-bdd7-8d7c07c0184a","""2025-11-06T14:03:51.574Z"""
"84988041-31b8-42d7-9616-11b8582152d4","session-499","/","7af16635-825a-4282-bdd7-8d7c07c0184a","""2025-11-09T19:31:42.610Z"""
"7fef42c5-7196-494b-91d2-e778d024e6fe","session-232","/shop",,"""2025-12-01T04:20:31.109Z"""
"516a9c11-2dc4-408a-ad8f-a9018ed1871a","session-410","/shop","7af16635-825a-4282-bdd7-8d7c07c0184a","""2025-11-17T11:20:04.898Z"""
"9ffbf1c2-0652-4039-8e1c-48211ca3be4f","session-472","/shop","7af16635-825a-4282-bdd7-8d7c07c0184a","""2025-11-19T20:18:06.625Z"""
"c9cf7309-c55f-4da7-950c-4bf3f6e7e057","session-61","/",,"""2025-11-24T17:10:41.152Z"""
"1e5769a3-6e55-4f2c-9aa9-b27523ddadfb","session-297","/products/engwe-engine-x","7af16635-825a-4282-bdd7-8d7c07c0184a","""2025-11-27T08:21:39.100Z"""
"6c23f06e-f5e1-41ff-a537-6b45406e7125","session-213","/","7af16635-825a-4282-bdd7-8d7c07c0184a","""2025-11-20T10:47:27.174Z"""
"ef12c431-1a82-4470-932c-bac9eaea1787","session-172","/","7af16635-825a-4282-bdd7-8d7c07c0184a","""2025-11-24T05:01:34.985Z"""
"8b9e5e40-5a70-4d3c-95f9-68bfea8e7db7","session-303","/products/engwe-engine-x",,"""2025-11-13T04:40:27.565Z"""
"ac2d0626-e123-4fa6-a546-425e6dd0db38","session-192","/cart","7af16635-825a-4282-bdd7-8d7c07c0184a","""2025-11-11T13:25:32.868Z"""
"ba49df07-18f6-4c7e-85c6-cd11ebaa3fb6","session-118","/",,"""2025-12-01T21:47:46.599Z"""
"18479f6e-b94e-4648-964b-f1d24ccfc486","session-451","/","7af16635-825a-4282-bdd7-8d7c07c0184a","""2025-11-12T12:31:04.048Z"""
"f631e296-b63f-4fd0-8331-c67f01e7f6a9","session-123","/",,"""2025-11-30T08:38:20.087Z"""
"54fca7f7-5b42-40b0-9600-64472b871cc7","session-494","/","7af16635-825a-4282-bdd7-8d7c07c0184a","""2025-11-29T22:05:39.801Z"""
"132da49a-5b51-4958-8067-ba293bb053ce","session-74","/","7af16635-825a-4282-bdd7-8d7c07c0184a","""2025-11-04T02:53:37.975Z"""
"b610ae5e-76fb-4ea7-87ea-07e5fd427d24","session-223","/",,"""2025-11-09T19:48:38.272Z"""
"e1b5c287-1a43-4f16-9f1a-05304800820d","session-221","/cart","7af16635-825a-4282-bdd7-8d7c07c0184a","""2025-11-05T14:56:34.710Z"""
"fea04f06-b347-4436-b276-2a1b0cc6e317","session-101","/products/engwe-engine-x",,"""2025-11-29T16:24:45.253Z"""
"c8952c5f-d0cd-4c8d-8e2e-1f0813e4cf02","session-453","/products/engwe-engine-x","7af16635-825a-4282-bdd7-8d7c07c0184a","""2025-12-01T18:18:39.679Z"""
"08bdab40-8e02-4237-b040-6640c8852252","session-374","/products/engwe-engine-x","7af16635-825a-4282-bdd7-8d7c07c0184a","""2025-11-13T10:21:55.034Z"""
"5e8ae471-6879-481e-94fb-988c669bb8b4","session-347","/cart",,"""2025-11-23T21:02:02.190Z"""
"043e9943-d602-41bc-8f54-4a87a1e3fcb1","session-237","/shop","7af16635-825a-4282-bdd7-8d7c07c0184a","""2025-11-27T22:46:31.150Z"""
"928eabed-a6f6-4cbf-8c28-59e1aafbc675","session-308","/",,"""2025-12-01T08:40:16.270Z"""
"93c1efff-7ef4-4b75-bf3c-fe85b6cd4a59","session-17","/",,"""2025-11-09T04:44:21.183Z"""
"4a1ed8c4-411c-455a-9c1d-219f9bca2ab2","session-206","/",,"""2025-11-08T21:08:07.494Z"""
"f2d0b880-1f48-4a15-9360-d67fe8b3d015","session-51","/shop",,"""2025-11-16T11:34:25.970Z"""
"c492b622-b7ce-4122-89c7-61b0e565ecf5","session-327","/","7af16635-825a-4282-bdd7-8d7c07c0184a","""2025-11-06T12:08:29.247Z"""
"2ee431d0-5b13-437b-913d-e00f8bb52270","session-108","/","7af16635-825a-4282-bdd7-8d7c07c0184a","""2025-11-05T14:54:25.466Z"""
"954d0d61-e2f2-455c-96df-9a5818e6c7b5","session-250","/shop",,"""2025-11-26T15:56:41.217Z"""
"64c5c87e-89a0-4ae5-bb20-bd70c44fc866","session-358","/","7af16635-825a-4282-bdd7-8d7c07c0184a","""2025-11-17T05:15:19.551Z"""
"7bea136b-a35f-4c08-adb8-aca8c6d12ad8","session-67","/",,"""2025-11-09T21:46:22.020Z"""
"0b21d88b-d44c-4cbb-9b2a-afd2c48f86fd","session-436","/shop","7af16635-825a-4282-bdd7-8d7c07c0184a","""2025-11-26T05:21:00.824Z"""
"52643bee-f5e5-466e-83c1-803faa7c508d","session-388","/products/engwe-engine-x","7af16635-825a-4282-bdd7-8d7c07c0184a","""2025-12-02T06:14:04.765Z"""
"ee9880b3-0384-4131-94dd-eca0c4d806f7","session-381","/","7af16635-825a-4282-bdd7-8d7c07c0184a","""2025-11-14T14:32:20.412Z"""
"53402fd8-f11d-493c-892d-3e76b8ee9502","session-404","/shop","7af16635-825a-4282-bdd7-8d7c07c0184a","""2025-11-15T16:38:23.526Z"""
"1277a6bf-c297-4b25-9982-f5fd3ffe787b","session-236","/products/engwe-engine-x",,"""2025-11-17T12:09:30.098Z"""
"754e050e-3484-42fb-9d07-8194295d3862","session-209","/products/engwe-engine-x",,"""2025-11-17T15:02:24.947Z"""
"e89f460c-9cb8-4b78-a8d2-0a07ad9c1ddf","session-444","/products/engwe-engine-x",,"""2025-11-20T12:15:56.823Z"""
"bc49588a-0658-4775-a3bd-9c0408ff1922","session-276","/",,"""2025-11-03T14:26:32.361Z"""
"e5d87e9e-4b53-405a-9c4a-d46cb696502f","session-10","/products/engwe-engine-x","7af16635-825a-4282-bdd7-8d7c07c0184a","""2025-11-22T01:59:08.178Z"""
"7ab3e7c8-546b-4ed7-88d3-98e6856d1616","session-134","/shop",,"""2025-11-05T09:06:50.136Z"""
"30030d82-79f3-40f3-a5c0-54825ff66d73","session-253","/products/engwe-engine-x",,"""2025-11-28T06:04:52.967Z"""
"9f50cfa4-f9d5-4a4f-ba57-962e98c5e3c5","session-394","/shop",,"""2025-11-08T16:29:07.692Z"""
"5956ca5e-c405-47de-9d8f-62195f1310b7","session-230","/shop","7af16635-825a-4282-bdd7-8d7c07c0184a","""2025-11-29T18:23:11.083Z"""
"be929761-01d1-4e42-8f3a-d674097ac26d","session-493","/","7af16635-825a-4282-bdd7-8d7c07c0184a","""2025-11-21T15:26:39.205Z"""
"defaa23c-c80b-44af-b507-9bdd0070eabc","session-492","/",,"""2025-11-09T19:39:14.876Z"""
"fd28c9ac-c531-427e-928b-902fa72a0289","session-476","/","7af16635-825a-4282-bdd7-8d7c07c0184a","""2025-11-07T20:18:37.943Z"""
"b331c867-3ee5-4029-8093-b95e4a7289b1","session-166","/",,"""2025-11-25T12:00:16.348Z"""
"87a91ec2-b6fd-4441-9896-9e6c7b0a9ef3","session-351","/","7af16635-825a-4282-bdd7-8d7c07c0184a","""2025-11-30T09:30:03.462Z"""
"8e09e3a9-fb2c-47fd-84e7-aaa6a97bcc1c","session-446","/products/engwe-engine-x","7af16635-825a-4282-bdd7-8d7c07c0184a","""2025-11-19T02:48:04.227Z"""
"f86c7130-d4e3-4afe-8938-a6226db04d91","session-115","/shop","7af16635-825a-4282-bdd7-8d7c07c0184a","""2025-11-03T09:11:37.274Z"""
"d4524737-0fa8-44fb-a546-9f123bd81ad1","session-9","/",,"""2025-11-25T04:20:32.781Z"""
"3199a71a-694b-4540-a89d-7359218df83b","session-461","/products/engwe-engine-x","7af16635-825a-4282-bdd7-8d7c07c0184a","""2025-11-03T22:55:19.466Z"""
"d1c2308c-6db3-4522-aa27-cffa33af9ed6","session-179","/","7af16635-825a-4282-bdd7-8d7c07c0184a","""2025-11-14T18:37:47.999Z"""
"952f2513-a7d7-440b-a836-2a2c6d17027c","session-57","/shop","7af16635-825a-4282-bdd7-8d7c07c0184a","""2025-11-15T18:15:12.461Z"""
"10929794-b376-4ce9-9e77-e847d33ebbb5","session-58","/shop",,"""2025-11-09T04:09:57.424Z"""
"4e1f798b-94c5-4ebc-a59a-0b654a2ced74","session-87","/shop",,"""2025-11-24T14:47:04.287Z"""
"1af12822-c95d-4106-b26d-1440bdff0c56","session-111","/shop",,"""2025-11-20T21:09:22.484Z"""
"361ede82-64d4-407c-b928-32585921e18c","session-124","/shop","7af16635-825a-4282-bdd7-8d7c07c0184a","""2025-11-19T13:49:21.205Z"""
"20e29f1a-7102-4675-9287-e99313aee89b","session-289","/","7af16635-825a-4282-bdd7-8d7c07c0184a","""2025-11-08T17:14:37.021Z"""
"2dd5ceb0-5fe0-46e1-90fb-78ff667a3ffa","session-42","/",,"""2025-11-10T01:11:09.313Z"""
"f135301c-c2e4-4f6e-9397-bc7b5461c42c","session-373","/shop",,"""2025-11-14T12:37:25.168Z"""
"5547db2a-9056-4fd2-954a-da182b8a9e12","session-480","/shop","7af16635-825a-4282-bdd7-8d7c07c0184a","""2025-11-21T06:20:51.226Z"""
"57b37551-363f-4b4e-b3cf-1d1c85983b9d","session-104","/products/engwe-engine-x",,"""2025-11-30T12:58:10.831Z"""
"c9647d4c-324a-4216-8683-206f23cfedb2","session-11","/cart","7af16635-825a-4282-bdd7-8d7c07c0184a","""2025-12-01T08:55:06.537Z"""
"4c6c9db7-fa9d-4eaf-9ab3-7bfcf0bcf55f","session-193","/shop","7af16635-825a-4282-bdd7-8d7c07c0184a","""2025-11-24T00:07:59.134Z"""
"1b5cb130-a58a-44be-8b6f-5a4dce60a17e","session-304","/","7af16635-825a-4282-bdd7-8d7c07c0184a","""2025-11-27T20:45:53.818Z"""
"7910c3a6-e5d5-46f7-b720-46b9894e1616","session-388","/cart","7af16635-825a-4282-bdd7-8d7c07c0184a","""2025-11-09T15:45:52.559Z"""
"14a22cfd-34b2-4a8e-913a-2d8575a53e35","session-28","/shop","7af16635-825a-4282-bdd7-8d7c07c0184a","""2025-11-19T05:08:09.978Z"""
"55aad9b1-2633-4ba6-aa63-ed3247aa09df","session-403","/products/engwe-engine-x",,"""2025-11-09T14:47:14.568Z"""
"54894b0b-3bcb-4eab-b3fd-dce070c5302c","session-406","/shop",,"""2025-11-19T15:41:14.612Z"""
"69b1d552-660f-401f-a6a3-09d5ef46a57f","session-103","/shop",,"""2025-11-08T22:45:16.991Z"""
"378264bc-3db8-4407-bf5d-10b7bd6dc09a","session-286","/shop","7af16635-825a-4282-bdd7-8d7c07c0184a","""2025-11-03T16:06:47.099Z"""
"f624e932-0eff-4da3-8c48-4902abc9732b","session-489","/products/engwe-engine-x",,"""2025-12-02T05:15:54.208Z"""
"0ac30b82-d00e-4c36-9d69-0be5c1ab1267","session-359","/",,"""2025-11-25T04:34:38.139Z"""
"7ec78a88-edba-4350-93c6-f35a197be63c","session-57","/","7af16635-825a-4282-bdd7-8d7c07c0184a","""2025-11-19T03:34:35.676Z"""
"6ee49516-ca8b-402a-8757-a11ef4c1196b","session-357","/shop","7af16635-825a-4282-bdd7-8d7c07c0184a","""2025-11-07T12:04:10.141Z"""
"7534b5ff-ad38-491d-8614-ba8078ce2aa7","session-128","/shop","7af16635-825a-4282-bdd7-8d7c07c0184a","""2025-11-30T12:58:52.868Z"""
"c8c87a0b-d379-46ad-8845-d50734315fac","session-175","/products/engwe-engine-x",,"""2025-11-23T00:56:35.038Z"""
"58e23006-10ef-4d2b-9571-47bcc9ca2e6a","session-336","/cart","7af16635-825a-4282-bdd7-8d7c07c0184a","""2025-11-23T10:31:07.923Z"""
"c19888a2-d800-4c41-8faf-d32646be0862","session-163","/products/engwe-engine-x",,"""2025-11-24T19:17:08.049Z"""
"210972de-09cb-42ce-b596-c680d9100c1b","session-147","/products/engwe-engine-x","7af16635-825a-4282-bdd7-8d7c07c0184a","""2025-11-09T22:28:14.578Z"""
"dcaba158-bf9c-4b17-8e98-5e5e11324164","session-133","/",,"""2025-11-15T05:15:16.393Z"""
"e371876a-dc9e-4914-9360-f9704d058260","session-176","/","7af16635-825a-4282-bdd7-8d7c07c0184a","""2025-12-02T10:28:32.841Z"""
"30333822-48a7-4213-921c-b9500f1b4783","session-211","/","7af16635-825a-4282-bdd7-8d7c07c0184a","""2025-11-21T05:46:37.503Z"""
"876f7833-222c-46a9-803c-7fbc04278e40","session-263","/",,"""2025-11-27T15:59:02.969Z"""
"76bc5780-8f36-4a84-8b67-b5152550f32c","session-28","/products/engwe-engine-x","7af16635-825a-4282-bdd7-8d7c07c0184a","""2025-11-25T15:52:00.297Z"""
"73562dd6-180b-4bfe-afac-6ccaccf1c39a","session-298","/shop",,"""2025-11-05T05:12:01.581Z"""
"ae8c00ec-e222-45f0-ab4c-b515c4dff91b","session-458","/products/engwe-engine-x","7af16635-825a-4282-bdd7-8d7c07c0184a","""2025-11-23T18:51:23.213Z"""
"8005b62d-4de9-4db0-a057-bd3f1f527056","session-415","/cart","7af16635-825a-4282-bdd7-8d7c07c0184a","""2025-11-05T05:15:29.249Z"""
"574ccaa9-71dd-4494-9d41-d0b8cf2d466e","session-312","/cart",,"""2025-12-02T13:12:49.515Z"""
"d3bbf499-c74f-4cc0-afb9-0036f563e86c","session-476","/shop","7af16635-825a-4282-bdd7-8d7c07c0184a","""2025-11-21T00:59:55.934Z"""
"644de779-a3bc-4a3b-8aa1-ae6d80a843d7","session-461","/",,"""2025-11-09T05:44:22.684Z"""
"82a60a10-c2e8-4828-85fa-51e6597e7bb4","session-223","/shop",,"""2025-11-12T13:41:40.799Z"""
"3b4bb7d5-8510-4790-b3eb-0bdf1a77118f","session-103","/products/engwe-engine-x","7af16635-825a-4282-bdd7-8d7c07c0184a","""2025-11-23T22:55:31.797Z"""
"05d78670-b051-4d58-ae3f-4a76d1ac3a5c","session-217","/shop","7af16635-825a-4282-bdd7-8d7c07c0184a","""2025-11-09T08:52:20.843Z"""
"92eb7a05-a498-4480-8aee-8944142244e7","session-129","/shop","7af16635-825a-4282-bdd7-8d7c07c0184a","""2025-11-28T20:26:19.509Z"""
"09b49ef8-19c6-441c-94b0-e4760827f893","session-306","/shop","7af16635-825a-4282-bdd7-8d7c07c0184a","""2025-11-23T06:09:41.630Z"""
"8a3d30c8-5f37-44ca-99ed-0f6e4af2950e","session-426","/shop","7af16635-825a-4282-bdd7-8d7c07c0184a","""2025-11-24T15:11:59.308Z"""
"1b542b6d-00d5-46fe-ba04-1bb945a98521","session-498","/products/engwe-engine-x",,"""2025-11-13T20:06:23.402Z"""
"d0570e57-3ebe-46f4-ad19-71e05c72cb04","session-326","/","7af16635-825a-4282-bdd7-8d7c07c0184a","""2025-11-25T21:16:07.970Z"""
"3c34b957-d1ba-4adb-9764-a22415f0babb","session-91","/shop",,"""2025-11-04T16:02:44.832Z"""
"d7c8b4d4-390f-4436-946e-fd7b45dc6a6d","session-311","/","7af16635-825a-4282-bdd7-8d7c07c0184a","""2025-11-24T03:56:04.323Z"""
"e7394a5b-23d7-4d41-9bd5-d3520b98c5dc","session-256","/","7af16635-825a-4282-bdd7-8d7c07c0184a","""2025-11-16T12:54:09.870Z"""
"11b9f923-d240-4af2-9d61-f038f8a4e60f","session-159","/shop",,"""2025-11-25T12:30:00.057Z"""
"556fbc8b-4635-4a1a-a848-fbd595cb8f5a","session-386","/cart","7af16635-825a-4282-bdd7-8d7c07c0184a","""2025-11-07T15:32:34.328Z"""
"77ab5574-6d86-4b08-9027-66c4456a9285","session-13","/","7af16635-825a-4282-bdd7-8d7c07c0184a","""2025-11-26T05:18:13.410Z"""
"a24281eb-8012-43e1-963f-69572acf274c","session-141","/","7af16635-825a-4282-bdd7-8d7c07c0184a","""2025-11-22T04:12:46.054Z"""
"cddc0859-0980-48bd-9b6a-22cfc4ec4964","session-470","/products/engwe-engine-x",,"""2025-12-02T08:53:06.840Z"""
"8c6f0cbe-f4ff-480d-9a23-75c594cca664","session-459","/shop","7af16635-825a-4282-bdd7-8d7c07c0184a","""2025-11-25T04:28:21.394Z"""
"b86b6bbb-a2f7-4501-aa35-8bcfed12aef7","session-69","/shop",,"""2025-11-28T11:22:09.939Z"""
"45543e01-9fbd-4bbc-a8fa-e957e294f70e","session-289","/shop","7af16635-825a-4282-bdd7-8d7c07c0184a","""2025-11-26T17:57:32.095Z"""
"fba7ba73-fa0d-4b3c-922d-2be8c09d8a8a","session-13","/shop",,"""2025-11-08T18:07:20.195Z"""
"afff3d7d-8d4d-45bf-b52e-99fe95fd37b0","session-254","/products/engwe-engine-x","7af16635-825a-4282-bdd7-8d7c07c0184a","""2025-11-09T22:02:28.247Z"""
"bf6e0f26-0413-4b80-b487-233e6244eb3f","session-492","/","7af16635-825a-4282-bdd7-8d7c07c0184a","""2025-11-14T10:28:04.234Z"""
"a2b8aa1c-640f-4724-8250-6724fc549828","session-399","/",,"""2025-11-11T11:21:17.822Z"""
"0bcaf10a-100f-40ce-b1f7-842f0f86ec25","session-282","/",,"""2025-11-21T12:31:16.048Z"""
"43b02293-4454-49dc-995f-32e4258c83e2","session-233","/","7af16635-825a-4282-bdd7-8d7c07c0184a","""2025-11-13T17:57:14.683Z"""
"31470708-e59a-4c1c-b7cc-0527d44419ac","session-222","/","7af16635-825a-4282-bdd7-8d7c07c0184a","""2025-11-21T06:36:18.580Z"""
"ad9124ce-76be-482c-80ff-cbe351284d35","session-25","/cart",,"""2025-11-28T11:47:24.219Z"""
"c264da65-6cfd-4004-b406-8151db945929","session-222","/",,"""2025-11-19T01:58:51.774Z"""
"a8214aa4-ed0f-4532-a703-670a98b22b31","session-434","/",,"""2025-11-15T00:26:59.439Z"""
"5ad24ab0-4f3e-4d00-90b9-908de086bdab","session-364","/products/engwe-engine-x",,"""2025-11-27T12:30:50.562Z"""
"55a71da3-b22b-4004-b320-292fecfd9ce5","session-433","/","7af16635-825a-4282-bdd7-8d7c07c0184a","""2025-11-25T01:16:04.297Z"""
"fc084ad1-39c4-4c69-9edd-829a8c3a4ba7","session-441","/shop","7af16635-825a-4282-bdd7-8d7c07c0184a","""2025-11-03T15:37:04.064Z"""
"dab608b6-b49f-4dfa-9520-9ed03c5d5e43","session-210","/products/engwe-engine-x","7af16635-825a-4282-bdd7-8d7c07c0184a","""2025-11-12T09:45:20.142Z"""
"d42f48fa-9fa8-4776-b163-a8b57e925107","session-489","/shop",,"""2025-11-27T07:25:59.134Z"""
"942efc18-7d51-4230-9a23-40bca4136702","session-111","/products/engwe-engine-x","7af16635-825a-4282-bdd7-8d7c07c0184a","""2025-11-28T16:56:49.746Z"""
"1a04c7b8-4ce3-4976-90cb-8a16d1b0182b","session-76","/",,"""2025-11-11T01:26:59.991Z"""
"5d62891a-9172-4fc0-9d2a-723689ea654e","session-449","/",,"""2025-11-05T18:02:23.494Z"""
"24fe1e12-f92d-49ff-804c-4d8682c18e36","session-44","/",,"""2025-11-30T10:14:07.189Z"""
"685d8858-7a67-4b7c-9c4a-9a573049f1e7","session-199","/cart",,"""2025-11-22T00:38:45.167Z"""
"d28d9b33-36de-4fbc-b391-5a3364fddc33","session-392","/","7af16635-825a-4282-bdd7-8d7c07c0184a","""2025-11-16T02:38:31.573Z"""
"9f1b0fb4-6056-45f6-bcef-030c2329395c","session-193","/","7af16635-825a-4282-bdd7-8d7c07c0184a","""2025-11-17T21:24:37.943Z"""
"5ace5e8e-42a5-4d06-af98-d6b7de49f188","session-274","/products/engwe-engine-x",,"""2025-11-22T11:23:46.721Z"""
"c12eecb9-0b39-4999-a1e6-871ca5ebf260","session-371","/shop","7af16635-825a-4282-bdd7-8d7c07c0184a","""2025-11-05T21:53:26.599Z"""
"1de25d2b-04b6-4137-973d-88bdf0b546ef","session-129","/shop",,"""2025-11-19T18:51:27.734Z"""
"96b19e56-0887-4dd3-8283-702151e0ac1a","session-131","/",,"""2025-11-20T07:47:24.819Z"""
"ad29541e-faaf-4a57-89df-f96d5b0df35c","session-339","/","7af16635-825a-4282-bdd7-8d7c07c0184a","""2025-11-19T04:48:25.400Z"""
"8df5a570-7255-4252-88be-0d0df83f7208","session-272","/",,"""2025-11-04T02:08:29.374Z"""
"813521ba-0ba0-410e-8857-2dcca773003b","session-146","/","7af16635-825a-4282-bdd7-8d7c07c0184a","""2025-11-04T19:28:54.617Z"""
"f598c9c1-2923-4821-afc4-c97aa0a7deaf","session-6","/shop","7af16635-825a-4282-bdd7-8d7c07c0184a","""2025-11-20T00:54:01.395Z"""
"6a0db656-05b7-4687-bc76-2d814518cab8","session-261","/products/engwe-engine-x",,"""2025-11-26T11:01:51.203Z"""
"9a4ccd91-959e-49a1-b99f-4c0aabf4af1c","session-475","/cart",,"""2025-11-26T21:58:15.324Z"""
"82c4f3d0-4982-4720-bf43-5165bb446765","session-226","/",,"""2025-11-23T11:15:03.623Z"""
"2b3b3336-1a6f-4a29-bf68-45749a9e34bf","session-368","/shop","7af16635-825a-4282-bdd7-8d7c07c0184a","""2025-11-22T00:35:58.290Z"""
"c7e74f6a-d5e1-4dbc-9be1-c28f246bf068","session-472","/",,"""2025-11-12T04:54:36.991Z"""
"2584e2b5-cecd-4505-9f9d-757f8f080ce9","session-114","/cart",,"""2025-11-13T04:38:47.059Z"""
"c3aaf440-2fe2-40fd-986a-540d4c8c0b39","session-407","/shop","7af16635-825a-4282-bdd7-8d7c07c0184a","""2025-11-15T10:28:27.288Z"""
"982479b2-8dfa-4bc8-a3e2-fa2a8fa22410","session-479","/cart","7af16635-825a-4282-bdd7-8d7c07c0184a","""2025-11-22T06:25:08.832Z"""
"164a036e-81e7-479b-b1ad-bb7fbc135143","session-413","/","7af16635-825a-4282-bdd7-8d7c07c0184a","""2025-11-23T05:32:13.338Z"""
"721be01d-63c3-4135-ab46-ad11d348683a","session-104","/shop","7af16635-825a-4282-bdd7-8d7c07c0184a","""2025-12-01T00:47:32.487Z"""
"a8f497b3-1f40-4efe-a3a7-ae5e723c169b","session-25","/products/engwe-engine-x","7af16635-825a-4282-bdd7-8d7c07c0184a","""2025-11-14T08:00:13.961Z"""
"5c7206bd-a014-43f6-a7fb-a5a341d87ccb","session-55","/products/engwe-engine-x","7af16635-825a-4282-bdd7-8d7c07c0184a","""2025-11-30T09:14:55.994Z"""
"04610c71-a4f3-4472-bea5-8b44f208ca4c","session-265","/products/engwe-engine-x",,"""2025-11-25T17:05:42.148Z"""
"e48c082c-0507-42e2-ac5c-e0e944f63a21","session-93","/products/engwe-engine-x",,"""2025-11-06T09:05:23.108Z"""
"e390cf66-d974-4610-8ec8-49e0ad3edc4b","session-293","/shop","7af16635-825a-4282-bdd7-8d7c07c0184a","""2025-11-03T14:47:53.161Z"""
"d31c8d6b-fe9c-4b42-9397-c88fcaa0a033","session-305","/","7af16635-825a-4282-bdd7-8d7c07c0184a","""2025-11-12T14:50:58.528Z"""
"63e4bc25-b5f8-4780-8657-468692fd3357","session-325","/products/engwe-engine-x",,"""2025-11-28T20:33:05.665Z"""
"a67b90af-8a42-4a69-8a9c-7a53062aa9bb","session-55","/shop",,"""2025-11-08T01:05:24.605Z"""
"d973d471-04d6-4349-8b87-230ce85ccf1d","session-497","/","7af16635-825a-4282-bdd7-8d7c07c0184a","""2025-11-04T00:50:25.636Z"""
"7bd93ed7-bc73-46d8-854e-770d1a2c7dcc","session-1","/shop",,"""2025-11-19T22:22:34.132Z"""
"87b17446-fa56-4065-9b0c-b9d7b3934fa7","session-220","/products/engwe-engine-x",,"""2025-11-20T19:50:08.003Z"""
"d4602003-d509-4d0d-837e-fa52d413464d","session-86","/shop",,"""2025-11-06T13:51:13.227Z"""
"40eaf4ff-5bfc-455a-8eab-dfbca39405ac","session-292","/cart","7af16635-825a-4282-bdd7-8d7c07c0184a","""2025-11-08T14:42:37.800Z"""
"662e3c6f-d3f9-499b-9335-b74b55c3578f","session-344","/","7af16635-825a-4282-bdd7-8d7c07c0184a","""2025-11-12T04:26:05.364Z"""
"48674c51-a213-4898-9eff-5071ac156f56","session-192","/","7af16635-825a-4282-bdd7-8d7c07c0184a","""2025-11-23T08:41:47.641Z"""
"dcad1009-03ef-483f-a4ef-4b548b9f0f4e","session-410","/shop","7af16635-825a-4282-bdd7-8d7c07c0184a","""2025-11-26T19:48:39.015Z"""
"7147d1a2-25af-4c94-a468-d175f2615a46","session-482","/shop","7af16635-825a-4282-bdd7-8d7c07c0184a","""2025-11-26T12:37:18.538Z"""
"6af8ff38-d56b-4ac4-8fe2-5882c3a98140","session-148","/products/engwe-engine-x","7af16635-825a-4282-bdd7-8d7c07c0184a","""2025-11-18T00:04:38.458Z"""
"30bde4c4-982d-4a53-8fc3-9b139ba95897","session-394","/shop",,"""2025-11-22T06:48:03.135Z"""
"5a21eafb-8ec8-4b75-9511-b64563a5e902","session-326","/shop",,"""2025-11-17T09:51:55.658Z"""
"74c1282f-1175-4696-88ce-baa34e0579ee","session-22","/products/engwe-engine-x","7af16635-825a-4282-bdd7-8d7c07c0184a","""2025-11-29T14:01:11.029Z"""
"78b3880d-9d2b-4ee9-b510-9c948c537b71","session-444","/",,"""2025-11-22T12:49:09.672Z"""
"4ee769db-ea9a-40b3-b77b-008e550895bc","session-85","/","7af16635-825a-4282-bdd7-8d7c07c0184a","""2025-11-06T05:33:28.877Z"""
"43cf485b-cbc7-4e4d-8308-6ef760199a7b","session-478","/products/engwe-engine-x","7af16635-825a-4282-bdd7-8d7c07c0184a","""2025-11-20T10:06:10.283Z"""
"6f1c8eb3-5ca5-4122-89e1-780f96b498a8","session-417","/shop","7af16635-825a-4282-bdd7-8d7c07c0184a","""2025-11-19T16:02:57.431Z"""
"9e0c44ad-1d85-4b98-a851-84d1a2ac2d0a","session-84","/",,"""2025-11-03T17:27:08.519Z"""
"25a428a8-508a-412d-92ef-33fa9120b0cb","session-338","/",,"""2025-11-04T19:19:09.427Z"""
"a00c24ce-c336-4ae1-bf9c-7babcb53e78f","session-378","/products/engwe-engine-x","7af16635-825a-4282-bdd7-8d7c07c0184a","""2025-11-26T15:17:24.623Z"""
"9d801172-64ae-494e-82f7-d1b511826d04","session-20","/shop",,"""2025-11-08T05:40:40.675Z"""
"7033368c-72f1-47ef-a386-0661aa83f714","session-350","/","7af16635-825a-4282-bdd7-8d7c07c0184a","""2025-11-10T22:21:00.223Z"""
"d26f9445-70bf-4251-b7c3-b3eca4b46672","session-74","/",,"""2025-11-09T11:30:09.904Z"""
"2003b179-cec6-4b96-8d6b-ebf5604e330b","session-432","/cart",,"""2025-11-29T10:28:13.729Z"""
"1a4f29ea-67ce-4ce1-95f6-a243ca418d5c","session-12","/products/engwe-engine-x",,"""2025-11-09T04:46:04.030Z"""
"0b17a091-01ba-49e3-a822-2b844714b2f6","session-449","/shop","7af16635-825a-4282-bdd7-8d7c07c0184a","""2025-11-16T13:45:46.715Z"""
"c62b8d2f-2c5e-42a8-a3b2-e7f8907ef84f","session-152","/products/engwe-engine-x","7af16635-825a-4282-bdd7-8d7c07c0184a","""2025-11-14T06:32:20.763Z"""
"3c496db3-cb47-4c76-932b-387aee13d5f1","session-82","/shop","7af16635-825a-4282-bdd7-8d7c07c0184a","""2025-11-29T03:02:23.867Z"""
"322b6724-806c-492f-b66d-7f78fc8909f0","session-59","/","7af16635-825a-4282-bdd7-8d7c07c0184a","""2025-11-16T19:09:10.855Z"""
"168fd57e-3daf-457c-b725-026523f8d0a0","session-173","/shop","7af16635-825a-4282-bdd7-8d7c07c0184a","""2025-11-07T15:59:02.010Z"""
"41b036a4-7558-458e-a591-1615bbfedeb4","session-40","/shop","7af16635-825a-4282-bdd7-8d7c07c0184a","""2025-11-19T05:14:47.109Z"""
"4d010d69-035f-4419-b190-b25a9cdd7719","session-28","/products/engwe-engine-x",,"""2025-12-02T12:50:00.790Z"""
"fdc5e9d4-f208-4973-b89e-6a3c438d81d8","session-227","/products/engwe-engine-x",,"""2025-11-25T00:00:16.087Z"""
"0afcb3d3-f95d-4146-ad8f-20fb00fae211","session-449","/",,"""2025-11-17T08:06:34.536Z"""
"5bcf84ab-a8fd-4fb4-8af8-3f43338a3321","session-90","/","7af16635-825a-4282-bdd7-8d7c07c0184a","""2025-11-29T13:49:37.805Z"""
"730396f6-6347-48aa-a5b1-a57186ea746b","session-144","/products/engwe-engine-x","7af16635-825a-4282-bdd7-8d7c07c0184a","""2025-11-08T08:01:32.126Z"""
"4f034d7a-04d6-4cee-b43b-cb17f3b3dbce","session-321","/",,"""2025-11-28T22:35:37.931Z"""
"c9a2ec70-c1e0-4ebb-a9d5-c7875034f83b","session-403","/","7af16635-825a-4282-bdd7-8d7c07c0184a","""2025-11-14T08:01:19.359Z"""
"386db7ad-0cab-485b-b551-758b4d113ca0","session-176","/products/engwe-engine-x","7af16635-825a-4282-bdd7-8d7c07c0184a","""2025-11-29T00:10:34.863Z"""
"64ef6df6-4bed-440a-8f13-e284a4030667","session-57","/",,"""2025-11-29T09:59:51.318Z"""
"fced4dde-0dfe-4372-9099-64383a7d01f6","session-113","/shop",,"""2025-11-23T09:13:43.487Z"""
"c2c5e830-5641-4c0f-b363-27bf23c41268","session-102","/products/engwe-engine-x",,"""2025-11-14T08:11:04.598Z"""
"ba09900b-b2b7-427e-a40e-1a92828908e7","session-410","/shop",,"""2025-11-09T17:05:10.028Z"""
"d1a8a4e7-11d8-4821-9803-630a24992e2c","session-376","/shop","7af16635-825a-4282-bdd7-8d7c07c0184a","""2025-11-25T15:43:49.636Z"""
"195717ac-d59a-4cfc-afcb-7a403dfe81d6","session-189","/shop","7af16635-825a-4282-bdd7-8d7c07c0184a","""2025-11-26T06:11:53.019Z"""
"ff007021-02dc-49ac-9420-a91a0d52cfc7","session-34","/cart","7af16635-825a-4282-bdd7-8d7c07c0184a","""2025-11-08T04:44:15.217Z"""
"4b7846ce-1a10-4c4f-981c-650f7001aa92","session-296","/",,"""2025-11-29T00:42:32.550Z"""
"27243ea3-7048-459d-9487-f47b2769db41","session-52","/shop",,"""2025-11-07T02:17:52.980Z"""
"1c010333-ddd5-4f90-a359-2fb8a7a1798e","session-427","/products/engwe-engine-x","7af16635-825a-4282-bdd7-8d7c07c0184a","""2025-11-08T14:35:08.175Z"""
"a7ce4c5a-60e6-40ab-906e-f9c290f88d51","session-162","/cart",,"""2025-11-05T05:15:35.400Z"""
"3f10941d-bbf0-4d01-b009-611d3582a23a","session-348","/","7af16635-825a-4282-bdd7-8d7c07c0184a","""2025-11-18T07:54:37.317Z"""
"142eaf66-6bc1-4d80-a29c-c8cbd8503962","session-182","/shop","7af16635-825a-4282-bdd7-8d7c07c0184a","""2025-11-16T18:13:23.557Z"""
"151374e4-120e-4f09-9744-f3e3eb42f992","session-347","/",,"""2025-12-02T16:35:25.582Z"""
"9467318d-dac5-455d-b6c5-f9fc52152501","session-279","/",,"""2025-11-22T06:11:15.749Z"""
"a1d0faab-9b45-40db-98f9-ce4c99d4b214","session-380","/products/engwe-engine-x",,"""2025-11-15T07:51:40.126Z"""
"58314906-1c8d-45bf-b8d6-4ada370b05fd","session-63","/cart","7af16635-825a-4282-bdd7-8d7c07c0184a","""2025-11-14T17:03:10.158Z"""
"29eac4c6-64af-4d92-9441-6a34819a69e8","session-306","/products/engwe-engine-x","7af16635-825a-4282-bdd7-8d7c07c0184a","""2025-11-20T16:11:09.755Z"""
"64c35941-08e1-464f-b52c-e6a1f8c29178","session-447","/products/engwe-engine-x",,"""2025-11-21T00:24:33.116Z"""
"bc6a2ad7-279f-4ade-89db-3d58c20ce00d","session-458","/",,"""2025-11-26T00:33:28.496Z"""
"32e2298c-c46a-4972-95cd-eed83ed51783","session-220","/products/engwe-engine-x",,"""2025-11-22T09:44:21.105Z"""
"42d3c7f5-e7e6-4668-97c5-11704e70afc9","session-316","/products/engwe-engine-x","7af16635-825a-4282-bdd7-8d7c07c0184a","""2025-11-07T11:20:51.537Z"""
"3b210d84-69e5-4002-a457-bccb80a5565e","session-51","/shop",,"""2025-11-07T07:56:05.568Z"""
"d2a0aa44-42dd-48ba-abc1-308285535209","session-484","/products/engwe-engine-x",,"""2025-11-27T10:41:19.926Z"""
"f81b8a1b-d7cb-4dae-81fe-e9d03f0683fd","session-278","/shop",,"""2025-11-30T01:51:07.311Z"""
"95ef2614-4204-4f84-9525-d3b534e64a61","session-287","/cart",,"""2025-11-10T15:30:47.232Z"""
"7c50cd82-192f-43ea-bacf-810474fac33c","session-365","/products/engwe-engine-x",,"""2025-11-08T21:35:24.288Z"""
"15e8d941-4e6e-4061-8830-a0695f57b626","session-203","/shop","7af16635-825a-4282-bdd7-8d7c07c0184a","""2025-11-19T04:24:21.932Z"""
"7a55ce22-5034-4db8-b6d8-2dc0cfa1891e","session-352","/cart","7af16635-825a-4282-bdd7-8d7c07c0184a","""2025-11-19T11:42:03.922Z"""
"3c6a9abb-8eeb-402f-a461-3dd0a07b44a0","session-323","/cart",,"""2025-12-01T03:29:44.691Z"""
"2f567f28-7e6b-4a8f-b1cd-54a914acde03","session-226","/",,"""2025-11-03T21:48:17.083Z"""
"7928f212-2a89-4aa2-b17c-da175da0a1bf","session-454","/",,"""2025-11-30T14:09:36.404Z"""
"71ebf591-aa6b-4a72-855f-d23386750cf4","session-150","/shop",,"""2025-11-13T16:38:51.935Z"""
"5cca658d-dfd4-489e-b102-3822f4d4464b","session-98","/cart",,"""2025-11-10T16:49:42.406Z"""
"1a71015c-9e60-4c8e-b0f8-3e17cd0564a6","session-237","/",,"""2025-11-29T13:27:07.800Z"""
"f565fa4e-d93b-4b83-a444-e4b6a61e89e5","session-250","/cart","7af16635-825a-4282-bdd7-8d7c07c0184a","""2025-12-01T07:54:42.663Z"""
"5f315032-25f5-4d34-97ed-dbb285b70b0f","session-498","/cart","7af16635-825a-4282-bdd7-8d7c07c0184a","""2025-11-16T18:15:58.056Z"""
"f30670bd-2624-4885-8589-7faf9764033b","session-4","/products/engwe-engine-x","7af16635-825a-4282-bdd7-8d7c07c0184a","""2025-11-21T12:16:33.586Z"""
"eb8810d9-b4af-4f3f-adeb-3c32eb9418c0","session-437","/shop",,"""2025-11-22T02:03:59.137Z"""
"d0626136-e971-45d5-a8b6-0e803d57b0ec","session-392","/products/engwe-engine-x",,"""2025-11-03T19:46:24.727Z"""
"3ce19fd3-c19a-4653-80d7-9b010ea4035c","session-172","/shop","7af16635-825a-4282-bdd7-8d7c07c0184a","""2025-12-02T14:50:41.634Z"""
"d30c3a37-99ab-47db-8a8c-709fd27572eb","session-281","/shop",,"""2025-11-04T15:44:16.080Z"""
"cd3aacb8-80e2-4158-b126-538223459611","session-261","/products/engwe-engine-x","7af16635-825a-4282-bdd7-8d7c07c0184a","""2025-11-23T01:12:40.434Z"""
"2001116c-376a-4c5f-9dd8-a053116a64f5","session-436","/",,"""2025-11-16T19:42:16.576Z"""
"517c65f4-01ed-4420-90d2-ce57aac2753d","session-145","/shop",,"""2025-11-23T17:32:44.456Z"""
"29b50d34-ec56-4092-b205-554e07298dda","session-350","/shop","7af16635-825a-4282-bdd7-8d7c07c0184a","""2025-11-06T03:03:24.885Z"""
"282f3fad-9bc4-4b0b-984f-c82d2d8d8bdf","session-439","/shop","7af16635-825a-4282-bdd7-8d7c07c0184a","""2025-11-22T05:18:24.757Z"""
"ab1fa332-0c1b-4769-9b8a-e0dd25e6c23a","session-443","/products/engwe-engine-x",,"""2025-11-20T01:07:13.538Z"""
"7173777b-9c82-40a8-a4f9-283dcf881caa","session-238","/shop","7af16635-825a-4282-bdd7-8d7c07c0184a","""2025-11-17T13:12:43.458Z"""
"e0761156-c026-44dd-b714-f18fd8b3402d","session-189","/products/engwe-engine-x","7af16635-825a-4282-bdd7-8d7c07c0184a","""2025-11-30T22:03:07.176Z"""
"c61dd14c-0900-4a30-9e0f-5137c343b05b","session-30","/shop",,"""2025-11-28T12:27:13.688Z"""
"5f8867bb-aabc-4322-aec0-c9ccb997fc50","session-89","/shop",,"""2025-11-17T04:01:36.336Z"""
"cf3e16c0-c666-45ce-907a-b791997cdcb7","session-288","/shop","7af16635-825a-4282-bdd7-8d7c07c0184a","""2025-11-14T10:07:49.345Z"""
"e48954f2-ed7b-475b-9df6-919c083633b4","session-162","/","7af16635-825a-4282-bdd7-8d7c07c0184a","""2025-11-17T13:52:06.896Z"""
"beb265d3-3b97-434d-b89f-9d53ded7ce54","session-239","/products/engwe-engine-x",,"""2025-12-02T13:39:48.623Z"""
"947be684-2404-4b2e-bbcb-02da7d9dbfb9","session-127","/",,"""2025-11-16T15:57:52.950Z"""
"a1b2fd8d-7da9-49f5-b61a-ec93818af03d","session-131","/shop",,"""2025-11-05T07:09:33.342Z"""
"4bd4ac36-8a5d-4721-9bd0-6458ecda14f1","session-383","/products/engwe-engine-x",,"""2025-11-25T08:30:43.916Z"""
"e794e628-8134-41df-b69a-cfed46110685","session-28","/shop","7af16635-825a-4282-bdd7-8d7c07c0184a","""2025-11-22T07:58:40.200Z"""
"097e9511-b2d6-47ec-83a8-bbf4ca74b2fe","session-461","/shop","7af16635-825a-4282-bdd7-8d7c07c0184a","""2025-11-27T13:57:09.922Z"""
"56fb263e-f795-4ed0-95b0-4b25a37689db","session-334","/products/engwe-engine-x",,"""2025-11-09T07:56:33.917Z"""
"2dd57fe0-43aa-41f9-a2b3-8fd84b03e5f1","session-257","/shop",,"""2025-11-28T15:10:19.847Z"""
"21d56f11-6cbe-4c29-b882-6c426bddd4cf","session-87","/","7af16635-825a-4282-bdd7-8d7c07c0184a","""2025-11-11T08:57:00.944Z"""
"93b051fa-3457-48b0-9eda-20aba21963b9","session-253","/products/engwe-engine-x","7af16635-825a-4282-bdd7-8d7c07c0184a","""2025-11-07T17:21:33.540Z"""
"bbd69ac7-5ea4-41ca-8c39-ce38dd4e4701","session-141","/shop","7af16635-825a-4282-bdd7-8d7c07c0184a","""2025-11-18T09:32:55.921Z"""
"da902754-3109-46f0-bcff-5807ae3a13e4","session-172","/shop","7af16635-825a-4282-bdd7-8d7c07c0184a","""2025-11-08T13:34:38.273Z"""
"aca8f41e-615a-405b-8f0e-739bec628650","session-358","/",,"""2025-11-16T12:39:49.486Z"""
"42a6219a-acb1-4dfe-895f-9bfb808ee718","session-43","/shop","7af16635-825a-4282-bdd7-8d7c07c0184a","""2025-11-11T21:20:35.996Z"""
"eeaf01ef-3cc3-4749-8334-b5f9ed271870","session-376","/","7af16635-825a-4282-bdd7-8d7c07c0184a","""2025-11-17T22:51:21.102Z"""
"1b62fa8e-c67a-4d84-b9da-3c3dea94d7ec","session-2","/shop","7af16635-825a-4282-bdd7-8d7c07c0184a","""2025-11-24T18:49:26.449Z"""
"f7276516-1dbb-40c8-b1a6-eaae1ea5201f","session-356","/shop","7af16635-825a-4282-bdd7-8d7c07c0184a","""2025-11-15T11:19:39.941Z"""
"d9c24aea-ba9f-44c6-a88c-26939ba8269f","session-206","/shop","7af16635-825a-4282-bdd7-8d7c07c0184a","""2025-11-11T20:41:51.770Z"""
"7c577467-68fc-4143-a1fe-1b8e3f183581","session-388","/products/engwe-engine-x","7af16635-825a-4282-bdd7-8d7c07c0184a","""2025-12-01T17:37:09.972Z"""
"6f05759a-ae0a-42be-9bc0-229146688657","session-80","/shop","7af16635-825a-4282-bdd7-8d7c07c0184a","""2025-11-20T09:00:35.140Z"""
"3a1ce6f2-1b25-4815-968f-5ec98718f3a7","session-431","/products/engwe-engine-x","7af16635-825a-4282-bdd7-8d7c07c0184a","""2025-11-10T13:04:44.812Z"""
"000e3d4b-99b0-4327-bd95-ff7b1afbf511","session-337","/shop",,"""2025-11-20T09:41:20.793Z"""
"4b6f41eb-d50f-4832-831d-03b85b2b8f2c","session-204","/shop","7af16635-825a-4282-bdd7-8d7c07c0184a","""2025-11-18T01:00:18.504Z"""
"342d9ded-2463-4ea4-adc7-2002aa720de4","session-427","/",,"""2025-11-27T13:22:38.882Z"""
"0561f18f-595d-4982-a1b1-598d68a998eb","session-295","/cart",,"""2025-11-04T00:24:11.864Z"""
"12e353c9-f781-4997-b98a-72fbbb5a4283","session-220","/shop","7af16635-825a-4282-bdd7-8d7c07c0184a","""2025-11-25T15:44:34.741Z"""
"19f0b5aa-70de-479a-b5f4-818e82a14a4d","session-321","/products/engwe-engine-x",,"""2025-11-11T12:06:15.144Z"""
"9af3cb71-7ea5-42ed-b07d-6b517e63a8a8","session-413","/shop",,"""2025-11-03T11:00:29.602Z"""
"baedb3fd-5e3e-4b7d-ae9f-480be749b081","session-372","/cart","7af16635-825a-4282-bdd7-8d7c07c0184a","""2025-11-27T03:31:46.344Z"""
"76e6c521-7d7f-4639-9c5b-8bb039038633","session-209","/shop","7af16635-825a-4282-bdd7-8d7c07c0184a","""2025-11-16T08:00:25.927Z"""
"7514721f-d7c5-44aa-beab-168f668f92d5","session-253","/","7af16635-825a-4282-bdd7-8d7c07c0184a","""2025-11-07T06:48:04.419Z"""
"0fc4ec65-1e29-4f3a-80b6-d147381a3e56","session-110","/shop","7af16635-825a-4282-bdd7-8d7c07c0184a","""2025-11-20T02:47:35.958Z"""
"72009bb1-1cfc-4286-be41-00ca81762a6c","session-469","/products/engwe-engine-x","7af16635-825a-4282-bdd7-8d7c07c0184a","""2025-11-13T03:54:56.119Z"""
"7bbbade4-fb81-4e80-996e-f426fabab2b0","session-201","/","7af16635-825a-4282-bdd7-8d7c07c0184a","""2025-11-11T05:15:23.028Z"""
"3217cc7f-de9d-467e-b78d-5a2d03edca50","session-393","/","7af16635-825a-4282-bdd7-8d7c07c0184a","""2025-11-03T02:01:54.782Z"""
"338c07b2-6098-40a8-a562-50ef4e3edc09","session-383","/","7af16635-825a-4282-bdd7-8d7c07c0184a","""2025-11-05T11:25:37.564Z"""
"4ceea828-6d00-499d-9567-56b10326d099","session-220","/",,"""2025-11-25T01:03:11.668Z"""
"a2cd4c2f-b6c6-4f85-8464-7a13a8a33a2e","session-107","/products/engwe-engine-x","7af16635-825a-4282-bdd7-8d7c07c0184a","""2025-11-21T18:37:03.320Z"""
"60815b80-9e4a-46fa-91e7-6f8e5a13b77f","session-193","/shop","7af16635-825a-4282-bdd7-8d7c07c0184a","""2025-11-25T12:34:12.489Z"""
"4d8b3daa-fbe3-4a3e-b17b-9b5c6b101de0","session-479","/shop","7af16635-825a-4282-bdd7-8d7c07c0184a","""2025-11-13T11:37:17.090Z"""
"68eaf887-8e17-4595-82e1-efb498ab7e19","session-50","/cart","7af16635-825a-4282-bdd7-8d7c07c0184a","""2025-11-05T02:54:20.817Z"""
"5015510a-51fb-4811-9205-bf01252634ba","session-173","/shop","7af16635-825a-4282-bdd7-8d7c07c0184a","""2025-11-15T08:06:10.763Z"""
"17b4973b-20f7-405a-b751-138760ae15ea","session-171","/shop","7af16635-825a-4282-bdd7-8d7c07c0184a","""2025-11-23T19:52:56.261Z"""
"d21802d4-27b7-4b17-9032-fc2c65286993","session-63","/shop",,"""2025-11-13T18:31:13.572Z"""
"5c475160-9b97-432c-953a-589b46ee0cb8","session-494","/products/engwe-engine-x","7af16635-825a-4282-bdd7-8d7c07c0184a","""2025-11-07T11:11:34.422Z"""
"ade5b35f-a3ab-444c-a9b8-d411ed594292","session-21","/cart","7af16635-825a-4282-bdd7-8d7c07c0184a","""2025-11-10T00:17:35.931Z"""
"e6282b41-7403-4328-b3d3-90d0e4946246","session-214","/products/engwe-engine-x",,"""2025-11-11T22:26:06.665Z"""
"565c2a46-11ba-449f-a341-e00103f6f70b","session-272","/shop","7af16635-825a-4282-bdd7-8d7c07c0184a","""2025-11-17T05:17:45.854Z"""
"cd5d77f3-8eae-4516-9113-e77e93820568","session-124","/products/engwe-engine-x","7af16635-825a-4282-bdd7-8d7c07c0184a","""2025-11-26T12:23:07.831Z"""
"cd5af674-7534-4bc3-828a-9cea55d4bce3","session-174","/products/engwe-engine-x",,"""2025-11-05T06:22:57.783Z"""
"62aa758f-a795-4373-9eb9-2bf75a149e72","session-272","/shop","7af16635-825a-4282-bdd7-8d7c07c0184a","""2025-11-11T05:02:20.881Z"""
"ca39928a-59c6-46f9-8ed4-e506d34b48cc","session-216","/shop",,"""2025-11-10T13:17:31.095Z"""
"7b632a93-5dcd-42ec-9c36-637204b22d6f","session-279","/shop",,"""2025-11-18T00:54:46.883Z"""
"d816a433-1f3a-4442-aec0-df76eb0ec315","session-198","/","7af16635-825a-4282-bdd7-8d7c07c0184a","""2025-11-24T08:55:07.096Z"""
"c671d45e-ed98-4c8f-a69d-17f0c458b3df","session-448","/",,"""2025-11-28T21:05:41.599Z"""
"d5024ea2-808a-4b4f-ac49-b24d96a23379","session-72","/products/engwe-engine-x","7af16635-825a-4282-bdd7-8d7c07c0184a","""2025-11-20T21:39:35.101Z"""
"fd1fd5ff-0761-47b8-8dc2-d4033c824776","session-180","/products/engwe-engine-x",,"""2025-11-28T11:32:23.645Z"""
"2076a1ed-71ed-4653-b955-d7057c0552b0","session-13","/shop","7af16635-825a-4282-bdd7-8d7c07c0184a","""2025-11-16T03:02:12.334Z"""
"1f425962-262b-4dcb-8fb2-8d0c89a22f2d","session-348","/cart","7af16635-825a-4282-bdd7-8d7c07c0184a","""2025-11-24T07:33:03.741Z"""
"0672fe25-15a5-425a-9cb7-6e154864ef07","session-112","/shop","7af16635-825a-4282-bdd7-8d7c07c0184a","""2025-11-06T21:06:11.728Z"""
"0a48415a-c588-4873-933b-0dc6c5e0fec3","session-92","/products/engwe-engine-x","7af16635-825a-4282-bdd7-8d7c07c0184a","""2025-11-04T20:59:34.468Z"""
"db74e349-6daa-44d6-a511-0ea04e4b0667","session-384","/","7af16635-825a-4282-bdd7-8d7c07c0184a","""2025-11-20T12:39:21.670Z"""
"9372031a-c46f-4789-81fc-e270176d6601","session-63","/shop","7af16635-825a-4282-bdd7-8d7c07c0184a","""2025-11-25T22:46:02.888Z"""
"e6243813-c30d-4886-bb8f-d3c12514703c","session-305","/products/engwe-engine-x","7af16635-825a-4282-bdd7-8d7c07c0184a","""2025-11-29T17:53:08.085Z"""
"7bf5fe64-7de6-46f2-9e85-a198ba830aef","session-350","/cart","7af16635-825a-4282-bdd7-8d7c07c0184a","""2025-11-17T09:57:38.173Z"""
"9838b9ae-31fe-48b6-97bc-e164a00f49c3","session-90","/products/engwe-engine-x","7af16635-825a-4282-bdd7-8d7c07c0184a","""2025-12-02T15:13:08.154Z"""
"574a5e9e-ac42-4c1e-bc3d-690b8f531715","session-114","/products/engwe-engine-x","7af16635-825a-4282-bdd7-8d7c07c0184a","""2025-11-28T02:23:27.410Z"""
"bb10acf2-15de-447d-90c7-674bf1e5b627","session-289","/shop",,"""2025-11-23T22:36:17.763Z"""
"79f8780b-3944-4472-bb97-c9551af6b737","session-330","/","7af16635-825a-4282-bdd7-8d7c07c0184a","""2025-11-19T09:55:56.540Z"""
"982bc616-d744-465a-b3d5-d64090fb0db8","session-144","/","7af16635-825a-4282-bdd7-8d7c07c0184a","""2025-11-12T09:35:30.041Z"""
"80ef8ada-13c8-43ab-a819-5e5012238f8b","session-462","/",,"""2025-11-08T01:16:15.593Z"""
"71c21076-b156-4b89-95f3-9a562b9ac292","session-24","/shop","7af16635-825a-4282-bdd7-8d7c07c0184a","""2025-11-21T06:54:27.633Z"""
"4654ff64-3ffe-4a85-b049-342d46a350a9","session-225","/","7af16635-825a-4282-bdd7-8d7c07c0184a","""2025-11-08T07:50:52.722Z"""
"c59a4853-e044-4360-bdba-56b19ce6e5f4","session-171","/cart","7af16635-825a-4282-bdd7-8d7c07c0184a","""2025-11-10T07:45:40.435Z"""
"31d09d98-7945-4861-b45f-c98e2c691014","session-62","/shop","7af16635-825a-4282-bdd7-8d7c07c0184a","""2025-11-26T14:04:19.982Z"""
"0aecda59-d676-4d84-9773-1024726d1e6b","session-299","/shop",,"""2025-11-10T20:48:48.066Z"""
"88db7a35-c1ae-4120-be2c-5e46a9f5932b","session-424","/shop","7af16635-825a-4282-bdd7-8d7c07c0184a","""2025-12-01T09:52:00.474Z"""
"1dc53da5-8b18-410c-a651-5a6f59717ced","session-285","/shop","7af16635-825a-4282-bdd7-8d7c07c0184a","""2025-11-05T05:35:53.086Z"""
"3007bdd6-733c-4068-ad24-253720836fc4","session-477","/products/engwe-engine-x","7af16635-825a-4282-bdd7-8d7c07c0184a","""2025-12-02T20:48:23.447Z"""
"000eefbb-7b9d-4749-bcbb-d2357fd1ce74","session-259","/shop","7af16635-825a-4282-bdd7-8d7c07c0184a","""2025-11-27T21:37:25.659Z"""
"c6656e30-6c24-4e47-a378-1ebe0451749d","session-190","/",,"""2025-11-18T15:26:53.975Z"""
"d5322e7b-d8df-48a5-932a-58e648b53f51","session-134","/products/engwe-engine-x","7af16635-825a-4282-bdd7-8d7c07c0184a","""2025-11-18T05:48:50.510Z"""
"cb306420-05be-43c5-90fb-ad2557171069","session-222","/products/engwe-engine-x","7af16635-825a-4282-bdd7-8d7c07c0184a","""2025-11-30T01:10:06.068Z"""
"ac24a48f-4f40-4994-86f4-994175781f6b","session-40","/cart",,"""2025-11-30T05:26:33.475Z"""
"930ecffd-4c02-4ead-a6e6-9ab19cea9fa4","session-118","/shop",,"""2025-11-23T18:16:45.209Z"""
"8750faba-86a6-4dd5-9608-bc8b0ca72bb0","session-252","/shop","7af16635-825a-4282-bdd7-8d7c07c0184a","""2025-11-11T20:29:43.108Z"""
"844f4793-8092-46de-b4f3-66cdbc88c4c1","session-160","/shop",,"""2025-11-27T21:15:46.005Z"""
"1cd6711d-dea5-4783-abea-db63070a5c51","session-59","/","7af16635-825a-4282-bdd7-8d7c07c0184a","""2025-11-15T18:38:08.750Z"""
"81179e94-cd3a-40a7-bc01-7d7c6611c176","session-335","/shop",,"""2025-11-28T08:44:48.230Z"""
"a9eb2577-673a-459d-abba-e8e55cc2df28","session-336","/products/engwe-engine-x",,"""2025-11-13T20:54:35.416Z"""
"da950ca0-f80c-48e5-b211-8eb1a49796bc","session-250","/shop","7af16635-825a-4282-bdd7-8d7c07c0184a","""2025-11-30T11:22:12.320Z"""
"eaa30423-b051-4080-99fc-eca7f80192e4","session-409","/products/engwe-engine-x",,"""2025-11-30T18:01:36.882Z"""
"85308103-5ad3-434b-8f17-77ffa8f1bc55","session-96","/",,"""2025-11-11T17:11:39.776Z"""
"1e09c178-d1ca-4803-a5a9-dea4191ed57e","session-235","/shop",,"""2025-12-02T18:42:40.033Z"""
"89ca126b-f95f-40d3-9512-ee09e23da7ec","session-418","/","7af16635-825a-4282-bdd7-8d7c07c0184a","""2025-11-20T16:07:27.156Z"""
"ce115f8d-8da9-4e85-b5e7-68e62036226b","session-189","/","7af16635-825a-4282-bdd7-8d7c07c0184a","""2025-11-30T14:18:56.387Z"""
"2b907246-506e-45a0-b5b2-afe440d2a737","session-500","/",,"""2025-11-29T11:06:38.175Z"""
"f0755972-72dc-46a4-a3da-b705c92bbfbb","session-31","/","7af16635-825a-4282-bdd7-8d7c07c0184a","""2025-12-02T22:22:45.893Z"""
"1cece79f-dd2c-4eed-b575-cb9ed8655ff9","session-37","/products/engwe-engine-x","7af16635-825a-4282-bdd7-8d7c07c0184a","""2025-11-05T20:38:16.582Z"""
"ae7f3b5e-c28d-4fdb-be26-ea41184661fe","session-90","/cart","7af16635-825a-4282-bdd7-8d7c07c0184a","""2025-11-25T09:36:31.531Z"""
"5480eab7-cd6e-4ecc-9ff7-7b990111228e","session-415","/",,"""2025-11-25T18:04:09.992Z"""
"59d94205-6dbb-4fe8-b4e2-8d0f90c6857f","session-221","/",,"""2025-11-16T18:59:05.965Z"""
"afe5196f-3956-46f5-8b7d-588d6015d543","session-471","/shop","7af16635-825a-4282-bdd7-8d7c07c0184a","""2025-12-01T14:36:38.937Z"""
"168db5e9-a797-4c52-88c6-b22ef507a77e","session-281","/products/engwe-engine-x",,"""2025-11-11T04:12:04.430Z"""
"8196d31a-6078-46e1-b656-6b1a963104e4","session-358","/shop",,"""2025-11-15T11:10:53.677Z"""
"27831771-aee0-4dec-87be-bcf0b3008104","session-485","/shop","7af16635-825a-4282-bdd7-8d7c07c0184a","""2025-11-14T17:41:34.245Z"""
"5ef21b8d-4ec2-4644-a000-ad46a31aeb96","session-247","/",,"""2025-11-24T13:04:21.894Z"""
"1b464965-a636-4c8d-9799-a022d0a62c43","session-286","/shop","7af16635-825a-4282-bdd7-8d7c07c0184a","""2025-11-13T22:52:10.793Z"""
"4763234c-cbfc-4882-810b-5795e5f8a9da","session-136","/",,"""2025-11-28T21:42:40.872Z"""
"a2492f90-fab4-47e4-8568-77b5785fe36f","session-256","/products/engwe-engine-x",,"""2025-11-15T22:09:06.075Z"""
"4384af17-36f3-41c6-b904-0c10b970d197","session-485","/shop","7af16635-825a-4282-bdd7-8d7c07c0184a","""2025-11-10T09:29:09.921Z"""
"a8e74c40-231f-4287-b65a-4e181e69856a","session-93","/cart",,"""2025-11-06T15:12:32.293Z"""
"6757872d-3081-49b3-b233-202a2c90417d","session-109","/",,"""2025-11-08T10:38:13.404Z"""
"77e40c61-3ab7-4858-a33f-21dbc042a778","session-293","/","7af16635-825a-4282-bdd7-8d7c07c0184a","""2025-11-16T13:15:02.725Z"""
"402b4644-2c86-4526-a219-0a18f9408e93","session-303","/","7af16635-825a-4282-bdd7-8d7c07c0184a","""2025-11-15T00:06:05.794Z"""
"269ab106-5ddd-4f41-b1ef-01e98bf17062","session-323","/shop",,"""2025-11-08T18:58:40.416Z"""
"30906d21-1b7f-4e41-bfac-fe0e2baebcdf","session-157","/products/engwe-engine-x","7af16635-825a-4282-bdd7-8d7c07c0184a","""2025-11-06T00:47:17.904Z"""
"cd13daca-abdd-403b-b64f-4f0c81249e4b","session-258","/products/engwe-engine-x","7af16635-825a-4282-bdd7-8d7c07c0184a","""2025-11-14T13:16:13.388Z"""
"4d06d035-af41-4e2f-bd7e-dfc33123e800","session-357","/products/engwe-engine-x","7af16635-825a-4282-bdd7-8d7c07c0184a","""2025-11-14T12:24:42.089Z"""
"4c82f7c1-64ae-43d4-8924-38735c1b522a","session-362","/products/engwe-engine-x","7af16635-825a-4282-bdd7-8d7c07c0184a","""2025-11-15T07:55:03.394Z"""
"c44a8761-c080-401f-a791-a2ffda42fc6a","session-70","/",,"""2025-11-25T12:06:31.153Z"""
"3eaa9141-df2e-4eec-a21e-366f7255e054","session-82","/shop",,"""2025-11-20T20:00:09.820Z"""
"17a7dfb9-0a71-40ab-98f8-13f397e137b9","session-147","/shop",,"""2025-11-20T13:33:48.104Z"""
"a53775df-eb15-4395-9855-3ff216520273","session-81","/products/engwe-engine-x","7af16635-825a-4282-bdd7-8d7c07c0184a","""2025-11-05T03:21:24.511Z"""
"2d7d3e79-7cde-422f-b9d8-18f6f7b187a8","session-386","/cart","7af16635-825a-4282-bdd7-8d7c07c0184a","""2025-11-08T19:35:15.628Z"""
"17d7e102-939a-4417-a5b9-95bcb1f2cc96","session-414","/shop",,"""2025-11-16T21:46:46.587Z"""
"7870f9a8-59a7-4a0a-bbe5-64b8deae59f1","session-344","/shop",,"""2025-11-24T05:14:39.568Z"""
"95e008b7-6006-4c8b-8dcb-f75bfeb68330","session-152","/","7af16635-825a-4282-bdd7-8d7c07c0184a","""2025-11-04T02:10:34.284Z"""
"48ca747a-4de8-44e7-9b85-bef6a44d52c4","session-114","/","7af16635-825a-4282-bdd7-8d7c07c0184a","""2025-11-23T15:06:22.582Z"""
"a3565181-eea2-4f06-adff-6115b1fa46c9","session-434","/shop","7af16635-825a-4282-bdd7-8d7c07c0184a","""2025-11-05T08:56:10.723Z"""
"7249d99f-fdbe-4f06-a291-622b374094b1","session-467","/",,"""2025-12-01T13:44:56.237Z"""
"266d7c62-e04d-4dd1-acad-a430f2a58f10","session-72","/shop","7af16635-825a-4282-bdd7-8d7c07c0184a","""2025-11-29T21:06:38.211Z"""
"a70421e8-0626-4462-9a08-75719ed734a1","session-332","/shop",,"""2025-11-13T10:20:01.825Z"""
"21396559-7203-480c-82b1-6ff592297b85","session-283","/cart",,"""2025-11-09T06:22:45.055Z"""
"e210c308-0a9c-4375-ace5-fb40f258c6f0","session-467","/shop",,"""2025-11-10T16:07:48.311Z"""
"474692c7-3de5-4c2a-ad69-7465fdf9f663","session-54","/shop","7af16635-825a-4282-bdd7-8d7c07c0184a","""2025-11-28T03:41:48.746Z"""
"fa634277-664e-4701-9f52-721d50924f90","session-206","/","7af16635-825a-4282-bdd7-8d7c07c0184a","""2025-11-06T01:39:45.816Z"""
"e4a0cdd1-e101-4246-ba91-ac69fa9e44d4","session-156","/shop",,"""2025-11-12T18:32:15.449Z"""
"e3e93252-725c-4e64-8c0b-9c1332fa79af","session-129","/products/engwe-engine-x","7af16635-825a-4282-bdd7-8d7c07c0184a","""2025-12-01T10:41:55.442Z"""
"f4b609e5-863f-4117-8d92-661e9f2dbb5f","session-351","/shop","7af16635-825a-4282-bdd7-8d7c07c0184a","""2025-11-13T01:31:58.441Z"""
"4d319288-10c7-441c-b1a7-81ce7b8f0438","session-321","/shop","7af16635-825a-4282-bdd7-8d7c07c0184a","""2025-11-04T02:03:12.681Z"""
"6f44fd30-7df3-4a5b-82c4-698a324ae9bf","session-320","/products/engwe-engine-x","7af16635-825a-4282-bdd7-8d7c07c0184a","""2025-11-04T07:16:41.782Z"""
"d2354abc-2069-4076-a18d-f3183be97e9f","session-329","/","7af16635-825a-4282-bdd7-8d7c07c0184a","""2025-11-19T06:19:54.415Z"""
"a5d50b66-9018-4838-be2d-dbc27daffa3d","session-162","/","7af16635-825a-4282-bdd7-8d7c07c0184a","""2025-11-05T14:40:59.721Z"""
"7f74fd5f-b707-4090-99a6-ddc06e963e3d","session-82","/","7af16635-825a-4282-bdd7-8d7c07c0184a","""2025-11-04T20:07:46.223Z"""
"8c72555c-1961-484f-adbe-6d50f84d63c2","session-189","/products/engwe-engine-x","7af16635-825a-4282-bdd7-8d7c07c0184a","""2025-11-22T10:51:41.148Z"""
"5fe74878-dcd3-4ab4-bf7f-4f761f804e2a","session-47","/",,"""2025-11-17T08:05:25.595Z"""
"ce8c276b-0b6a-4c81-8f1c-4a6c2d2fe986","session-361","/",,"""2025-11-04T17:45:19.340Z"""
"4b952efb-8961-447c-8b53-aa2b306d7072","session-433","/products/engwe-engine-x",,"""2025-11-09T00:20:53.595Z"""
"0170211a-95f2-4837-bc05-110b42300522","session-2","/products/engwe-engine-x",,"""2025-11-26T17:52:17.199Z"""
"8f4f3371-a022-4a3a-a625-8555c9321c32","session-492","/cart","7af16635-825a-4282-bdd7-8d7c07c0184a","""2025-11-08T21:36:41.229Z"""
"d707c5f0-00c4-40a2-a97e-136daf711d86","session-120","/","7af16635-825a-4282-bdd7-8d7c07c0184a","""2025-11-20T15:42:40.164Z"""
"fc940cd8-761a-4d5c-8bdb-b7664c6b1d61","session-359","/","7af16635-825a-4282-bdd7-8d7c07c0184a","""2025-11-25T19:24:49.633Z"""
"8ad64d49-07d2-42a8-89d6-8bf1623f25c5","session-213","/","7af16635-825a-4282-bdd7-8d7c07c0184a","""2025-12-02T03:29:52.797Z"""
"b38a1616-813c-4258-9c0f-b8c90bfea1be","session-35","/",,"""2025-12-01T11:17:10.647Z"""
"7ea4562a-3495-422f-96b6-4756af31b678","session-457","/cart","7af16635-825a-4282-bdd7-8d7c07c0184a","""2025-11-04T17:53:55.608Z"""
"81833db6-edf2-49a4-b36a-5607b078e49e","session-146","/shop",,"""2025-11-03T21:15:38.285Z"""
"4aa7f8aa-bb58-48f8-992e-6cdf3c60f753","session-185","/shop",,"""2025-11-08T20:15:48.594Z"""
"3e31ac65-11ca-48e9-8889-457cc9ccbe3c","session-179","/products/engwe-engine-x","7af16635-825a-4282-bdd7-8d7c07c0184a","""2025-11-11T18:28:07.839Z"""
"6582acc2-98da-4f7d-88ba-7626b2524ce1","session-128","/shop",,"""2025-11-11T08:22:08.327Z"""
"88fbc456-f6e4-4279-8505-b19d8c2c147c","session-91","/shop","7af16635-825a-4282-bdd7-8d7c07c0184a","""2025-11-04T07:30:26.518Z"""
"94130695-000b-4d26-8bbf-9305e7168804","session-175","/","7af16635-825a-4282-bdd7-8d7c07c0184a","""2025-11-13T15:07:06.126Z"""
"6500ca2b-b0f6-4c69-8e41-956e80f2e21b","session-59","/",,"""2025-11-26T00:54:27.883Z"""
"77b477c4-2d45-4282-a541-01fd19a55ac4","session-271","/shop","7af16635-825a-4282-bdd7-8d7c07c0184a","""2025-11-19T09:40:52.069Z"""
"781906cb-ccbd-444e-8655-985f8d79c5c8","session-439","/","7af16635-825a-4282-bdd7-8d7c07c0184a","""2025-11-14T13:09:56.964Z"""
"622c3bf8-d71a-47cc-b6ac-08da38d181dd","session-214","/shop",,"""2025-11-09T19:26:05.733Z"""
"bace4522-47d9-4cd8-894e-7bf85b39daf2","session-362","/shop",,"""2025-11-24T02:48:36.836Z"""
"643ef850-49ea-461c-8876-08834004dd18","session-211","/cart","7af16635-825a-4282-bdd7-8d7c07c0184a","""2025-11-25T22:47:05.305Z"""
"ec88983e-eac4-4238-9d42-37e66526f6a4","session-337","/shop",,"""2025-11-16T06:26:54.561Z"""
"7fb06c5e-9f75-43fc-985e-bdad34919ae5","session-260","/",,"""2025-11-15T01:39:39.944Z"""
"616e526f-8040-4aab-bd7f-79ca00ed880f","session-203","/products/engwe-engine-x","7af16635-825a-4282-bdd7-8d7c07c0184a","""2025-11-17T21:11:55.311Z"""
"d18f4a8a-5500-451e-8579-9eb7f7683886","session-234","/products/engwe-engine-x","7af16635-825a-4282-bdd7-8d7c07c0184a","""2025-11-13T22:50:29.133Z"""
"4ab32cc7-a357-4202-ac9a-c2e4dbaafd21","session-250","/shop",,"""2025-11-11T11:54:52.704Z"""
"23cbb0fc-5366-4e97-b9c0-c925459ea674","session-330","/products/engwe-engine-x","7af16635-825a-4282-bdd7-8d7c07c0184a","""2025-11-12T03:13:25.628Z"""
"424b495c-67ff-4722-8fdd-ed35f4aafa90","session-433","/products/engwe-engine-x",,"""2025-11-03T00:20:14.762Z"""
"43abbb05-e2a3-4348-8c72-82b1fa713d14","session-330","/products/engwe-engine-x","7af16635-825a-4282-bdd7-8d7c07c0184a","""2025-12-02T16:02:42.002Z"""
"ad499276-fbe8-4297-abfd-edd4b3881b73","session-411","/shop",,"""2025-11-18T15:40:14.398Z"""
"b6130735-e5cc-40cd-abd6-161546219d91","session-400","/shop",,"""2025-11-19T09:05:58.740Z"""
"6ebaf3fd-28a4-4bde-b80d-d166d13fc741","session-135","/cart",,"""2025-11-04T00:13:42.919Z"""
"f2645093-e6e8-4423-acbc-392d652bb556","session-395","/shop","7af16635-825a-4282-bdd7-8d7c07c0184a","""2025-11-12T03:33:39.199Z"""
"62958a0c-ce2f-4fdc-88f0-d75023655e48","session-240","/shop","7af16635-825a-4282-bdd7-8d7c07c0184a","""2025-11-13T08:44:16.818Z"""
"f675d15a-52ac-489f-91a8-beca6e258c37","session-290","/shop","7af16635-825a-4282-bdd7-8d7c07c0184a","""2025-11-28T10:27:17.472Z"""
"32c1efd6-86ed-425c-a927-4cfd7d755e6d","session-492","/products/engwe-engine-x","7af16635-825a-4282-bdd7-8d7c07c0184a","""2025-11-10T11:49:37.665Z"""
"1c00c213-824d-4ce8-a4a3-f330131df615","session-7","/shop","7af16635-825a-4282-bdd7-8d7c07c0184a","""2025-11-25T11:54:02.187Z"""
"098b55dc-e68a-4c74-86a7-a3b3e213a57d","session-76","/shop","7af16635-825a-4282-bdd7-8d7c07c0184a","""2025-11-04T07:02:06.240Z"""
"c94a19e3-c7cb-4de8-bfe8-0bbefb2b2ba8","session-266","/","7af16635-825a-4282-bdd7-8d7c07c0184a","""2025-11-11T10:21:53.687Z"""
"1c07f941-af89-4e79-ac4c-1ccb8b27718b","session-150","/products/engwe-engine-x",,"""2025-11-29T14:51:02.681Z"""
"9f84d54c-835e-4913-918e-9ecd988e9f15","session-11","/","7af16635-825a-4282-bdd7-8d7c07c0184a","""2025-11-22T05:33:01.470Z"""
"20b97e91-c3fd-4c16-be39-5195eeab4f16","session-66","/products/engwe-engine-x","7af16635-825a-4282-bdd7-8d7c07c0184a","""2025-11-25T06:16:46.466Z"""
"aa001ca6-4291-4ecc-aee4-f3fcdf430115","session-473","/products/engwe-engine-x","7af16635-825a-4282-bdd7-8d7c07c0184a","""2025-11-28T18:23:23.425Z"""
"413c39a0-10b7-4ca5-94f1-10f3d57b3c93","session-61","/products/engwe-engine-x",,"""2025-11-28T13:49:31.629Z"""
"57871bf0-7857-41ba-b633-be6b37091ad6","session-191","/products/engwe-engine-x",,"""2025-11-30T18:18:05.965Z"""
"377779b8-2b62-4ca3-b6a8-56f943d8b5a4","session-340","/products/engwe-engine-x","7af16635-825a-4282-bdd7-8d7c07c0184a","""2025-11-28T19:07:14.962Z"""
"24bcabb8-67d9-4c46-9e72-a1f12d37b8e6","session-323","/","7af16635-825a-4282-bdd7-8d7c07c0184a","""2025-11-26T16:16:38.018Z"""
"912b989a-95be-46e5-98aa-8c26f4a37ef0","session-439","/","7af16635-825a-4282-bdd7-8d7c07c0184a","""2025-11-28T20:09:36.615Z"""
"0005847a-797c-4c16-b21b-bd5e445da654","session-478","/","7af16635-825a-4282-bdd7-8d7c07c0184a","""2025-11-07T18:47:56.601Z"""
"66f5628f-b242-426b-adc8-c75f353393ed","session-274","/products/engwe-engine-x","7af16635-825a-4282-bdd7-8d7c07c0184a","""2025-11-12T15:24:21.288Z"""
"29d4860d-d175-4fff-a370-07ccd2842f47","session-468","/cart",,"""2025-11-18T20:27:07.985Z"""
"779a98e2-04cd-4e99-964a-768edd018abe","session-34","/",,"""2025-11-13T02:45:20.802Z"""
"c7a5c3fe-dc06-4918-b561-546bd97e2be9","session-480","/shop",,"""2025-11-30T14:35:10.630Z"""
"1bbdc611-52a1-4f47-a10d-c1087456cc89","session-287","/","7af16635-825a-4282-bdd7-8d7c07c0184a","""2025-11-10T08:56:20.318Z"""
"643dff98-2403-4028-9132-80ecbda91439","session-73","/shop","7af16635-825a-4282-bdd7-8d7c07c0184a","""2025-11-20T20:24:22.639Z"""
"4efd1c99-2171-4eae-8c37-55aa437793e5","session-260","/products/engwe-engine-x","7af16635-825a-4282-bdd7-8d7c07c0184a","""2025-11-13T09:52:26.250Z"""
"a03553a0-0f40-499f-8c13-e4b23a598169","session-47","/shop",,"""2025-11-03T20:30:16.765Z"""
"367bb2f9-cd62-4a2c-a17d-82676800371a","session-378","/cart","7af16635-825a-4282-bdd7-8d7c07c0184a","""2025-11-13T12:49:34.600Z"""
"81254f9e-c2b2-45a1-bd0d-5ee553329a3f","session-33","/shop",,"""2025-11-30T21:47:01.897Z"""
"7e5d3656-1723-4f11-8d95-a2a5525f18e1","session-13","/products/engwe-engine-x",,"""2025-11-26T22:57:52.269Z"""
"d802cd50-dfc1-48cf-85e7-dcb0c27c951c","session-101","/shop","7af16635-825a-4282-bdd7-8d7c07c0184a","""2025-11-22T20:32:09.805Z"""
"8ccf4e9d-f64f-46cd-870c-8b3acc3dc967","session-263","/shop","7af16635-825a-4282-bdd7-8d7c07c0184a","""2025-11-14T01:29:41.829Z"""
"be5ad69e-37be-4900-9f88-31b596c4f203","session-293","/",,"""2025-11-14T13:31:32.699Z"""
"426b1282-5dea-4506-b6da-b0aea902d3cd","session-336","/",,"""2025-11-14T07:10:55.057Z"""
"c2588a7c-8f7a-464a-8731-664ca01300f8","session-333","/shop","7af16635-825a-4282-bdd7-8d7c07c0184a","""2025-12-02T20:26:20.844Z"""
"a1a7b8e3-2b77-40b9-9c65-6e86307edcf6","session-377","/",,"""2025-11-04T09:22:48.000Z"""
"1a88298b-7ecf-48ed-9626-c6ad2b7ba8aa","session-499","/products/engwe-engine-x","7af16635-825a-4282-bdd7-8d7c07c0184a","""2025-11-17T13:24:26.001Z"""
"12ecad50-134c-4018-853f-41c37bbb2cfc","session-131","/cart",,"""2025-11-04T14:26:41.052Z"""
"18fe6709-51b1-453f-8f3b-a3aad3dd1e0d","session-143","/",,"""2025-11-14T03:42:51.853Z"""
"5898370a-6ffe-43bf-bece-8915e6ebd0f1","session-206","/shop","7af16635-825a-4282-bdd7-8d7c07c0184a","""2025-11-07T22:04:32.385Z"""
"4bc953a8-42f1-46e0-9a78-6998ec69bee9","session-95","/shop","7af16635-825a-4282-bdd7-8d7c07c0184a","""2025-11-29T14:15:19.929Z"""
"b93f1c2a-c2cc-4ee9-9ed9-3e42a739cf33","session-71","/","7af16635-825a-4282-bdd7-8d7c07c0184a","""2025-11-04T11:11:38.339Z"""
"a40e0d19-7d05-4430-8e7e-0d09ffae1b6e","session-80","/shop","7af16635-825a-4282-bdd7-8d7c07c0184a","""2025-11-16T13:51:21.313Z"""
"7f3c1003-cc23-464a-9bdb-717e5bf4fe80","session-467","/products/engwe-engine-x","7af16635-825a-4282-bdd7-8d7c07c0184a","""2025-11-18T21:35:21.759Z"""
"e8363602-9571-438b-b928-6a5c8edfb750","session-95","/shop",,"""2025-11-16T20:49:09.788Z"""
"8734480b-571b-4da3-859f-45f3c7b3110e","session-182","/shop","7af16635-825a-4282-bdd7-8d7c07c0184a","""2025-11-14T00:46:16.713Z"""
"94362ac0-1233-431a-abfc-dd12b8885803","session-290","/products/engwe-engine-x","7af16635-825a-4282-bdd7-8d7c07c0184a","""2025-11-04T01:40:29.265Z"""
"4f756869-2892-49f7-88f2-9382d52dd927","session-131","/","7af16635-825a-4282-bdd7-8d7c07c0184a","""2025-11-29T22:48:47.596Z"""
"178320a5-da12-4fc8-ac27-9b9ea6780732","session-280","/",,"""2025-11-14T03:16:30.474Z"""
"2bfdccae-8575-4e0e-9919-c46c31d68797","session-13","/products/engwe-engine-x","7af16635-825a-4282-bdd7-8d7c07c0184a","""2025-11-28T00:31:58.674Z"""
"3777fecf-9c79-40f6-af38-5410665d892a","session-215","/products/engwe-engine-x","7af16635-825a-4282-bdd7-8d7c07c0184a","""2025-11-22T00:16:00.408Z"""
"2e0157c3-ad21-4249-9456-1c227b19def5","session-179","/",,"""2025-11-22T18:12:39.793Z"""
"c26e53ef-c45f-48f4-90ee-919ff75fe677","session-444","/shop","7af16635-825a-4282-bdd7-8d7c07c0184a","""2025-11-11T14:07:36.837Z"""
"cae74789-7c21-40b9-b3f3-bfb9716d079e","session-409","/shop","7af16635-825a-4282-bdd7-8d7c07c0184a","""2025-11-28T12:24:13.040Z"""
"8d8859ad-bced-426a-817f-fa082e98635a","session-105","/",,"""2025-11-16T01:52:11.449Z"""
"a5036461-7fb4-44c1-83d4-c121c90138f4","session-366","/shop","7af16635-825a-4282-bdd7-8d7c07c0184a","""2025-11-05T04:43:19.132Z"""
"22696d55-e29e-4277-be0a-02e2afcddb2d","session-253","/shop",,"""2025-11-25T01:07:52.599Z"""
"03cc2bb5-f64a-4985-9f91-e9fba0419997","session-313","/shop",,"""2025-12-01T18:00:01.131Z"""
"c1834d87-a4f2-41e3-93ee-5c8d6850c82c","session-101","/products/engwe-engine-x",,"""2025-11-20T06:40:56.585Z"""
"4aac1c69-6c3b-4c21-910c-42fc2d24c4c6","session-36","/","7af16635-825a-4282-bdd7-8d7c07c0184a","""2025-11-23T09:38:52.207Z"""
"02c640da-6b39-42d1-b77a-8f5d9c00483c","session-456","/shop","7af16635-825a-4282-bdd7-8d7c07c0184a","""2025-11-25T20:41:42.379Z"""
"75eaf6b7-3ecc-42a9-9c90-fae963e5f1a7","session-270","/products/engwe-engine-x","7af16635-825a-4282-bdd7-8d7c07c0184a","""2025-11-11T11:24:57.064Z"""
"5c5ae1a6-3251-4a6a-8a9d-822941ec883c","session-203","/products/engwe-engine-x","7af16635-825a-4282-bdd7-8d7c07c0184a","""2025-11-07T16:22:31.119Z"""
"9a311c19-71ee-4cdf-9168-e2c28399f6e0","session-53","/shop","7af16635-825a-4282-bdd7-8d7c07c0184a","""2025-11-10T01:18:11.890Z"""
"84ba5534-21c6-4f2f-a37a-5164ce0d817e","session-432","/","7af16635-825a-4282-bdd7-8d7c07c0184a","""2025-12-02T15:13:49.209Z"""
"914de85c-4b51-4bdd-aecb-4f0f8305b734","session-179","/","7af16635-825a-4282-bdd7-8d7c07c0184a","""2025-11-13T16:28:46.052Z"""
"effcaa26-dc8a-432f-bfef-5b11a0538416","session-492","/products/engwe-engine-x","7af16635-825a-4282-bdd7-8d7c07c0184a","""2025-11-25T10:20:36.229Z"""
"874e60c3-56ce-4fee-8750-90c5467fd9db","session-377","/products/engwe-engine-x","7af16635-825a-4282-bdd7-8d7c07c0184a","""2025-11-07T13:25:34.420Z"""
"ed79cd1f-9e64-4832-a21d-6c9634ca917a","session-31","/shop","7af16635-825a-4282-bdd7-8d7c07c0184a","""2025-11-11T06:18:04.890Z"""
"71a312cf-c075-4516-a782-e5512e545e70","session-317","/products/engwe-engine-x",,"""2025-11-14T00:42:17.318Z"""
"5fe05ce6-0c4a-4304-b326-0e953de374bc","session-159","/","7af16635-825a-4282-bdd7-8d7c07c0184a","""2025-11-21T19:22:25.787Z"""
"dedd4bd0-5730-45f7-878f-e932760f9bb5","session-143","/products/engwe-engine-x","7af16635-825a-4282-bdd7-8d7c07c0184a","""2025-11-07T22:38:41.630Z"""
"983597a7-8c20-4099-9270-8ced9c24d147","session-116","/","7af16635-825a-4282-bdd7-8d7c07c0184a","""2025-11-14T02:21:37.805Z"""
"2da7b5f4-80f9-445f-ad22-9fabf246da7c","session-45","/",,"""2025-11-18T03:23:02.360Z"""
"8bc4bed2-39fe-4f68-8c94-d4d3c0fcadfc","session-258","/products/engwe-engine-x",,"""2025-11-07T16:24:54.191Z"""
"86a57511-378c-4c9e-9cb5-0dd40147467d","session-201","/shop","7af16635-825a-4282-bdd7-8d7c07c0184a","""2025-12-02T21:06:59.615Z"""
"8f3369f3-1597-4d1c-8aa9-0015bc2f4984","session-411","/products/engwe-engine-x",,"""2025-11-10T09:48:12.881Z"""
"8ac0ed3e-78d4-4285-ae68-9c97d787bff0","session-104","/shop",,"""2025-11-12T09:17:17.719Z"""
"178696dc-7ef5-44df-ac65-2f3af5baae87","session-468","/products/engwe-engine-x","7af16635-825a-4282-bdd7-8d7c07c0184a","""2025-11-29T11:11:12.741Z"""
"37ff4bae-c868-4874-9969-23e8f32a0f97","session-284","/cart","7af16635-825a-4282-bdd7-8d7c07c0184a","""2025-11-29T03:35:02.350Z"""
"e6cd69a5-eda6-40eb-90de-81a31aaf4cc7","session-226","/","7af16635-825a-4282-bdd7-8d7c07c0184a","""2025-11-09T05:06:48.835Z"""
"31b8f76e-bb11-464e-8bec-d88acaa2fa22","session-486","/shop",,"""2025-11-24T21:32:24.798Z"""
"304625b2-5ee2-4219-83c6-a82deaa628e4","session-286","/products/engwe-engine-x",,"""2025-11-06T07:10:01.071Z"""
"4f0b1c9f-74ba-431e-aa97-b903da49b070","session-214","/products/engwe-engine-x","7af16635-825a-4282-bdd7-8d7c07c0184a","""2025-12-01T10:59:06.621Z"""
"806eef16-6705-4758-8931-b47c05708fc8","session-256","/shop","7af16635-825a-4282-bdd7-8d7c07c0184a","""2025-11-07T13:49:17.319Z"""
"a1b05346-61f6-4511-ba45-1e1340643d3b","session-483","/products/engwe-engine-x","7af16635-825a-4282-bdd7-8d7c07c0184a","""2025-11-12T00:21:44.637Z"""
"173bcc6a-42ba-417a-9e7e-9c96631d89e0","session-136","/shop",,"""2025-11-25T02:48:46.989Z"""
"4ed10c1d-e43c-418d-b1a2-28d4805cd0d8","session-197","/products/engwe-engine-x","7af16635-825a-4282-bdd7-8d7c07c0184a","""2025-11-26T18:24:24.428Z"""
"899c7ab4-1a88-45f3-a6eb-5d865fcce74f","session-243","/shop","7af16635-825a-4282-bdd7-8d7c07c0184a","""2025-11-14T19:32:50.320Z"""
"8fbae562-1c5b-4c50-b06e-2844529ddba0","session-441","/shop","7af16635-825a-4282-bdd7-8d7c07c0184a","""2025-11-07T08:02:02.732Z"""
"06af182e-27e2-48d8-934a-5c6600f7e302","session-454","/",,"""2025-11-29T13:15:25.750Z"""
"e70edd12-48b0-488f-9483-2e5c8302d074","session-466","/shop","7af16635-825a-4282-bdd7-8d7c07c0184a","""2025-12-01T22:11:40.317Z"""
"65892fb8-1eb2-4650-8921-59816a66d0b4","session-366","/",,"""2025-11-28T21:45:25.548Z"""
"15ffd550-80bc-40e5-87ff-73a21ef1e7ad","session-166","/",,"""2025-11-25T02:56:52.434Z"""
"eb99dd77-29b3-4349-a252-77e7fbeee3d6","session-5","/shop","7af16635-825a-4282-bdd7-8d7c07c0184a","""2025-11-17T02:21:09.695Z"""
"c240c995-5d50-4d0c-af30-75f8c3291b54","session-402","/shop","7af16635-825a-4282-bdd7-8d7c07c0184a","""2025-11-20T00:57:00.821Z"""
"f9ecf088-a17c-4ffc-b8ee-d6be842052f0","session-34","/shop","7af16635-825a-4282-bdd7-8d7c07c0184a","""2025-11-30T03:23:54.741Z"""
"d8529fa4-7d2c-4a12-8994-f950e1252c3f","session-256","/shop","7af16635-825a-4282-bdd7-8d7c07c0184a","""2025-11-12T21:38:13.887Z"""
"d12a4405-fa45-4f85-8797-49c5d83670e0","session-262","/products/engwe-engine-x","7af16635-825a-4282-bdd7-8d7c07c0184a","""2025-11-19T16:17:51.774Z"""
"c73dcf91-41ca-4fe5-8f35-1734e4c502b7","session-24","/shop","7af16635-825a-4282-bdd7-8d7c07c0184a","""2025-11-26T03:52:02.602Z"""
"9d44c709-323c-423d-a491-fe21cd997858","session-200","/products/engwe-engine-x",,"""2025-11-23T21:09:45.540Z"""
"c3b90e08-7e45-4d0e-b5ed-b64c7d6d1a30","session-475","/products/engwe-engine-x","7af16635-825a-4282-bdd7-8d7c07c0184a","""2025-11-11T02:12:09.232Z"""
"b2d88df2-6358-4c4c-a240-d7f4c3fbae26","session-429","/products/engwe-engine-x",,"""2025-11-21T00:55:28.024Z"""
"7c6ff025-87aa-4374-9a2e-2eaeaf49ae03","session-367","/",,"""2025-11-27T05:03:56.384Z"""
"4295bc28-0850-46ba-a0d5-9d3f192420ca","session-445","/products/engwe-engine-x","7af16635-825a-4282-bdd7-8d7c07c0184a","""2025-11-23T04:49:35.221Z"""
"2df28ea1-c5a5-4e5d-90b4-76ccb8c79b2b","session-436","/products/engwe-engine-x",,"""2025-11-20T07:19:32.288Z"""
"e17cfcd8-f21c-48f0-9305-ddf8fefbe02e","session-261","/cart","7af16635-825a-4282-bdd7-8d7c07c0184a","""2025-11-03T22:42:34.080Z"""
"a628dee1-54d4-46ee-9b0e-4bb986cf518a","session-7","/","7af16635-825a-4282-bdd7-8d7c07c0184a","""2025-11-09T01:48:05.783Z"""
"8d1ed8bf-e9d1-4d26-84c1-cfe742c197eb","session-184","/shop","7af16635-825a-4282-bdd7-8d7c07c0184a","""2025-11-20T15:05:14.925Z"""
"daa60af7-967b-4892-9253-b630ecc4f19b","session-159","/cart",,"""2025-11-16T08:26:22.804Z"""
"c17e5f33-8d35-43b0-bd24-ce23cd0be4c2","session-462","/cart","7af16635-825a-4282-bdd7-8d7c07c0184a","""2025-11-15T11:40:20.590Z"""
"a026f434-4aa8-4163-909a-ce8b0d8ecb09","session-27","/","7af16635-825a-4282-bdd7-8d7c07c0184a","""2025-11-13T00:53:32.994Z"""
"e20a5047-2795-4932-b959-66d54fd3fe6f","session-380","/shop","7af16635-825a-4282-bdd7-8d7c07c0184a","""2025-11-16T20:51:10.740Z"""
"9581e880-b79d-4481-a338-e3b1c9a8d0d8","session-268","/cart","7af16635-825a-4282-bdd7-8d7c07c0184a","""2025-11-03T03:57:27.001Z"""
"3f1ba537-f706-4e85-a2af-0499d20a3caa","session-270","/shop","7af16635-825a-4282-bdd7-8d7c07c0184a","""2025-11-16T15:15:55.078Z"""
"07997d41-b708-4e38-a545-d19c0d2e2ba8","session-21","/products/engwe-engine-x",,"""2025-11-27T10:09:16.517Z"""
"1c18c7e8-c3da-41a6-b347-1f7279ec2190","session-245","/cart","7af16635-825a-4282-bdd7-8d7c07c0184a","""2025-11-26T10:01:22.253Z"""
"0077c33b-a9b2-42e4-b036-a47c87c3d579","session-1","/","7af16635-825a-4282-bdd7-8d7c07c0184a","""2025-12-02T14:30:28.393Z"""
"f1fbffa5-5e14-46a7-ae68-acb59a0e75f1","session-455","/shop","7af16635-825a-4282-bdd7-8d7c07c0184a","""2025-11-16T03:22:36.980Z"""
"2e2ec1ac-793d-42b3-8210-8948ce4a78ee","session-85","/shop","7af16635-825a-4282-bdd7-8d7c07c0184a","""2025-12-01T06:57:55.915Z"""
"2d63b288-3ed8-4145-868e-4b87b718f949","session-47","/products/engwe-engine-x","7af16635-825a-4282-bdd7-8d7c07c0184a","""2025-11-03T18:54:33.249Z"""
"62b222c3-32dd-4da7-b954-5f2e6983f150","session-262","/","7af16635-825a-4282-bdd7-8d7c07c0184a","""2025-11-15T18:32:07.693Z"""
"29bf2a0d-1647-4f03-8825-ba13c397dfed","session-456","/","7af16635-825a-4282-bdd7-8d7c07c0184a","""2025-11-27T09:15:12.769Z"""
"766d49ed-137c-4fce-a34a-c1769711b184","session-279","/shop","7af16635-825a-4282-bdd7-8d7c07c0184a","""2025-12-02T03:14:11.815Z"""
"7d9fb112-f32a-43ce-9396-954b67f7ab3b","session-133","/products/engwe-engine-x",,"""2025-11-08T05:10:14.506Z"""
"de5b2a32-a143-49e7-a879-f04ccdaa24db","session-472","/shop","7af16635-825a-4282-bdd7-8d7c07c0184a","""2025-11-08T12:20:41.019Z"""
"8a6d1c38-5c57-489e-b0e5-ed3028c3d098","session-265","/","7af16635-825a-4282-bdd7-8d7c07c0184a","""2025-11-10T14:36:33.278Z"""
"30b53cff-3948-4850-a370-8d75addcf811","session-35","/","7af16635-825a-4282-bdd7-8d7c07c0184a","""2025-11-20T10:23:06.467Z"""
"dc87b128-e113-4bed-a160-523d8015677d","session-462","/","7af16635-825a-4282-bdd7-8d7c07c0184a","""2025-11-28T08:09:57.568Z"""
"e4b8e472-6b75-4c45-9ce7-0fc624df4cec","session-201","/products/engwe-engine-x","7af16635-825a-4282-bdd7-8d7c07c0184a","""2025-11-03T17:32:32.298Z"""
"fa5ae2f8-e249-4cb6-9c75-ed3b86f585ba","session-206","/products/engwe-engine-x","7af16635-825a-4282-bdd7-8d7c07c0184a","""2025-11-09T05:22:33.190Z"""
"087de455-2781-4eb7-9ba3-7536f90843dc","session-23","/","7af16635-825a-4282-bdd7-8d7c07c0184a","""2025-11-11T09:27:45.307Z"""
"1a07d70d-b56d-420b-b8eb-bd7a27c28f87","session-395","/shop","7af16635-825a-4282-bdd7-8d7c07c0184a","""2025-11-25T11:15:09.215Z"""
"93e550e3-6c59-4c3c-93c3-50077493aed5","session-121","/",,"""2025-11-14T12:44:34.879Z"""
"27c22d22-a628-4561-b61b-9da800fb288b","session-31","/","7af16635-825a-4282-bdd7-8d7c07c0184a","""2025-11-26T20:34:28.628Z"""
"e4613cbf-7d5d-4acd-896b-5b98ee0711f8","session-173","/products/engwe-engine-x","7af16635-825a-4282-bdd7-8d7c07c0184a","""2025-12-02T20:24:37.751Z"""
"34825651-dbd3-4958-b08c-38b13640b36d","session-177","/cart","7af16635-825a-4282-bdd7-8d7c07c0184a","""2025-11-04T11:38:41.939Z"""
"9240a401-7505-4118-9cba-4664dd2f3739","session-401","/shop",,"""2025-11-29T00:07:00.536Z"""
"f6af675d-96de-4fae-9e13-77e520dd7182","session-421","/shop","7af16635-825a-4282-bdd7-8d7c07c0184a","""2025-11-19T17:06:05.533Z"""
"11cebc28-d54f-4cc9-ad3e-9094d2410f09","session-425","/shop","7af16635-825a-4282-bdd7-8d7c07c0184a","""2025-11-16T16:46:17.773Z"""
"57c93cc2-6c1e-403f-a3aa-edaad344e871","session-498","/","7af16635-825a-4282-bdd7-8d7c07c0184a","""2025-11-03T20:32:32.024Z"""
"95c631b1-7b2f-45bc-b545-b24599e1be21","session-349","/cart",,"""2025-11-30T09:07:23.548Z"""
"e67be748-1b2c-40ed-a3b2-5041a674839e","session-473","/",,"""2025-11-24T02:14:36.257Z"""
"f8727a49-15ce-4acf-830a-24b7404b7a43","session-183","/products/engwe-engine-x","7af16635-825a-4282-bdd7-8d7c07c0184a","""2025-11-10T17:57:23.584Z"""
"6069807c-2a8e-47d6-835f-fddd86b7d405","session-346","/shop","7af16635-825a-4282-bdd7-8d7c07c0184a","""2025-11-18T13:09:27.948Z"""
"f4c8bf7f-8e34-404e-a8f2-630a94b7f220","session-367","/","7af16635-825a-4282-bdd7-8d7c07c0184a","""2025-11-21T07:40:23.587Z"""
"eece317d-5080-4aac-b3ba-280e6fbe3b6e","session-240","/","7af16635-825a-4282-bdd7-8d7c07c0184a","""2025-12-01T16:36:37.822Z"""
"da50de78-0a6b-4a89-9f39-f6cefc9e0b6e","session-17","/shop",,"""2025-11-08T10:20:05.126Z"""
"1b5e6f0f-8b4d-4e34-9932-ca3522084288","session-346","/products/engwe-engine-x","7af16635-825a-4282-bdd7-8d7c07c0184a","""2025-11-27T01:13:11.149Z"""
"1d93e3f9-0fc9-4973-adb5-9aeee8a03455","session-417","/products/engwe-engine-x",,"""2025-11-21T10:40:48.219Z"""
"dbcf0389-960a-4e8a-840c-0b78039ffedf","session-261","/shop","7af16635-825a-4282-bdd7-8d7c07c0184a","""2025-11-23T17:40:21.545Z"""
"7fedb86a-0734-4500-a646-5e1b65e8928a","session-326","/shop","7af16635-825a-4282-bdd7-8d7c07c0184a","""2025-11-07T08:00:46.302Z"""
"fce0d0b4-eae6-4a21-a067-ba684c2e5828","session-69","/shop","7af16635-825a-4282-bdd7-8d7c07c0184a","""2025-11-26T16:19:27.668Z"""
"5d499b40-35c1-484e-8e61-81f6e808ef12","session-184","/cart",,"""2025-11-03T04:13:59.063Z"""
"ca274b94-cb7b-423f-b31c-25aa2e28de45","session-311","/shop","7af16635-825a-4282-bdd7-8d7c07c0184a","""2025-11-25T05:45:11.554Z"""
"7c8e3cc7-8a79-460c-a2ac-4770c448f122","session-365","/shop",,"""2025-11-10T15:45:03.849Z"""
"44275bae-87b9-40f7-812c-7313a0051528","session-197","/","7af16635-825a-4282-bdd7-8d7c07c0184a","""2025-11-14T10:59:50.468Z"""
"3dc153c1-3bf7-4872-a095-648dd8d92a58","session-369","/",,"""2025-11-23T10:05:10.687Z"""
"bb752c7b-d9f2-4118-8dcb-f9bf9df822a8","session-162","/shop",,"""2025-11-09T07:30:14.657Z"""
"8e0766cb-0955-4a06-a57b-44f9d35c575b","session-91","/","7af16635-825a-4282-bdd7-8d7c07c0184a","""2025-11-16T03:42:48.021Z"""
"fbb5ea38-011d-4de5-b2e6-f16fa9f3b168","session-428","/products/engwe-engine-x",,"""2025-11-30T15:59:58.768Z"""
"d6bc556b-ee20-4b3b-a510-437d14391aa9","session-2","/shop","7af16635-825a-4282-bdd7-8d7c07c0184a","""2025-11-29T21:54:55.071Z"""
"2ca88f5c-1fdf-42b3-bffc-bdb55904298d","session-349","/","7af16635-825a-4282-bdd7-8d7c07c0184a","""2025-11-11T03:10:34.273Z"""
"b5565ee9-bff7-4909-b35b-18141b3edb44","session-280","/products/engwe-engine-x",,"""2025-11-11T11:18:42.987Z"""
"240792a4-d5d5-42a0-8660-0a8697b69016","session-196","/products/engwe-engine-x","7af16635-825a-4282-bdd7-8d7c07c0184a","""2025-11-19T20:27:13.106Z"""
"82d25599-eda4-4c30-aa4a-2604025b252b","session-412","/shop","7af16635-825a-4282-bdd7-8d7c07c0184a","""2025-11-30T09:21:28.534Z"""
"4871b968-647c-4a20-9937-e0f3bbe3ad10","session-321","/shop","7af16635-825a-4282-bdd7-8d7c07c0184a","""2025-11-07T10:33:26.060Z"""
"d98aef6a-ff3f-45f9-8c3c-66abd682f121","session-121","/","7af16635-825a-4282-bdd7-8d7c07c0184a","""2025-11-04T07:27:40.927Z"""
"1978da0b-2854-455e-97fa-18d746e8d0dc","session-466","/shop","7af16635-825a-4282-bdd7-8d7c07c0184a","""2025-11-16T00:36:29.292Z"""
"6a4f8e75-ca95-43a3-81f7-de809976aea9","session-138","/products/engwe-engine-x",,"""2025-11-18T00:22:52.744Z"""
"2a47c659-9ee2-4e0b-ad43-c1749d129914","session-316","/shop","7af16635-825a-4282-bdd7-8d7c07c0184a","""2025-11-20T12:51:17.114Z"""
"d7884e4d-bfa5-40ec-9005-f90acf7b32a3","session-150","/shop","7af16635-825a-4282-bdd7-8d7c07c0184a","""2025-11-28T12:55:03.350Z"""
"a1c458de-b534-40d5-a7cb-5111fb3fd2be","session-198","/shop",,"""2025-11-05T01:01:00.934Z"""
"4bdb6d45-1890-44a0-bfe8-8bed16477eac","session-365","/cart",,"""2025-11-17T15:02:52.827Z"""
"e86a2b17-b000-44a7-821b-05b0101741db","session-176","/shop","7af16635-825a-4282-bdd7-8d7c07c0184a","""2025-11-12T10:00:30.758Z"""
"aa3294da-018b-4fd2-adc7-58ae3a425964","session-224","/shop","7af16635-825a-4282-bdd7-8d7c07c0184a","""2025-11-30T17:54:41.371Z"""
"2cdfac7e-e1bd-4cda-9819-828584e0b96b","session-441","/",,"""2025-11-15T13:43:37.287Z"""
"e6757e74-5140-4a15-97b9-6e71886032c7","session-353","/shop","7af16635-825a-4282-bdd7-8d7c07c0184a","""2025-12-01T04:04:39.897Z"""
"d9e0c7b3-3640-4943-9461-1e999906e4a5","session-255","/","7af16635-825a-4282-bdd7-8d7c07c0184a","""2025-11-30T00:31:50.124Z"""
"f9f40dc5-5a93-4780-b57a-3480d1a987ff","session-55","/products/engwe-engine-x",,"""2025-11-13T14:34:13.096Z"""
"cb7f5118-4a1d-4ecc-8c3f-29122f5f7fbf","session-38","/products/engwe-engine-x","7af16635-825a-4282-bdd7-8d7c07c0184a","""2025-11-05T17:16:59.322Z"""
"1e544d35-362a-4a5a-8658-3aaa4be11bfc","session-163","/shop","7af16635-825a-4282-bdd7-8d7c07c0184a","""2025-11-12T21:30:59.613Z"""
"115aca9c-383e-46eb-982f-cb645d791904","session-109","/products/engwe-engine-x","7af16635-825a-4282-bdd7-8d7c07c0184a","""2025-11-13T15:54:20.700Z"""
"da39ae44-6466-4b8e-8bba-7433937a0f0b","session-442","/shop",,"""2025-11-23T09:47:13.849Z"""
"1c2447ec-a305-4ef7-8126-be762d93a027","session-460","/products/engwe-engine-x",,"""2025-11-07T22:37:00.969Z"""
"34754658-6488-4192-ab08-de8fa193f316","session-473","/shop","7af16635-825a-4282-bdd7-8d7c07c0184a","""2025-11-14T05:13:22.545Z"""
"7bc4f0e3-be28-4897-b631-b02969ee99d9","session-271","/shop",,"""2025-11-24T12:00:45.635Z"""
"00120144-cb2c-439a-b0c4-27c8f435981a","session-82","/",,"""2025-11-18T11:25:40.802Z"""
"53f0aca5-3cc9-41eb-958c-a81fd4ec4c65","session-305","/","7af16635-825a-4282-bdd7-8d7c07c0184a","""2025-11-10T08:52:06.714Z"""
"3ff22b07-6f93-4b58-bd14-e5ded2828a02","session-491","/shop",,"""2025-11-12T20:20:14.796Z"""
"f311ec43-b5f4-4775-96af-d747061b61f3","session-224","/shop",,"""2025-11-10T13:18:14.084Z"""
"27b3baf0-812e-4169-a98e-55d7142c42fd","session-428","/","7af16635-825a-4282-bdd7-8d7c07c0184a","""2025-11-30T13:41:34.439Z"""
"f23bc3c6-1c4e-4f34-8040-529f24029f0c","session-276","/shop","7af16635-825a-4282-bdd7-8d7c07c0184a","""2025-11-18T00:26:42.948Z"""
"4905c8f5-0e04-47d9-93ea-5bfba2ba9ec4","session-284","/shop","7af16635-825a-4282-bdd7-8d7c07c0184a","""2025-11-17T17:49:10.556Z"""
"996c0cdc-3aa7-499f-868b-e53b5c953dc1","session-46","/shop",,"""2025-11-06T12:11:56.240Z"""
"ce4663b8-532f-4b5a-ab6a-95d5dd14d97d","session-51","/",,"""2025-11-10T22:27:51.085Z"""
"f9f5e617-c807-44f6-93bc-91f404d6fe6e","session-360","/shop","7af16635-825a-4282-bdd7-8d7c07c0184a","""2025-11-16T21:10:42.476Z"""
"785ad14e-ee27-4044-bdad-78e8a97e7065","session-107","/products/engwe-engine-x",,"""2025-12-02T04:53:06.091Z"""
"5b2d8fd9-6844-45bd-b667-d62d7d37185a","session-368","/products/engwe-engine-x","7af16635-825a-4282-bdd7-8d7c07c0184a","""2025-11-04T07:37:23.336Z"""
"584195e3-715c-44df-8cec-ec5fa59c0218","session-345","/cart","7af16635-825a-4282-bdd7-8d7c07c0184a","""2025-11-05T19:24:50.148Z"""
"1f2b5371-0bf4-4dbc-a452-b9113c304170","session-347","/products/engwe-engine-x","7af16635-825a-4282-bdd7-8d7c07c0184a","""2025-11-30T14:12:31.544Z"""
"07ef132c-ca42-4909-8435-bf636e6563f7","session-433","/shop",,"""2025-11-24T04:57:57.605Z"""
"c4da314d-468c-42ac-ada8-45eb83d2efca","session-233","/","7af16635-825a-4282-bdd7-8d7c07c0184a","""2025-11-03T15:08:56.708Z"""
"65311a80-1168-4dc4-bf11-4581a636ce10","session-100","/products/engwe-engine-x","7af16635-825a-4282-bdd7-8d7c07c0184a","""2025-11-05T00:13:25.552Z"""
"97e7af52-0354-4831-82a5-14e0d7be6659","session-116","/products/engwe-engine-x","7af16635-825a-4282-bdd7-8d7c07c0184a","""2025-11-15T07:29:15.804Z"""
"4272433f-fee8-4220-890f-681c3ee0a46f","session-211","/shop",,"""2025-11-29T07:02:37.007Z"""
"c7136ef8-00ca-42bf-96f6-bae5710ac3b9","session-325","/shop","7af16635-825a-4282-bdd7-8d7c07c0184a","""2025-11-12T12:39:50.852Z"""
"aa4d3f91-547c-453b-805b-f96d9b578876","session-128","/","7af16635-825a-4282-bdd7-8d7c07c0184a","""2025-11-25T14:52:27.619Z"""
"9628a89b-2512-4f3b-bf53-b076e5662228","session-303","/","7af16635-825a-4282-bdd7-8d7c07c0184a","""2025-11-10T07:03:20.679Z"""
"38ccd63e-8714-4155-81f0-b27d04e39715","session-286","/",,"""2025-11-21T09:07:52.557Z"""
"c694cc5e-fde0-42df-b4f3-0d2187e017f6","session-484","/shop",,"""2025-11-06T15:15:23.742Z"""
"b0e3a3bc-e5d9-46ad-937c-bb336a837e7a","session-448","/shop","7af16635-825a-4282-bdd7-8d7c07c0184a","""2025-11-29T20:26:27.225Z"""
"813efa57-8cab-4c09-96ba-78167afcc986","session-218","/","7af16635-825a-4282-bdd7-8d7c07c0184a","""2025-11-17T03:55:31.451Z"""
"6b3c3434-1979-461e-b200-02d19e3a1e10","session-454","/cart","7af16635-825a-4282-bdd7-8d7c07c0184a","""2025-11-23T17:09:48.777Z"""
"7d2d7bda-58a8-461e-8859-d6df8cd42300","session-128","/products/engwe-engine-x","7af16635-825a-4282-bdd7-8d7c07c0184a","""2025-11-03T21:57:51.906Z"""
"f45ed9ec-545e-4457-bb4d-ca9d807053ef","session-406","/","7af16635-825a-4282-bdd7-8d7c07c0184a","""2025-11-23T10:35:27.327Z"""
"49bdf438-6442-4beb-aa96-995813459f8f","session-291","/shop","7af16635-825a-4282-bdd7-8d7c07c0184a","""2025-11-28T05:14:46.157Z"""
"477844ee-4d32-4c79-87d3-88442802d937","session-289","/shop",,"""2025-11-24T18:36:51.793Z"""
"70f346f4-5d84-42fe-892e-291f83944f77","session-13","/products/engwe-engine-x","7af16635-825a-4282-bdd7-8d7c07c0184a","""2025-11-24T03:55:59.510Z"""
"d3b148bc-c7a8-43d1-ad5e-b633c0c681ee","session-347","/shop","7af16635-825a-4282-bdd7-8d7c07c0184a","""2025-11-18T11:52:20.669Z"""
"7372dee4-c065-4100-a964-308bbd52af25","session-318","/shop","7af16635-825a-4282-bdd7-8d7c07c0184a","""2025-11-21T21:03:45.679Z"""
"054c5964-7293-4c64-ad49-2a7da420006f","session-387","/cart",,"""2025-11-19T09:21:00.936Z"""
"1466b786-e3bb-4057-8b30-fa5fe5cd69a6","session-383","/cart","7af16635-825a-4282-bdd7-8d7c07c0184a","""2025-11-12T21:43:47.235Z"""
"714176b6-e0e3-4a5e-8cbd-17e2ec57d64f","session-168","/shop",,"""2025-11-19T18:19:33.025Z"""
"37c1204b-d55e-474e-86af-16210c1fe84c","session-114","/shop",,"""2025-11-12T06:43:51.815Z"""
"3a885223-79b3-4ca9-9741-4347e9cf4b28","session-170","/cart","7af16635-825a-4282-bdd7-8d7c07c0184a","""2025-11-23T01:37:28.375Z"""
"080b49d6-e5d7-4dd7-9792-eb2c16ecb18f","session-500","/shop",,"""2025-11-16T11:29:39.901Z"""
"8affc960-c66e-496b-960d-db7232dfe24e","session-63","/",,"""2025-11-13T07:44:07.570Z"""
"3796825c-877e-43dd-9ab9-2b340b3803b7","session-49","/shop","7af16635-825a-4282-bdd7-8d7c07c0184a","""2025-11-18T06:28:06.203Z"""
"36635a13-205e-45e2-8152-7532f84c8834","session-60","/","7af16635-825a-4282-bdd7-8d7c07c0184a","""2025-11-04T01:41:58.352Z"""
"bfb6e32c-73ec-49a1-97ca-f4c4f02a624b","session-204","/shop","7af16635-825a-4282-bdd7-8d7c07c0184a","""2025-11-16T02:28:48.546Z"""
"02f103e1-704f-483c-830a-09542690fa58","session-425","/shop","7af16635-825a-4282-bdd7-8d7c07c0184a","""2025-11-09T18:13:04.511Z"""
"8af64f40-b2b7-4b72-9611-176f1a0866c3","session-388","/","7af16635-825a-4282-bdd7-8d7c07c0184a","""2025-11-08T01:26:51.664Z"""
"0877995c-3b73-4820-b66f-c7ab01a46881","session-252","/shop",,"""2025-11-10T05:58:28.759Z"""
"8b706560-33b1-488f-aaa8-5839e097cf30","session-76","/shop","7af16635-825a-4282-bdd7-8d7c07c0184a","""2025-11-20T20:46:45.116Z"""
"484e096d-49a2-465d-9d9f-df5afe90c047","session-62","/shop","7af16635-825a-4282-bdd7-8d7c07c0184a","""2025-11-12T02:45:37.793Z"""
"dd482cc1-367e-463c-b910-c48d80fdcbbb","session-413","/products/engwe-engine-x","7af16635-825a-4282-bdd7-8d7c07c0184a","""2025-11-26T13:57:30.428Z"""
"39fe5bb5-dabb-4e2b-8cb7-9911b42ba938","session-54","/shop",,"""2025-11-21T04:33:13.072Z"""
"23bece06-b5a9-447c-af98-e845635d90a3","session-229","/",,"""2025-11-21T11:26:00.428Z"""
"ebfcb439-7b47-4ac2-badb-b63bf42313fe","session-489","/shop","7af16635-825a-4282-bdd7-8d7c07c0184a","""2025-11-18T10:25:02.329Z"""
"32f5688d-d6b2-41af-b4fa-6f9616311897","session-485","/",,"""2025-11-11T01:39:27.718Z"""
"62833e03-d4d2-49b1-82f3-f2f127efc10b","session-480","/shop",,"""2025-12-01T18:06:57.255Z"""
"72168602-1467-428b-a554-7bf92cd33932","session-144","/shop","7af16635-825a-4282-bdd7-8d7c07c0184a","""2025-11-15T01:42:50.082Z"""
"f08964b8-b1af-4fcd-bfcc-4d470915bcb1","session-51","/products/engwe-engine-x",,"""2025-11-16T07:19:20.648Z"""
"9e46ce5e-df0e-4e36-bb13-256538bf67e7","session-197","/products/engwe-engine-x","7af16635-825a-4282-bdd7-8d7c07c0184a","""2025-11-28T14:35:33.865Z"""
"eb610d5c-1813-437e-b1cf-3339d88c9076","session-107","/","7af16635-825a-4282-bdd7-8d7c07c0184a","""2025-11-30T07:50:15.691Z"""
"9709b689-59f3-4ad2-b371-bc7b05deee53","session-257","/shop","7af16635-825a-4282-bdd7-8d7c07c0184a","""2025-11-04T19:21:00.599Z"""
"bfb473f0-d820-4e94-8cf5-0bdeb4740559","session-380","/",,"""2025-11-29T14:32:35.028Z"""
"1fe7821d-4fd4-4ea2-b6ef-e272cbff341d","session-93","/",,"""2025-11-15T08:31:03.357Z"""
"31d511a1-4996-4b8a-b029-c12c6f272789","session-151","/","7af16635-825a-4282-bdd7-8d7c07c0184a","""2025-11-22T03:39:00.364Z"""
"0fafe421-6851-450c-82ac-d3e2a58b311a","session-454","/shop",,"""2025-11-24T19:31:54.179Z"""
"eba9e4bc-dc91-46f6-ac52-df6ac26593c5","session-108","/shop",,"""2025-11-07T10:19:24.825Z"""
"a2cad635-d369-4133-8e5e-f620201eda4d","session-427","/products/engwe-engine-x","7af16635-825a-4282-bdd7-8d7c07c0184a","""2025-11-30T13:16:35.393Z"""
"69928653-cea4-4bef-80da-c386a3d783e3","session-242","/shop","7af16635-825a-4282-bdd7-8d7c07c0184a","""2025-11-14T00:06:13.741Z"""
"a579dc08-d6b9-4cd8-8067-06b1da20c168","session-165","/cart",,"""2025-11-22T03:01:46.506Z"""
"ae7611b6-c476-4dc2-8167-1873937b41f6","session-259","/shop","7af16635-825a-4282-bdd7-8d7c07c0184a","""2025-11-25T20:23:08.582Z"""
"89ad6970-cfe0-4f6b-a77d-54164e15ee0e","session-133","/shop","7af16635-825a-4282-bdd7-8d7c07c0184a","""2025-11-09T03:04:34.094Z"""
"8407abfd-f295-4428-89d7-1a617409b31c","session-304","/shop",,"""2025-11-23T16:53:36.166Z"""
"b80a2a26-ce2f-4dcf-947c-3f4b03ff7922","session-295","/shop",,"""2025-11-26T05:38:47.739Z"""
"d84a6d42-65e3-41fe-b5ec-a44c865466a2","session-385","/","7af16635-825a-4282-bdd7-8d7c07c0184a","""2025-11-21T03:08:25.787Z"""
"8e5e72c7-a9fb-43b8-8f0a-bdea1c4972a9","session-113","/","7af16635-825a-4282-bdd7-8d7c07c0184a","""2025-11-15T21:21:35.858Z"""
"1a451639-4164-4b7a-8f25-c6405b16a511","session-293","/",,"""2025-11-09T02:48:11.106Z"""
"5728a3b5-25df-4ebd-a50f-8307b7fe49e5","session-189","/products/engwe-engine-x",,"""2025-11-26T07:53:55.148Z"""
"1ab87e8f-960b-4e08-ad46-904764fb502e","session-352","/cart",,"""2025-11-28T04:04:42.396Z"""
"b6654bbe-659d-4d81-be5f-20dc0fe20544","session-62","/products/engwe-engine-x","7af16635-825a-4282-bdd7-8d7c07c0184a","""2025-11-30T04:31:41.916Z"""
"92c5f11c-4a2e-43a0-aaa1-e0cba66657d6","session-460","/cart",,"""2025-11-26T19:19:29.745Z"""
"0edf1b76-381b-4733-9c5a-6d5b0bd1c6ec","session-401","/",,"""2025-11-06T15:50:38.888Z"""
"91166873-1fff-4dde-b49f-63e15b78a761","session-75","/shop",,"""2025-11-29T10:09:21.755Z"""
"e2c7a6ff-cbec-4804-b77e-7932920672ef","session-230","/cart","7af16635-825a-4282-bdd7-8d7c07c0184a","""2025-11-05T17:27:35.172Z"""
"06d58b4c-32c1-4333-904b-e8630f5fc667","session-153","/shop","7af16635-825a-4282-bdd7-8d7c07c0184a","""2025-11-12T03:50:35.244Z"""
"e2d35ac9-8846-497c-9df5-3f08159ca7f1","session-55","/",,"""2025-11-18T19:48:46.561Z"""
"06596530-e616-408e-ad72-db0865f2bfe8","session-441","/products/engwe-engine-x","7af16635-825a-4282-bdd7-8d7c07c0184a","""2025-11-16T07:46:26.137Z"""
"9503c970-c619-4af2-b400-231fb727851d","session-323","/products/engwe-engine-x","7af16635-825a-4282-bdd7-8d7c07c0184a","""2025-11-10T00:35:00.041Z"""
"c08d8625-90c1-458d-9a79-1583de7aef39","session-392","/shop","7af16635-825a-4282-bdd7-8d7c07c0184a","""2025-11-05T06:05:34.450Z"""
"3c7e1f1b-8d5f-48c9-bfa7-ed772fc1c720","session-176","/shop","7af16635-825a-4282-bdd7-8d7c07c0184a","""2025-11-08T16:03:56.910Z"""
"cd38d342-209e-4147-9c64-2cb6378b6b30","session-134","/",,"""2025-11-13T20:55:07.832Z"""
"fabfc55f-075c-4a67-84be-1d5f90b0cf0f","session-92","/","7af16635-825a-4282-bdd7-8d7c07c0184a","""2025-11-24T08:02:49.710Z"""
"67ebda29-0e37-401d-9f74-b26c39e13019","session-446","/products/engwe-engine-x",,"""2025-11-21T09:15:29.496Z"""
"5705e392-1730-4e79-99de-1618de9d9abf","session-151","/shop","7af16635-825a-4282-bdd7-8d7c07c0184a","""2025-11-25T03:44:49.068Z"""
"ee9d8eda-8537-405e-a3bb-bfe87eabc42e","session-163","/cart","7af16635-825a-4282-bdd7-8d7c07c0184a","""2025-11-20T21:12:45.551Z"""
"3e533971-d79a-4f12-9fef-7823057d8e92","session-9","/",,"""2025-11-15T04:03:48.289Z"""
"3233f4d1-ed64-40b2-91f4-604aef92398f","session-436","/","7af16635-825a-4282-bdd7-8d7c07c0184a","""2025-11-06T08:19:03.345Z"""
"77fb5f51-2968-4277-9ed7-7626fdde7f64","session-194","/cart","7af16635-825a-4282-bdd7-8d7c07c0184a","""2025-11-10T00:30:48.185Z"""
"0c72a7cc-5687-4ff9-842e-e94523290eba","session-427","/",,"""2025-11-27T04:45:11.643Z"""
"ca64211c-a868-4b82-b5c2-60ffc7b8c742","session-130","/shop","7af16635-825a-4282-bdd7-8d7c07c0184a","""2025-11-20T16:06:41.599Z"""
"b8a1a1a7-4fad-43c4-baa1-d6ab3cf5324c","session-7","/",,"""2025-11-18T13:04:11.430Z"""
"8c9db02e-bb41-40f2-a850-831d796a2124","session-264","/shop","7af16635-825a-4282-bdd7-8d7c07c0184a","""2025-11-19T17:10:45.725Z"""
"38ef6677-0f5c-43ac-a081-a92b812fdebd","session-366","/shop","7af16635-825a-4282-bdd7-8d7c07c0184a","""2025-11-08T01:23:21.603Z"""
"0b1d8278-50e0-4292-864e-60ca6966568a","session-495","/products/engwe-engine-x","7af16635-825a-4282-bdd7-8d7c07c0184a","""2025-11-05T08:40:40.664Z"""
"10203331-0f4f-452e-adb8-5c9dc6e90735","session-381","/",,"""2025-11-03T19:08:17.165Z"""
"28818f01-4599-401e-84ed-ae6492c8f17f","session-115","/products/engwe-engine-x",,"""2025-11-30T10:55:16.674Z"""
"15516333-31e7-406c-9077-cd1fe35a1753","session-437","/shop","7af16635-825a-4282-bdd7-8d7c07c0184a","""2025-11-09T14:10:55.032Z"""
"2c79c52c-5f77-4ff1-819b-da28ba1119ea","session-489","/","7af16635-825a-4282-bdd7-8d7c07c0184a","""2025-11-19T19:00:22.291Z"""
"da6e1a40-4f38-4e47-b844-4edcf4d429db","session-397","/products/engwe-engine-x",,"""2025-11-16T19:00:23.969Z"""
"9224da00-afbc-49c8-9d88-c85396717234","session-189","/cart",,"""2025-11-11T01:59:43.634Z"""
"9aa03ac0-ce58-4f1e-88a3-25fdd65165cf","session-339","/","7af16635-825a-4282-bdd7-8d7c07c0184a","""2025-11-14T22:23:08.640Z"""
"064fd9a3-0d70-47ce-9e13-2e041386c554","session-30","/products/engwe-engine-x",,"""2025-11-22T20:33:24.348Z"""
"710a13ff-08b1-4997-9746-f52deb69afe4","session-367","/cart","7af16635-825a-4282-bdd7-8d7c07c0184a","""2025-11-16T16:52:34.970Z"""
"d8243d5d-06f7-4ab4-95db-d22b514bd151","session-385","/shop","7af16635-825a-4282-bdd7-8d7c07c0184a","""2025-11-20T20:35:23.647Z"""
"d38de4f4-1097-4cdd-88e6-d8d9268d7474","session-370","/products/engwe-engine-x",,"""2025-11-13T14:45:31.579Z"""
"e1bef475-7a74-4e42-99d2-46bfeadd20ed","session-370","/",,"""2025-11-12T15:26:55.530Z"""
"8d3bcb09-418f-438f-be6d-38d9523169a8","session-390","/products/engwe-engine-x","7af16635-825a-4282-bdd7-8d7c07c0184a","""2025-11-14T09:10:48.556Z"""
"7db2460a-ca70-43a9-852f-fe7b5e5fdb82","session-254","/shop",,"""2025-11-12T14:11:18.085Z"""
"cf3292ea-4fe4-48a5-a0d9-52a0c3f8c6b8","session-429","/",,"""2025-11-27T15:43:29.194Z"""
"e0ffc2b5-c64b-4b86-92d7-16de8691db47","session-393","/","7af16635-825a-4282-bdd7-8d7c07c0184a","""2025-11-17T14:55:44.578Z"""
"7362d34c-4825-48b3-814d-6f6137296a94","session-372","/products/engwe-engine-x","7af16635-825a-4282-bdd7-8d7c07c0184a","""2025-11-17T00:03:24.152Z"""
"7b48ec73-2dda-48fd-a9d4-47468b8c554d","session-304","/","7af16635-825a-4282-bdd7-8d7c07c0184a","""2025-11-06T12:58:53.606Z"""
"74eafad8-e31e-453f-847a-0e38f3b53abb","session-68","/","7af16635-825a-4282-bdd7-8d7c07c0184a","""2025-11-08T16:24:29.032Z"""
"790b1379-59b4-4526-8db9-d2d2a4bb93df","session-401","/cart","7af16635-825a-4282-bdd7-8d7c07c0184a","""2025-11-10T20:26:52.628Z"""
"e28a8357-64fd-4e36-a5e9-0e2ce2985879","session-93","/products/engwe-engine-x","7af16635-825a-4282-bdd7-8d7c07c0184a","""2025-11-20T19:07:40.626Z"""
"594b943f-c3f4-45e9-a94c-a1f2d4bcd3eb","session-267","/cart","7af16635-825a-4282-bdd7-8d7c07c0184a","""2025-11-16T06:43:18.244Z"""
"65c42993-3069-493d-9e93-0909e94d4486","session-339","/shop",,"""2025-11-10T10:21:24.913Z"""
"6cdbfd82-2110-4150-83b9-523b0afde80e","session-317","/","7af16635-825a-4282-bdd7-8d7c07c0184a","""2025-11-24T04:29:27.437Z"""
"f591f85d-08cc-45ab-b055-2759f4a1b45a","session-349","/",,"""2025-12-01T22:02:10.120Z"""
"ec90ce20-ec1e-4c4e-bcbd-b497bd902ecd","session-94","/",,"""2025-11-04T05:32:44.019Z"""
"d29c6033-41e9-4f83-90fc-a3a09fc6f074","session-12","/","7af16635-825a-4282-bdd7-8d7c07c0184a","""2025-11-22T18:56:06.663Z"""
"8872bd03-094a-4f5c-9df4-43ff40118e0d","session-237","/shop",,"""2025-11-21T05:25:54.553Z"""
"c6a43c65-16f1-4785-8ed1-03fef23caf00","session-411","/cart","7af16635-825a-4282-bdd7-8d7c07c0184a","""2025-11-20T05:06:10.411Z"""
"c63f2076-5752-4a48-ac91-5ea13803dc6e","session-55","/products/engwe-engine-x","7af16635-825a-4282-bdd7-8d7c07c0184a","""2025-12-01T07:10:51.471Z"""
"f6905f1a-85e1-4534-ab3e-2c0d467669c0","session-334","/shop",,"""2025-11-18T09:13:41.957Z"""
"74c20ef3-cd43-4a4a-a367-3b1066c1df14","session-333","/products/engwe-engine-x","7af16635-825a-4282-bdd7-8d7c07c0184a","""2025-11-14T07:34:10.858Z"""
"0fec6155-0df9-4bde-81c3-693a691ff868","session-176","/products/engwe-engine-x","7af16635-825a-4282-bdd7-8d7c07c0184a","""2025-11-15T03:59:56.025Z"""
"83119a61-8adc-44a5-9584-bf7f8f8e4424","session-14","/cart","7af16635-825a-4282-bdd7-8d7c07c0184a","""2025-11-11T02:19:49.742Z"""
"92a3d32b-50b4-4c41-ab13-a39da37e08ca","session-479","/","7af16635-825a-4282-bdd7-8d7c07c0184a","""2025-11-25T22:24:40.432Z"""
"706ab525-873e-42af-9e05-100508916e15","session-304","/cart",,"""2025-11-12T14:00:43.164Z"""
"4a4a4d26-5d35-44be-acae-956cd8884ea1","session-392","/products/engwe-engine-x","7af16635-825a-4282-bdd7-8d7c07c0184a","""2025-11-09T20:33:40.302Z"""
"1a4033a7-f93d-4ffe-9059-60a26fa428e3","session-378","/products/engwe-engine-x","7af16635-825a-4282-bdd7-8d7c07c0184a","""2025-11-12T12:24:30.914Z"""
"9cab3e56-56b1-418c-b7ce-b78e3b7b3c24","session-366","/shop",,"""2025-11-12T07:25:29.267Z"""
"e66ee4ab-2dcf-476e-920b-65520a2848e2","session-420","/shop","7af16635-825a-4282-bdd7-8d7c07c0184a","""2025-11-13T07:18:33.354Z"""
"7e8949b6-0622-471a-ae7b-e351fed434d8","session-293","/products/engwe-engine-x",,"""2025-11-07T04:19:04.700Z"""
"3c5944cd-43da-4e2d-938c-e7c0b88da9a1","session-58","/products/engwe-engine-x",,"""2025-11-10T17:01:37.656Z"""
"3b616bd2-1f16-4488-93f3-6877042239f0","session-317","/cart",,"""2025-11-03T16:58:24.845Z"""
"26437562-d3de-4768-a08e-9b0d9097a3d8","session-399","/","7af16635-825a-4282-bdd7-8d7c07c0184a","""2025-12-02T18:29:17.156Z"""
"d4e994e2-18a8-4192-89b7-fac2aec6b77a","session-130","/products/engwe-engine-x",,"""2025-11-27T17:22:24.667Z"""
"02ea873e-274a-4f2a-b59d-355846f21497","session-8","/shop","7af16635-825a-4282-bdd7-8d7c07c0184a","""2025-11-19T21:49:27.126Z"""
"8d4ccec1-249f-4ad9-a964-4a17a4766c8c","session-251","/products/engwe-engine-x","7af16635-825a-4282-bdd7-8d7c07c0184a","""2025-11-24T20:55:50.575Z"""
"8dc1451f-fd32-492c-8fe4-866905e58c50","session-307","/",,"""2025-11-12T10:48:33.711Z"""
"c9acec5e-284c-4cb4-870c-7d97cd609176","session-189","/products/engwe-engine-x",,"""2025-11-11T05:36:34.447Z"""
"cec4a884-230d-47d6-a6a3-41872df19292","session-452","/products/engwe-engine-x","7af16635-825a-4282-bdd7-8d7c07c0184a","""2025-11-10T11:26:23.365Z"""
"2901aa9d-5af7-41ee-8d1e-04358595242a","session-468","/",,"""2025-11-26T21:45:26.780Z"""
"15a7ecf4-5094-4bd9-bdc5-d102c1c13a7d","session-417","/products/engwe-engine-x",,"""2025-11-05T18:25:21.081Z"""
"71aad54e-9320-4dcf-8f5f-9501eabcc739","session-61","/products/engwe-engine-x",,"""2025-11-08T02:56:53.560Z"""
"130d2148-0e05-43ed-a3fd-3dcb0f1ab814","session-49","/products/engwe-engine-x","7af16635-825a-4282-bdd7-8d7c07c0184a","""2025-11-13T11:48:36.465Z"""
"762cfaba-8f29-48d7-b3b5-76ab828c6312","-g5XtNYLaFTiP_tuXZxq1eASMsaIS5H9","/",,"""2025-12-02T11:08:15.442Z"""
"1e95dc59-4a6c-451c-99a1-d75b59fc4a1b","FxzuaiVCeXa6pHtpNIRxdkmIPpdb44rO","/",,"""2025-12-02T11:09:57.885Z"""
"ffa4dcca-0890-4271-af19-4c717f08ddb8","FxzuaiVCeXa6pHtpNIRxdkmIPpdb44rO","/",,"""2025-12-02T11:19:14.643Z"""
"b5f896f1-9089-4c0a-993b-3533c37fc9f0","Ij3QN63kPJl0uuAH_eW9L5mCyIUL5FfZ","/",,"""2025-12-02T11:20:23.114Z"""
"76c2cbac-7ad8-45c9-ad15-a3a24c9887bb","fs5lS4nV1bvKZ2QzvLqHKbtlQ8hPUjTP","/",,"""2025-12-02T11:21:58.684Z"""
"5e1e3454-9cf3-4588-ade7-156686347c9a","NqISj2xIOeLFtBH2y8rEPujMQKqmNdha","/",,"""2025-12-02T11:22:28.700Z"""
"e2d5bc0c-fa4d-4867-9ba0-9aa4eaf64e87","yLDNGYDM-W0_HBX7so0TectGnqcM--15","/",,"""2025-12-02T12:05:02.067Z"""
"1ad1f50e-c385-48d9-b241-d5248728bf0c","SLBDKbYNWsYOMPm2f495VGhtGOuuyGMS","/",,"""2025-12-02T12:05:02.861Z"""
"b1597807-b612-4ddd-8859-72337cc7a619","_rJxVJBKY90DVoaS9nIa4moabVS9yNN-","/",,"""2025-12-02T12:08:18.268Z"""
"35a35eb7-35d7-44d8-b710-df990f3b89b2","lqEdMjb0IO2HASdSb1I6Fjfqq-__FvHJ","/",,"""2025-12-02T12:12:26.865Z"""
"1cdf13ac-4509-4124-91e5-eded3c3ccfa1","s3Xz_ZcPl5oZ3rdFe-Ni_M9LOt_Lh9ta","/",,"""2025-12-02T12:18:08.978Z"""
"1aefef3a-68c3-4697-bdf2-992d228323fe","yd2mEwe7WVI_DstcALbG7BIqYbax45pj","/",,"""2025-12-02T19:54:17.906Z"""
"f25f06f4-05e3-48e1-a210-68a08dda3dbf","N2l9lrR2g2kcfzFRruHJUZKACeTvDU72","/",,"""2025-12-02T21:26:16.860Z"""
"635f0c83-9373-4b89-80dc-9769a25b350d","kEXCpP9N4j-8LgMWDdQNlnDt3tC5TGVF","/",,"""2025-12-02T21:26:17.912Z"""
"df48a5a8-b6f7-4abe-b4ee-0e3585f060f5","vZ5_vp2YhUdPiaMOGhPpvLls9zm5e0M1","/",,"""2025-12-02T21:29:12.532Z"""
"033e13ab-3083-488d-9a0c-2876d6b791b0","GbBwceYd9lzeuDKLjJOF7PohXvn9-4iH","/",,"""2025-12-02T21:40:10.245Z"""
"91519592-0a5a-42b9-9d4b-04856e38c52f","S-DGw5DnLz4ki1EdWfspayvVZtl4y31l","/",,"""2025-12-02T21:45:53.227Z"""
"01542e58-c38c-4e37-9440-cbd91139c2ac","12AquYeeQ04124eR1mmn1abAQyBU50t0","/",,"""2025-12-02T21:47:18.373Z"""
"cd50c276-cb9a-4c7a-b147-4ba2ad28592f","dweZ4m8VFPb72YaoCAud5VB60u5NCwx7","/",,"""2025-12-02T21:57:14.376Z"""
"6b13052e-181d-4b04-a301-990232a89281","mrw3ag_f9CNSUiHv6tr8xBdFmfxppH8y","/",,"""2025-12-02T21:57:14.408Z"""
"e64d0d15-f117-4d52-99fe-cbe397dc63aa","GlNccQyTx03BF1BD-xsa4QbLoGirebzw","/",,"""2025-12-02T22:25:14.426Z"""
"e7a660c6-69f0-4412-b26a-3edd6574cfd8","b2nZb9-HSm8ZMLNpkchwhbvJBatrKuDk","/",,"""2025-12-02T22:25:14.449Z"""
"daeb9813-b208-4ee8-a9a5-23268d0034d8","mgBMNd-rq9Npo_Fm9c2Ye6Eenc_POtpR","/",,"""2025-12-02T22:28:02.195Z"""
"feb4fc63-d638-4e13-a55c-5c4a4adc89c8","3BknUyf_ZXxnyCU_F1Vonz7dhzh3-omy","/",,"""2025-12-02T22:28:02.336Z"""
"6f6d31b9-06b4-4cff-8812-7350058548b1","kNhNEBoVaoFDgM6haStJa5Hrn-9uxFPa","/",,"""2025-12-02T22:28:02.581Z"""
"4fe6ba61-a111-4c1d-a832-16eb09e1babd","9S0_RWzXfyyCZ0On_2cYYDP9FtoLQv3B","/",,"""2025-12-02T22:30:48.199Z"""
"d06bbd70-47a0-4e52-a1d7-1699339ac31e","5F3BMPwue6WycvicfhGoBJJJdRRv4r9U","/",,"""2025-12-02T22:30:48.200Z"""
"52bcba84-2058-4ec0-9309-25053e0b2727","ORZcXCKkHopdxafJ7yyok2t39jd1lsHM","/",,"""2025-12-02T22:37:03.956Z"""
"0b1763a6-a434-4613-83b9-0a117e0fb4bc","UqVDu6X4wzYh5L-pNdOIG_fXH1DL69S1","/",,"""2025-12-02T22:37:51.622Z"""
"815e39ef-d345-4134-b6fa-91ea24471461","qrNB68cZtP86ukGuM-mBtUC3Oh8zrqOk","/",,"""2025-12-02T22:38:47.343Z"""
"52463656-6474-4315-aa59-57995da73fcb","HSgZhenh30TfawPhLLMe8GNbHHiqt-Bg","/",,"""2025-12-02T22:45:44.710Z"""
"57e103f8-648d-427c-8a5e-267d1168c6d4","AA1sX-4SpJaI_Kgw7g9lzWZToPJ9BL1s","/",,"""2025-12-02T22:50:35.506Z"""
"809bab3d-8c24-49d1-a6e3-a86c9a6809a1","LXXoe052GN9lpo9owV7QtzJ2RRiYB7uM","/",,"""2025-12-02T22:52:04.455Z"""
"e0385ea6-d490-429d-b1d6-c8d45651e754","Oh0vbp3FagvVlRWDvbRh5O1OvJPUEmpI","/",,"""2025-12-02T23:05:06.698Z"""
"5c19c513-c284-4aed-ad35-874a0f0bdfe3","FMaX6o5EsEgyOCm6zvBoh8d5zt-pqQZZ","/",,"""2025-12-02T23:10:14.665Z"""
"b6f446d1-16c2-45d8-b406-94ed83f79ccf","00rWYIgjJ-E7z6NP0sVM3J_EmBJwVNqS","/",,"""2025-12-02T23:14:50.085Z"""
"a3999f01-49e8-4748-a5f5-095b90c8c4e9","DDkfmKVm5gltgVxH6XhGAER5QUJI8AYt","/",,"""2025-12-04T12:43:44.706Z"""
"d2235dac-ec65-4efa-b2c1-d2e6dc880ca7","Jo9PMdCH52JWPFcK6KGqsI1pOPdBUzTX","/",,"""2025-12-04T20:04:50.172Z"""
"407f982e-62ab-48d3-90f2-5ca70d9574e1","7ggZG_RdKqWcZcwzzt_CjF0TgTn6PwOr","/",,"""2025-12-04T20:11:33.118Z"""
"b904c0b7-0284-45eb-9e95-995ab904471c","SsK_mirSrufSUiYVFny3rKIXyiaJViJX","/",,"""2025-12-04T20:11:40.119Z"""
"b4efef29-3682-463c-9702-cdd3788df412","nrKWVJknkOxnK1Ocz4rv9cCeCPTVqtA3","/",,"""2025-12-04T20:20:56.943Z"""
"f329f95e-8579-4952-8b1a-2f95b5391fa4","F4fOmhFcGDUZWxZb3gZ7bNx9RrWWnb7h","/",,"""2025-12-04T20:24:23.665Z"""
"d9ea5f4c-a0ce-4ae1-8afa-03ccdfef4de5","CrcVaI2vdLY4gUe8D8JRrU1u9FuQVkXn","/",,"""2025-12-04T20:27:15.003Z"""
"996e0494-8ae2-4a15-a0fa-9a46515a29d8","pDvWFdzdxwetpbcAlGL6H0ovRYvQ1rlX","/",,"""2025-12-04T20:35:55.309Z"""
"76185918-6976-4f6d-a9d2-29ff77723e85","sNNSVGHF7V6NUz6hZ0OwclTUDhMihjwJ","/",,"""2025-12-04T20:36:28.213Z"""
"92af0ed1-162c-46fe-9e52-be90a7591841","lc21F5aKZsoFAtgaoBnjEiTUDrtfw1I5","/",,"""2025-12-04T20:39:33.531Z"""
"8f4502cf-fa73-4e20-8261-6fe7e89f8634","Robo4D5JvQQnVLMmqE-jF7n2VYpRL2wA","/",,"""2025-12-04T20:41:13.825Z"""
"069c3fe9-a8c3-417d-8c53-057ac761862c","Ard0diTN7iK_v59N_ta5vlx0SeflAXgz","/",,"""2025-12-04T20:44:39.579Z"""
"9589f86c-6578-4ece-8574-b69d4b750018","3GVS0hreo5i-6jXfypc1SsqiqSqNWxa8","/",,"""2025-12-04T20:44:40.499Z"""
"654629c5-805b-49f9-a049-f27b56b79c45","_ru1rwwbgzYsu5DYvpGF_klmAOXWHHXi","/",,"""2025-12-04T20:44:46.895Z"""
"c3fefdc9-bd12-4d23-8c20-a73a5dcdf3ef","_ru1rwwbgzYsu5DYvpGF_klmAOXWHHXi","/",,"""2025-12-04T20:45:35.353Z"""
"01be78b8-a247-43ed-9232-63decf5ab64d","uiunnLilzGaA-uF7CifUAsvcLyhNFVQJ","/",,"""2025-12-04T20:49:51.376Z"""
"2c69c55b-28b9-492f-b3c0-09d966d49b3d","PPURk-Mu48NjoiYMoO2KpajRGvPqCxPb","/",,"""2025-12-04T20:51:44.675Z"""
"bbcf2cac-6080-47b7-b86c-18dac7e48c1f","bqtSTJ0R24-oVT_9D4mbIPs7Ys-G-Sch","/",,"""2025-12-04T20:51:48.875Z"""
"2bad6793-8a1b-42f8-8b0e-e0109b3531c3","S2K8QrEXlVpPtCAfsti14LyxpqNUgTwc","/",,"""2025-12-04T20:52:47.105Z"""
"54995d66-1cb4-4ceb-93f4-2ed177674366","XG8p8BZzacwFI6O6nHJ0IvPJvX9fm0cO","/",,"""2025-12-04T20:52:47.476Z"""
"2c728e66-c1ed-40a8-9bbf-4a99e697b51d","uW21H4yVqdHxGgq3mwTvXQ-cITbC-AtQ","/",,"""2025-12-04T20:54:26.959Z"""
"701e0e2b-18ea-452a-8c85-e85828e5a152","OktFQn--OdOuviUz1gINCoiMumo-eB8g","/",,"""2025-12-04T20:55:47.008Z"""
"a1528a29-b1f3-4070-81d2-776203c62654","Ig7hnxnbpktM7MKAoOIf_dy_RkC4534O","/",,"""2025-12-04T20:55:58.862Z"""
"c63ef2d0-fabc-4922-8f79-70d47e1b9dc3","9YQxMcfPbz0WNMTesxV7Vjc2Gnhmcre9","/",,"""2025-12-05T08:27:27.743Z"""
"76d6633e-d27d-444a-97ea-2e77ffb03974","x6D8ivE78V0i2dS-JVziH5Pw1mA2ppdL","/",,"""2025-12-08T03:05:22.004Z"""
"f36a8898-9f2f-4e63-bfc8-c42da8c0f1db","BqaXIq9qdV7mcWEf4h9a_gvLG0WA-_EK","/",,"""2025-12-08T03:08:27.796Z"""
"faf2a021-6d11-4c44-a6a2-be9d685c0fa6","SaetkPM0DzXAIVksGxS4PIDcqSxp39Ij","/",,"""2025-12-08T03:09:53.859Z"""
"7434e284-0257-4e07-a18d-34d326e50bb9","1GcfYU-cb-CDEqqQMevQuLfKcWAEbgrh","/",,"""2025-12-08T03:12:40.835Z"""
"d5b9b803-9d1a-4f86-92fa-eea9391fab19","C3aEebOtPnFD9epLRBtEcG9duf0RE3VL","/",,"""2025-12-08T03:13:51.368Z"""
"6c52a623-a598-46ab-a710-d508ab5fc5d6","Tazebv_nKlqbmhTYvseE1L25kivgyz9h","/",,"""2025-12-08T03:16:02.975Z"""
"e54e3828-5c5a-4c8a-8506-d89a88939170","GoFeaE0L6kyPL2g3g3pFlxWVcWzUh2Td","/",,"""2025-12-08T03:16:19.502Z"""
"033b5d8f-f7db-4875-aeee-bdf01931b361","SNAVjEE2ruA6TmjnT1tigpaioPOQB6Gl","/",,"""2025-12-08T03:18:12.121Z"""
"c5654d58-8591-4181-94b2-2d03c43ca335","WYoZNVtsqb0gSxGiAsT6bTyF_ZnOW6jb","/",,"""2025-12-08T03:18:44.030Z"""
"31add80f-0609-44c8-9f98-506d0aeb309c","q2OvEbrf2m5MsHp_dq5NCwemq3Tdwa63","/",,"""2025-12-08T07:02:48.104Z"""
"b9a7991e-7b0f-4ef3-81be-dcfd61706fac","qoXLpUddc12CLOZLE3uA-xbLac1FcILV","/",,"""2025-12-08T07:04:37.932Z"""
"c9b3715d-362c-4ea3-b39f-ba7d7d48ae20","Iu4S_JvBdTiCHJ63I9HjA-sd93SDe58I","/",,"""2025-12-08T07:04:39.050Z"""
"c4b74f3e-e4eb-4db8-8d06-d8c5d6be0e36","Pun2Q1fjmrbOtGrK18E7CjqQHQUn92T0","/",,"""2025-12-08T14:19:52.132Z"""
"9b1f6d0a-392a-4796-b8d3-5422e84ce515","QV2gIsmP02ilErgW6QxHs_VNCtxRLjGL","/",,"""2025-12-08T14:23:33.116Z"""
"f66b373f-e7a5-42a5-8026-739fdd1501b2","AVf2DqA7FUSlKKzQh80QmnPF58wwpMPc","/",,"""2025-12-08T14:23:39.478Z"""
"1cabd60b-7044-45fa-a065-33c74ffa2924","t89LFIrUGxRun8JWvtQ08Fcp3m9dwgrt","/",,"""2025-12-08T14:27:42.865Z"""
"dd2fb7c7-e91c-435b-a4e4-c4a5d0bc12c2","L5FMMN-SFktzkJiUza12IELrZP1ST9al","/",,"""2025-12-08T14:29:42.282Z"""
"18b90786-3529-422e-8fb9-58caa43618dc","t1GyJ_SYAFokKvuN9cMf4c1g2bBQQiQZ","/",,"""2025-12-08T14:30:46.670Z"""
"1f8e10fe-5c56-43f2-b0dc-3176aad1d9a8","3IT-nMa7FG5tQbqKsxYS9C47ilnuFrws","/",,"""2025-12-08T15:11:06.222Z"""
"444c97f6-6f97-4f59-a576-55ff03154f7c","jUmrZ_t6zTYg_IMSPEhbnaLxPYFcmrUe","/",,"""2025-12-08T18:42:28.799Z"""
"3bc5fc6b-66f6-4b55-938f-92303939a9c3","priglcDHNyARJlD_9EgagGxl6XnSJJtO","/",,"""2025-12-08T18:48:02.037Z"""
"7699c99f-a444-42d5-b48e-df51f04f52e2","urzzys4xXWjPW2hIEEKTaaLgv1BV7EXE","/",,"""2025-12-08T18:49:36.277Z"""
"185711dd-f64f-4758-a6d6-d3538f5d1772","FtuKJq9HLO5MsJ_aFQWXfjPzS5OYa4yy","/",,"""2025-12-08T18:53:52.324Z"""
"3c17ea62-1b97-4f6e-93ac-0cd77ffc1c69","SQk47jvIIHjM6qRmPYXyhI0oxGlY76bz","/",,"""2025-12-08T19:00:35.568Z"""
"ddc8c30c-28f8-4d58-8a28-de7503f7fc7b","PmvqzI4zS5ay41damhByLgAu86CiovZ2","/",,"""2025-12-08T19:01:07.563Z"""
"6f7f64e3-99a1-4db7-8a75-642caff64404","F56o8rrsupZ5Ran2iXFWUHZkEZcts7-z","/",,"""2025-12-08T19:09:55.810Z"""
"b128c907-6d45-410b-a3e5-639d7118f7c7","57Q599iBkwAEaIyJI14axmY62nEgqOdg","/",,"""2025-12-09T02:47:01.185Z"""
"a5c02aef-b584-48cf-b334-05af6d773465","Y17ARcTMKZj9UpdRGPBIdU9wE5c7QNXw","/",,"""2025-12-09T02:49:19.847Z"""
"8a6826f6-87f3-426f-b87e-6980fdeeab47","GLK4IH82Y2ZsIAxzsDGRTBQBdD2xuMq4","/",,"""2025-12-09T03:05:35.430Z"""
"ceef8892-d225-43e1-9890-e14f8a3f14cd","c2QL8M5dlbcTslb0Ut8rQUlB0mah9glw","/",,"""2025-12-09T07:23:31.290Z"""
"a5df5394-d726-4085-8afd-7711709c767c","iuHNkpCQy6OzX2yt9NsZRnkndhS2qlMj","/",,"""2025-12-09T07:27:51.150Z"""
"e282ed0b-371f-4344-baf6-eb27ad10ef7b","ytlUWYIEyU3stdelk57LlkctrlsUfeJ_","/",,"""2025-12-09T07:37:12.688Z"""
"20439a69-f4dd-4bc0-9d6a-4ab0ddf76281","ijkORCS7w6b_IzqEbdlRrHSi-AwoFscD","/",,"""2025-12-09T07:41:47.788Z"""
"36fbda16-6841-4332-bd62-7962955507bc","3QJRTDcfcQz187BxtfaHcY19D8QvLuOT","/",,"""2025-12-09T08:00:09.919Z"""
"be5dee1f-0689-4a57-be46-210a8de399e8","i3zjZ8mjyCP2noVSKeicm53SmxW68rrz","/",,"""2025-12-09T10:08:40.762Z"""
"09991efa-1b18-4998-a419-ef08baef8582","wY3wMVlBKTOKU9fjNNUy00smchtL2Bkn","/",,"""2025-12-09T10:18:56.163Z"""
"422f8cc3-0ec5-4e30-bedd-46faab7f3eff","LvIHxjizQw0y2qWqw6BVTsYViLNQp3dr","/",,"""2025-12-09T10:18:59.704Z"""
"4da69548-c25e-4de4-883a-f8b62e1d443e","bAgGp7lBpzXuLQcZmlS_V8RGYfHgNpcm","/",,"""2025-12-09T10:21:49.041Z"""
"445e666e-1ea0-4352-a8d9-20ec69b94a96","zxDy52Ibnc7NCFUprpOTUr18AFm-ab9Z","/",,"""2025-12-09T10:22:06.894Z"""
"0d68ec04-9f4b-47b3-89da-2394edd679c8","x_gGQgyAciIm8YQqxeay15da9mlzubwq","/",,"""2025-12-09T10:22:08.081Z"""
"1e0049cb-21d5-4c36-ba4a-f823a0a37f0b","zxDy52Ibnc7NCFUprpOTUr18AFm-ab9Z","/shop?brand=ENGWE",,"""2025-12-09T10:22:24.430Z"""
"59b67464-1049-4be9-9452-2389509de925","zxDy52Ibnc7NCFUprpOTUr18AFm-ab9Z","/product/engwe-ep-2-3-0-boost","a1cc9357-0251-4e7f-b302-dc7f4e6476c3","""2025-12-09T10:22:36.220Z"""
"1f337fbf-c9a9-4730-8d1a-0b0c046baf1a","Xc1JXAlIVr7UzBgMAvvNdBSnf3a4BnYi","/",,"""2025-12-09T10:25:04.163Z"""
"979a159d-807e-4318-af39-1de769818566","Od47PiJmB2uTQcg6O_G_Zj0FIo2bGgV5","/",,"""2025-12-09T10:25:52.723Z"""
"17836d2b-2b9f-4ae8-8135-ef3a893a30b0","OkI6Z0cxpq2aATROUQ7ARXbsfeWVjthN","/",,"""2025-12-09T10:29:41.223Z"""
"f981584e-7ddc-4ad8-bf51-8585cfe2b33a","UDhZg_d2EhxkaUJM8ZzYglZ-1MsHoOrQ","/",,"""2025-12-09T10:29:42.567Z"""
"62d71b24-bad3-4833-b500-2e1cbd4bd407","OkI6Z0cxpq2aATROUQ7ARXbsfeWVjthN","/shop?brand=ENGWE",,"""2025-12-09T10:29:49.802Z"""
"fd15946c-e51e-42ba-9a95-03048783c3e1","lfYPEXPpCs20PKsbILPOn4ZJpUxaqnCN","/",,"""2025-12-09T10:30:07.849Z"""
"554a3471-4f08-4116-a011-9d6f10bd9473","jGlsdnLVm1BifYNJnOQjObByF2Ot_Ycr","/",,"""2025-12-09T10:40:39.587Z"""
"2e801ea0-7565-4db0-b27c-72d6d0ed5572","MMW1v3wt6YHLyP9hH_xR01gF7DOATLF9","/",,"""2025-12-09T10:43:11.971Z"""
"d613e2bd-ec43-4435-8b00-11191ff098b4","V6-8LEU0E-1UBClZvGO_mVufN6ZFm9Im","/",,"""2025-12-09T10:49:03.270Z"""
"4870b29f-2d1f-4bcc-894c-af78e7b3ef7e","ewJ62yOqEVT1923PutO01PjdabTqLoLF","/",,"""2025-12-09T11:03:35.104Z"""
"6ab51dac-e873-4cca-86b3-30b3476098ed","nuGEjBryLJr_KRvKA9EHbPT_O2ikx34J","/",,"""2025-12-09T11:08:35.195Z"""
"1df9ab79-8efc-4ed0-ae84-fc824fc1c34f","JTw1aVkNUeq_xISToLyYqKsoJGUrS5zj","/",,"""2025-12-09T11:11:48.724Z"""
"92e3d682-c825-4253-a770-42ab691bd09b","lgjEu6k8S95ERciF0M0bo7FfPO4vHuBF","/",,"""2025-12-09T11:21:33.632Z"""
"3b94e69f-9b02-43f1-a758-b6e52c47079e","uWQWZXYlvRwWLorpEG-bSb2tcOqHjV6y","/",,"""2025-12-09T11:22:15.946Z"""
"6717dbec-1feb-4a73-be26-bc75b95b50ef","icceuoFTwJfIoM5H3VNkgvrq65SL8VaU","/",,"""2025-12-09T11:24:43.796Z"""
"cef0fa5a-9e40-4d13-af11-a486204a2391","s4Kx8qvY8Ou-fDu9YK_VhjdWDL14DAAy","/",,"""2025-12-09T11:52:00.787Z"""
"656da099-e7a3-4d93-a441-f0917d48d955","N6nAzsnH_IoII-Mi159HXKVKUZaeTO24","/",,"""2025-12-09T11:53:16.377Z"""
"60005a52-870c-4287-b25b-8350edb2466e","N6nAzsnH_IoII-Mi159HXKVKUZaeTO24","/product/engwe-ep-2-3-0-boost","a1cc9357-0251-4e7f-b302-dc7f4e6476c3","""2025-12-09T11:53:20.781Z"""
"5bfb86b2-078a-48ed-b70a-2527da2ae3af","_dyf3U-a6xNsRuZHB2mafUCNYTvIe7EW","/",,"""2025-12-09T12:23:26.391Z"""
"2d462a70-37e8-4592-91d1-9e916d1473fb","PbvblXsfZo8SgEu-3uKbXuLLfjrw6QOt","/",,"""2025-12-09T12:25:39.946Z"""
"f119f451-eeb3-4573-9e15-749bb8a2400c","PbvblXsfZo8SgEu-3uKbXuLLfjrw6QOt","/product/engwe-ep-2-3-0-boost","a1cc9357-0251-4e7f-b302-dc7f4e6476c3","""2025-12-09T12:25:43.761Z"""
"3b3f7a2f-e2cf-4b65-a2d0-f0bda32e8b09","T5lNJXmKVIX6R67vr3-qGfKqfDVimZfE","/",,"""2025-12-09T20:27:13.220Z"""
"90d2d1bf-7497-4ed6-a8d1-09cbc821b1c9","jXqucLfkRQ8mJm7J4x6EMw-Rpi-A8JaR","/",,"""2025-12-09T20:59:07.513Z"""
"9887aee2-daff-4c1c-ba38-c3dcb2202646","OBzpH-l2eAyrSFccsL9kFpa39Bt2WMNH","/",,"""2025-12-09T21:31:42.287Z"""
"81044ea7-fc3e-4ad6-bc15-5058951dad57","guMAbIkUPPKCm6ipCmUa7EGAWaZ9Hpbs","/",,"""2025-12-09T21:31:45.896Z"""
"7b2815ec-3f85-43bc-b872-c16f1b150f94","4Kjngt2aoMAE0o_miW2Qu_NNPkbF0tim","/",,"""2025-12-09T21:34:42.933Z"""
"766c81e6-c443-4284-a07b-16da99445547","4Kjngt2aoMAE0o_miW2Qu_NNPkbF0tim","/shop",,"""2025-12-09T21:34:49.874Z"""
"cfc9c4f5-1ccd-485a-8068-a4d7d5af30ff","4Kjngt2aoMAE0o_miW2Qu_NNPkbF0tim","/",,"""2025-12-09T21:37:00.216Z"""
"eb2adcd5-acd9-4671-b2bc-fc4b5f2d339c","4Kjngt2aoMAE0o_miW2Qu_NNPkbF0tim","/shop",,"""2025-12-09T21:37:06.680Z"""
"0c82b135-70c6-4a09-9d62-03b4346927ac","rgS0pSsx7GtiY7ydG36VR6VM8Ioh1nDe","/",,"""2025-12-09T21:37:32.163Z"""
"c95a4f7d-62c5-429e-b6fe-a5685816b210","rgS0pSsx7GtiY7ydG36VR6VM8Ioh1nDe","/shop",,"""2025-12-09T21:37:37.416Z"""
"e6937467-d073-4c69-9549-639afd24e737","VUQPtIcKlbJw6f00S-gdw1V04Bf_F1VX","/",,"""2025-12-09T21:38:31.215Z"""
"693f3ec7-0a24-458f-8968-56acd62490dc","VUQPtIcKlbJw6f00S-gdw1V04Bf_F1VX","/shop",,"""2025-12-09T21:39:05.634Z"""
"7594656e-459b-426c-b952-77dff4c7d3f6","VUQPtIcKlbJw6f00S-gdw1V04Bf_F1VX","/product/engwe-t14","ad931533-71ec-4192-bbfe-2f640401b177","""2025-12-09T21:39:21.648Z"""
"7afc12ef-bf0b-48f2-a504-951b074d09be","VUQPtIcKlbJw6f00S-gdw1V04Bf_F1VX","/",,"""2025-12-09T21:39:28.945Z"""
"96d8af1b-1c40-47b0-bcf9-c39d27287894","VUQPtIcKlbJw6f00S-gdw1V04Bf_F1VX","/shop",,"""2025-12-09T21:39:32.776Z"""
"eade2f64-f8e2-4344-9a38-a6142309c44b","VUQPtIcKlbJw6f00S-gdw1V04Bf_F1VX","/product/engwe-t14","ad931533-71ec-4192-bbfe-2f640401b177","""2025-12-09T21:39:37.150Z"""
"6891d96d-7c89-4936-baa6-4545904bd1a0","VUQPtIcKlbJw6f00S-gdw1V04Bf_F1VX","/shop",,"""2025-12-09T21:41:19.419Z"""
"c54d2623-b46a-4e33-be36-d3e55e2c29df","VUQPtIcKlbJw6f00S-gdw1V04Bf_F1VX","/shop",,"""2025-12-09T21:41:38.564Z"""
"17d96eda-1cec-47ba-b4a0-9835271af7db","4D-AxW-3W8wqZTR6N9ZxjD2EC3xIr0Pd","/",,"""2025-12-09T22:32:44.360Z"""
"94a36729-3f7f-434f-8796-60df8d3dce0e","Uy8x14PQSldC2jIHb1Z_ktsDk-Yckm2S","/",,"""2025-12-09T22:35:21.631Z"""
"9d36757e-912b-42de-be2c-c7d14a9cc798","YXbQMpe3D4E7V6sGNGH6hhCTn-4zVdAW","/",,"""2025-12-09T22:42:42.481Z"""
"4567b77b-c182-4efd-92b2-8c18a11c02ee","8ljIr_UAzSJQU8zEsrUON_LtqINcuY5Y","/",,"""2025-12-09T22:42:43.206Z"""
"0fce3e53-ba73-4564-bf89-3422191fe65b","f8rIQyucEi3ZOmEn6u6SzKfaIsElKXc3","/",,"""2025-12-09T22:43:59.593Z"""
"18214a65-d7d0-4f00-af8e-3d1da1ca946e","SlwHMs4vtW392U63a63m5MFgnmNNpk34","/",,"""2025-12-09T22:47:40.184Z"""
"4a0752f0-477f-4ff1-bbf1-d80ff78834f3","xu66oChNreoJ6ohtI4_Qc89-fRgbhpSa","/",,"""2025-12-09T22:49:23.869Z"""
"001024a2-59bd-4377-b170-34327f4fb611","xKYTrkCaYHUldDIpyLl8xcksqf0RSv0b","/",,"""2025-12-09T22:56:49.904Z"""
"52a1618b-40e3-4efe-b6f0-d72b4fac7188","BuM4e6qd7SIjgKTZWn-iBv_aU8P-arcg","/",,"""2025-12-09T22:57:55.929Z"""
"b524e009-16e8-42bd-8cb0-30b73a387d67","81CWNeX8B2FJDW0AnOyhf2ECsllw0gRE","/",,"""2025-12-09T22:58:22.202Z"""
"263767bf-dc6f-4066-9f90-1ade15bb684a","Yi_RIcHB7u7sZO4ipwNJhtzqAY4I0vIE","/",,"""2025-12-09T22:58:22.256Z"""
"befcd123-ac58-48b5-8644-3d721a5b17a3","RZan1ijtiWXJ4iCW08xIe1tdL7GQSkIm","/",,"""2025-12-09T23:08:54.548Z"""
"de459cec-7351-4ac2-9a28-51f6bb18c967","_9whPrDTszBCHYHwk_e0nki0VCuelGwX","/",,"""2025-12-09T23:12:35.801Z"""
"3ad7f1ff-1eeb-45ee-9605-761fa43a5d1e","QNG2pN3P_-gQ_g3WChG_yroylYCOrTtr","/",,"""2025-12-09T23:14:37.319Z"""
"94208a30-42b8-48b3-bcc8-5301b714e19b","QxLNyDF4ifSvmohchUZ0hsbvDWNSiOgA","/",,"""2025-12-10T02:37:08.775Z"""
"d496df5f-8c29-4b53-b51f-a4872aa19cf9","e8aVed3tRuaR1zR-4PC5VywTZDilP-H-","/",,"""2025-12-10T02:37:09.793Z"""
"8f346321-0d55-44a3-bed3-92c3db07e5bf","pk3cdQFQIGRILQaACnns5YXRNRD3rq5C","/",,"""2025-12-10T02:37:13.392Z"""
"daf911e1-ed17-4cc3-93c3-f52af4d9c490","pk3cdQFQIGRILQaACnns5YXRNRD3rq5C","/shop?brand=ENGWE",,"""2025-12-10T02:37:22.891Z"""
"aa3ade2e-6e4a-4952-8a82-efc7235d77fd","pk3cdQFQIGRILQaACnns5YXRNRD3rq5C","/product/engwe-engine-x","19a9dd64-b011-44ed-b627-3347d950e1c4","""2025-12-10T02:38:04.564Z"""
"58cc5ee1-6e94-4fd4-9b14-730760713e13","pk3cdQFQIGRILQaACnns5YXRNRD3rq5C","/product/engwe-ep-2-3-0-boost","a1cc9357-0251-4e7f-b302-dc7f4e6476c3","""2025-12-10T02:38:29.841Z"""
"e87bcd92-8076-4cef-9f19-338d9eeafd19","pk3cdQFQIGRILQaACnns5YXRNRD3rq5C","/product/engwe-l20","fe5d310f-8758-42c4-a651-adea08706e9a","""2025-12-10T02:38:57.046Z"""
"3feb856f-ae99-4f88-816a-f500c2ba3adb","pk3cdQFQIGRILQaACnns5YXRNRD3rq5C","/product/engwe-t14","ad931533-71ec-4192-bbfe-2f640401b177","""2025-12-10T02:39:24.495Z"""
"94300d28-241a-4841-905b-e84ebef7c21b","pk3cdQFQIGRILQaACnns5YXRNRD3rq5C","/product/engwe-engine-pro",,"""2025-12-10T02:39:47.332Z"""
"4f49df45-5df3-4f0d-8c34-1e787f7cedd3","aIHq06NPI0cfMtCmVKxyflA-GV614fgm","/",,"""2025-12-10T02:40:07.932Z"""
"584108aa-cfc4-43fa-ae98-d633646e7a4f","4yvsF_LZExBoOursVqZjAugu2ZF6VAXI","/",,"""2025-12-10T03:03:26.196Z"""
"e6b4f730-677d-42fd-999e-e83fea4bd1b7","NPd8zluPiJOETpbvx5_NEfpAQ3bxrU6F","/",,"""2025-12-10T03:03:28.613Z"""
"8c815a16-7a32-4e5d-905a-3127036c313f","P6w0vqjO9CeACV565D3vovRG0U5U2HeU","/",,"""2025-12-10T03:03:48.507Z"""
"458b27cb-5557-46a9-ab61-88bc99733a12","-Xu-dZ25G7PX3NCAb2pvu8OfCznuqdM0","/",,"""2025-12-10T03:05:00.015Z"""
"970f645f-9fe8-49fe-b00a-22abeb2d5c01","iPT3XoYKejn-jas0lWFDt6GBHvwyX4f-","/",,"""2025-12-10T03:05:02.343Z"""
"48aea7be-4eda-4567-a0b4-991616a25704","r9dnHztRPxiHEMtuSbEl_211MA8PNagY","/",,"""2025-12-10T03:05:21.286Z"""
"6345057e-4875-426c-b55e-ccac0bca1d61","HJhDcILn7ZqImftE2xi3wz8hB4iBgxJ8","/",,"""2025-12-10T03:06:53.087Z"""
"a516d1a0-e025-484e-a3f2-ff806175b8b7","HJhDcILn7ZqImftE2xi3wz8hB4iBgxJ8","/product/engwe-engine-x","19a9dd64-b011-44ed-b627-3347d950e1c4","""2025-12-10T03:06:59.369Z"""
"dfde1df3-bbb2-40f1-8c95-3a2e49a44ea6","HJhDcILn7ZqImftE2xi3wz8hB4iBgxJ8","/product/engwe-ep-2-boost","b975671f-5467-46c7-a73b-cbe87e2cd6f7","""2025-12-10T03:07:16.658Z"""
"d94fa7d9-251f-40f9-8cf1-898fa76c6d4f","HJhDcILn7ZqImftE2xi3wz8hB4iBgxJ8","/product/engwe-l20","fe5d310f-8758-42c4-a651-adea08706e9a","""2025-12-10T03:07:40.147Z"""
"68b0f651-20ee-4a96-8b0d-85d152be7d79","HJhDcILn7ZqImftE2xi3wz8hB4iBgxJ8","/product/engwe-t14","ad931533-71ec-4192-bbfe-2f640401b177","""2025-12-10T03:08:04.371Z"""
"69b22012-731c-4f3c-b6ea-82eac7d51892","_0Uiz_4_8e4oPFdSLVT1FIlndnxERh5r","/",,"""2025-12-10T03:08:40.281Z"""
"e4ae7056-0392-408a-a89f-5c994c517194","SMAOZJeLm4Hq8UU1Z2rx4QHumcDxHaHY","/",,"""2025-12-10T07:12:08.550Z"""
"36ab68a8-5487-4b1c-ae62-312bc4dd9d1d","l4ObY99YRHw6LcD8zAzjYVcJu2ZApFb1","/",,"""2025-12-16T22:16:14.111Z"""
"b36d636a-eb80-4a23-ba3a-1da14c7a9628","ZTK7HygpsTf22_8rcls77sWpeI-NaVAZ","/",,"""2026-02-02T12:36:40.140Z"""
"61188c80-69be-43d3-a1b0-2ce65390fe6d","9Z643J9IFNFosw0eU6Zw5JOeIG9cUI88","/",,"""2026-02-02T12:36:48.257Z"""
"a56a6e64-d973-4cfb-926a-026407016be2","pN1s2VwOBBOJmGiv0cThxeN6wQyWunZt","/",,"""2026-02-02T12:37:01.660Z"""
"3bca14ea-73ee-4cfb-a833-aaa1b7382952","UIHLpz9jWIbtCOpurcUfOgrd3b0Yntpb","/",,"""2026-02-02T12:37:01.665Z"""
"fff4fc1e-c04f-40fb-87f4-4c89d20d026e","Tm0uNB8JC_AclKIEmKXTMYyrfHwKkM_o","/",,"""2026-02-02T12:37:02.495Z"""
"423f6044-d3de-4b2e-a8ea-c49e79275b49","pN1s2VwOBBOJmGiv0cThxeN6wQyWunZt","/",,"""2026-02-02T12:38:13.127Z"""
"f069a94d-e574-4c04-912c-a7c3eed301f9","EfZm1J3sUR8u7H_IuoYLmeZdVyfYnadU","/",,"""2026-02-02T12:38:13.694Z"""
"3bd584b1-9f8b-46d2-8b3b-29b3905d2bff","pN1s2VwOBBOJmGiv0cThxeN6wQyWunZt","/",,"""2026-02-02T12:38:44.645Z"""
"5f9e9387-2f50-4e82-b00a-f57fe2178443","EymNoq2OAhlFGeueLp0ip6hJeEW_in61","/",,"""2026-02-02T12:38:44.761Z"""
"4156cd4f-cf86-46c8-b95f-ddcb4bcf3e4c","pN1s2VwOBBOJmGiv0cThxeN6wQyWunZt","/",,"""2026-02-02T12:39:48.627Z"""
"dc12432f-e7e9-4d54-bf42-ffeae41231cd","pN1s2VwOBBOJmGiv0cThxeN6wQyWunZt","/",,"""2026-02-02T12:40:07.305Z"""
"20b8400f-6179-47d8-9402-bcae227d2f28","lLG-hWz7K6PjJevtkHC21M7xBzq9cZ6o","/",,"""2026-02-02T12:40:07.789Z"""
"f0e156c0-3321-4b47-97a3-d302c362b744","pN1s2VwOBBOJmGiv0cThxeN6wQyWunZt","/",,"""2026-02-02T12:41:59.232Z"""
"112c81f6-66e3-4543-aee2-fbc7e9c3a42c","pN1s2VwOBBOJmGiv0cThxeN6wQyWunZt","/",,"""2026-02-02T12:42:55.076Z"""
"9771382e-9815-450a-b13f-6572641eee6b","pN1s2VwOBBOJmGiv0cThxeN6wQyWunZt","/",,"""2026-02-02T12:45:00.296Z"""
"1c1337f4-970e-42eb-a8a7-01dc7ea166ff","XczpPDsjYgXSP1vhqcJDtWnYzvA1MQoc","/",,"""2026-02-02T12:46:03.130Z"""
"1de62a3a-addf-4141-a546-b97f6af0c3db","pN1s2VwOBBOJmGiv0cThxeN6wQyWunZt","/",,"""2026-02-02T12:46:03.155Z"""
"955c14f5-48e3-4321-82e2-061db1b3db83","pN1s2VwOBBOJmGiv0cThxeN6wQyWunZt","/",,"""2026-02-02T12:47:23.137Z"""
"4f276dab-8d89-402f-b0a8-b690f375981e","N08mhA5bTucsoz3r50lBpXtWm_mBr7OZ","/",,"""2026-02-02T12:47:23.867Z"""
"a9cd4754-86e1-467d-9407-0479721225ec","pN1s2VwOBBOJmGiv0cThxeN6wQyWunZt","/",,"""2026-02-02T12:48:20.428Z"""
"45c19669-2268-476e-83c9-4044f479b984","YnQ7tXl68qQPDIS_fsMLl55rJasWnasK","/",,"""2026-02-02T12:48:20.448Z"""
"68976a6d-d46c-423c-ac6f-3144b0fd8618","diHpzqvsWDAm7XHsrusHnGggzAOIT5BI","/",,"""2026-02-02T12:48:45.361Z"""
"b634defd-35f4-4780-9cbe-8f0a95d23935","XKvSLxOerBVN8Bxo4HQ_jWXlHb_C_xnO","/",,"""2026-02-02T12:49:53.913Z"""
"ab85a32c-059c-455d-832d-c10010811827","HfiE2-bGr7SdYGQMBhKk0ccrheK90kud","/",,"""2026-02-02T12:55:55.348Z"""
"f5da8870-79c2-4061-918b-14f6ca2be1e4","HfiE2-bGr7SdYGQMBhKk0ccrheK90kud","/",,"""2026-02-02T13:03:35.074Z"""
"6cb8e529-193a-4bc3-8c97-b856988a950b","6qORsjucKlV5k3zAA_KdNcUjqrt6__wE","/",,"""2026-02-12T12:49:18.304Z"""
"ce891cc6-a3bd-499a-9c49-1aa59e157c1c","ri2dLtAskn1RBafwcEspSB55mI0hB9c9","/",,"""2026-02-12T12:50:12.652Z"""
"1a7ef7e8-ad74-4104-9f74-06b728c95ad0","GrPyA9UCt9vpfCchDPSZvhxF6zYMoROk","/",,"""2026-02-12T12:50:48.592Z"""
"75c0bccc-3328-44fa-8200-2434846ad43d","6imI5l1k1pZZLOxjDBxGYLM0ADYy1oOq","/",,"""2026-02-12T12:50:49.103Z"""
"0fc70f9d-8aa2-4c18-9d7b-7411d3cd4dcb","S7SQRbvyBHRnw5lswhyfbxaeSue6BvqL","/",,"""2026-02-12T12:51:51.165Z"""
"d0291b8b-a9ab-42d1-b8a8-a31ac031a2c6","VhOLNY4thKLRA2i133K1I0wi0Hvmma0d","/",,"""2026-02-12T12:53:10.824Z"""
"687a8c3b-df7e-439e-b343-5174f8d20297","ls0mAaM99fDwT5pYBQHJyWpihobfwHRi","/",,"""2026-02-12T12:53:11.234Z"""
"2d36329b-d486-4d72-a1c0-ac3a52b7d890","TYR6c4k1ro60rUfOBNPZg82ZKmCDvVAK","/",,"""2026-02-12T12:55:03.910Z"""
"e831a411-3f20-44e0-8003-80577b533a69","6qI9K_3N6J2cfVsWuo4UsRTAmwgSE7gq","/",,"""2026-02-12T12:55:04.400Z"""
"adc88ba6-8d4d-4cb8-ab54-012cbbace4eb","TYR6c4k1ro60rUfOBNPZg82ZKmCDvVAK","/",,"""2026-02-12T12:58:36.148Z"""
"309fdb28-66ee-43ec-918f-1af17174fbd9","TYR6c4k1ro60rUfOBNPZg82ZKmCDvVAK","/",,"""2026-02-12T12:58:41.018Z"""
"f6606a9d-77b6-44e5-b5a8-3ad20036ff61","t4ZIT2YIzzY1v_MjaALT_YvPDrtL0cFE","/",,"""2026-02-12T12:58:41.444Z"""
"60c10fc6-29e9-496e-a822-011cb128cdda","TYR6c4k1ro60rUfOBNPZg82ZKmCDvVAK","/",,"""2026-02-12T13:00:26.028Z"""
"77cd4420-dd48-46e1-8a6d-1d5157ec7a78","TYR6c4k1ro60rUfOBNPZg82ZKmCDvVAK","/",,"""2026-02-12T13:01:23.418Z"""
"2587244f-456a-48fb-8c29-cb520864e0a3","eQLalcsu2tTNR5Au0jf3ObxhOE6TR9j7","/",,"""2026-02-12T13:28:14.613Z"""
"175c6902-4904-48e2-b6fe-ac8fee4ca711","TYR6c4k1ro60rUfOBNPZg82ZKmCDvVAK","/",,"""2026-02-12T15:04:23.222Z"""
"f86f6150-7f0b-45de-bf3f-d11bf0568a95","PxIItH1TVhtQ9LCATDBeb5DTuEfr8a-2","/",,"""2026-03-11T05:21:34.998Z"""
"21bc976a-d2c3-4517-8f73-41872a2aa174","t8dO68UwiaoRifJQQFv6vSQqtBFW_pXw","/",,"""2026-03-11T05:22:38.623Z"""
"80ab7808-4001-4f4c-89a6-8b3407843c52","PxIItH1TVhtQ9LCATDBeb5DTuEfr8a-2","/",,"""2026-03-11T05:22:38.626Z"""
"f7dcb0c0-60cb-4568-9781-6b06494d069b","5LgNIA0vwhfkBqyFdpDoLgfJrhpMLo18","/",,"""2026-03-11T05:24:07.394Z"""
"e80b24a5-5ede-4632-93d6-fde8045383d4","c5BHx51QVjogHxEbTwTVl5P3sws2m02k","/",,"""2026-03-11T05:29:03.816Z"""
"24a8ec24-934d-4162-9538-7f89718c09be","uA5Uuq5cNyR8Sl-9XoM8ctIrRVRcHx8V","/",,"""2026-03-11T05:29:03.842Z"""
"8b84a534-65f4-45a4-a3ff-7aa2a715f723","c5BHx51QVjogHxEbTwTVl5P3sws2m02k","/",,"""2026-03-11T05:32:48.837Z"""
"4c1ea75e-9de5-4250-80e1-616cabae228e","fLIyCpeEFurbu7jPD7WIHSHounLi5Ofp","/",,"""2026-03-11T05:34:32.707Z"""
"fdc52aa3-c0d9-43dd-abb0-95ef8f8cf141","7r9VqyxXUHM1PRRB0Etr3qnPYxo9OwrS","/",,"""2026-03-11T05:34:33.277Z"""
"c662e176-ca43-48b0-b34e-3c27c39b4ca2","sMJR3Q2C14oOY54zy50xwR5EL7g2Y9GO","/",,"""2026-03-11T05:35:35.775Z"""
"9858449c-ee3e-4946-b2b8-7e9040dfcf81","HCQOlYicT75sEiwAJyLqtmvLv0BG-sBb","/",,"""2026-03-11T05:35:35.789Z"""
"4fe14784-946d-4ca7-a742-85a95c0b56ae","lT76wsK1odMdQwSCQk9fk7g7QCRQNDoQ","/",,"""2026-03-15T10:03:47.634Z"""
"492122ea-318a-48a8-ad6c-6f1cef9376c3","IkccfQVz8-tBMfyCQa8PKaVA-gLQ-QB4","/",,"""2026-03-15T10:05:18.546Z"""
"64126688-e71e-475a-abf3-c1f630fbd4f3","5dhTGTgC-43JYTXXInhNZ02oYSRLTgJ0","/",,"""2026-03-15T14:31:06.276Z"""
"82cd4c16-ceed-4d88-aeb3-e1d52208a659","gZ65UblWF6Mdnu2NI1_nmfTG1WQcw7Pn","/",,"""2026-03-19T10:17:00.763Z"""
"ce4723b6-fd34-4759-8850-27d437f47b66","B8wmBCPWXX_try5o_o-anS7i6XZoO1LZ","/",,"""2026-03-23T13:19:48.031Z"""
"f7ec9281-a14e-4105-9811-2bf6bfc4846c","WLqIZlBZBcGTQiwOvMD2XcR-RXkhzvK0","/",,"""2026-04-03T09:53:20.827Z"""
"24acc2d2-8d2f-4d27-8e29-da8db42cc7ed","31mnySg4lZkWIzDgeCQYn6efwvWjWSeo","/",,"""2026-04-16T03:54:53.695Z"""
"60a5f6f3-b6a6-43b2-9138-7333fc37c5ae","GZasu8nKti4xvAi-TTjOd3y3sXAjMMuo","/",,"""2026-04-20T04:11:03.823Z"""
"b4820298-7c63-4f8b-8a1b-1b080d43bec4","E4SxatA-uaTpBgwmszOA_a2F7PRkBMVZ","/product/touroll-u1","5584ed28-86c4-4061-b1a4-a751ac0320e0","""2026-04-20T04:14:08.436Z"""
"c24d4f53-942c-49a4-a4e7-e56599f00f78","BGpL8ytrPf4ZrS1eS7dx9UdGNmc5lpoo","/",,"""2026-04-20T04:32:00.416Z"""
"93831647-6190-4ff2-880d-f60d03f8a13d","BGpL8ytrPf4ZrS1eS7dx9UdGNmc5lpoo","/product/touroll-u1","5584ed28-86c4-4061-b1a4-a751ac0320e0","""2026-04-20T04:32:03.012Z"""
"8c0d1b4a-b12b-47a4-80df-d63552f38d7b","BDJOlgWhPFjidYCecoz_bVmCtAiK03j_","/",,"""2026-04-20T05:00:36.201Z"""
"10904976-002e-4304-8d7e-53546734cc71","BDJOlgWhPFjidYCecoz_bVmCtAiK03j_","/",,"""2026-04-20T05:01:51.339Z"""
"fbfa7888-f1da-406b-8b37-2bb69ce34f5a","gARvYqqQwheh3Z2nafipReiECylU0zzs","/",,"""2026-04-20T05:11:59.203Z"""
"fe25846b-fcb8-4d9a-b7b0-9391f84e05be","aibDoYnaWBpHLkVHK9oFjY8bYM3kbXZ5","/",,"""2026-04-20T19:16:27.351Z"""
"05671154-d69e-4646-b297-4f1b9c68ae06","V_iICdjtLLynKK0kZgiWo_lmiTUu-978","/",,"""2026-04-20T19:18:26.854Z"""
"1b28086f-fb45-4d16-a965-21e419f95224","MCw_mqAp4W8pzonrO_VjjP0sVCQ6Qb9z","/",,"""2026-04-20T19:18:33.343Z"""
"828e8b77-1fc3-4090-9282-ae74ae5e5fb1","g8hC7L32OCZ3sZHSrRJuR7bKYtkh_GR0","/",,"""2026-04-20T19:19:59.367Z"""
"ce092507-82de-4a89-986c-9240fe49db32","E_kMRPm_r_GjCt6HkdHNkUJzqQLPLg_m","/",,"""2026-04-20T19:34:42.071Z"""