id,product_id,customer_name,rating,title,comment,verified,created_at
"003158d3-a687-4fce-a0a3-fdeb97430822","2848cc9b-4992-45a8-a8db-b8705ad48558","Jun Suzuki","4","Brilliant for city riding","Frame design is practical. Mounting and dismounting is easy, which matters when stopping frequently in town.","true","""2025-06-17T19:55:21.758Z"""
"6ff65121-96b6-4805-86f8-8cf61b049a3a","2848cc9b-4992-45a8-a8db-b8705ad48558","Emily Morris","5","Love the design","Folding mechanism is brilliant. Takes literally 15 seconds. No fumbling or forcing required - just clicks into place.","true","""2025-09-03T19:55:21.758Z"""
"d1735143-abb8-48d5-9b6b-011421e269b9","2848cc9b-4992-45a8-a8db-b8705ad48558","Diego Fernandez","5","Smooth and powerful","Perfect for my train commute. Folds small enough that it doesn't bother other passengers during rush hour.","true","""2025-09-05T19:55:21.758Z"""
"a96902cf-c416-45e7-9a7c-26350df7a21e","2848cc9b-4992-45a8-a8db-b8705ad48558","Hassan Al-Mansouri","4","Absolutely brilliant purchase","Love the removable battery. I can charge it at my desk whilst at work. So much more convenient than wheeling the whole bike inside.","true","""2025-10-17T19:55:21.758Z"""
"f97b38a9-3940-4008-a1be-01ccb1502e6e","2848cc9b-4992-45a8-a8db-b8705ad48558","Samuel Bennett","4","Happy commuter here","Delivery was impressively quick. Arrived within two days, well packaged. Setup took about 20 minutes following the clear instructions provided.","true","""2025-06-27T19:55:21.758Z"""
"b709a2ed-2842-4bcf-909c-841de23be708","2848cc9b-4992-45a8-a8db-b8705ad48558","Nia Okafor","5","Excellent starter bike","Arrived perfectly adjusted. Brakes, gears, everything worked perfectly straight out of the box. Very impressed with quality control.","false","""2025-10-11T19:55:21.758Z"""
"8bb6b36c-8dcf-4053-9b45-774f034c22a2","2848cc9b-4992-45a8-a8db-b8705ad48558","Tariq Al-Mansouri","2","Couldn't be happier","Charges faster than expected. From empty to full in about 4-5 hours. Perfect to charge overnight.","true","""2025-07-06T19:55:21.758Z"""
"716bb221-788d-4348-bcf0-189cecb87957","2848cc9b-4992-45a8-a8db-b8705ad48558","Evan Lloyd","5","Excellent build quality","The hinges feel solid with no play. Despite folding, it rides like a regular bike - no flex or wobble whatsoever.","true","""2025-11-18T19:55:21.758Z"""
"181f346d-a53b-4db3-a6f2-31bb5fa912a1","2848cc9b-4992-45a8-a8db-b8705ad48558","Aryan Rao","5","Exceeded all expectations","Eco mode extends the range impressively. Easily get 50+ miles if you're not rushing. Perfect for weekend rides.","true","""2025-06-11T19:55:21.758Z"""
"2cacbb28-c33c-4f64-87d1-429367a4f46c","2848cc9b-4992-45a8-a8db-b8705ad48558","Liam MacLeod","5","Comfortable ride","Folding mechanism is brilliant. Takes literally 15 seconds. No fumbling or forcing required - just clicks into place.","true","""2025-08-04T19:55:21.758Z"""
"3add5a06-f75b-4227-8467-feab934ff3a3","2848cc9b-4992-45a8-a8db-b8705ad48558","Luis Martinez","5","Smooth and powerful","The bell is louder than expected - in a good way! Pedestrians actually hear it first time.","true","""2025-06-20T19:55:21.758Z"""
"ba3621c2-3ad9-4803-ad27-e2bb1ac6d0ab","2848cc9b-4992-45a8-a8db-b8705ad48558","Valentina Fernandez","5","Just what I needed","The motor provides smooth, natural assistance. You barely notice it working but hills that used to exhaust me are now effortless.","true","""2025-10-23T19:55:21.758Z"""
"f896de05-fb96-438b-9813-40234f6272cf","2848cc9b-4992-45a8-a8db-b8705ad48558","Miguel Morales","5","Excellent build quality","No buyer's remorse whatsoever. This is everything I hoped it would be and more. Absolutely delighted.","true","""2025-06-09T19:55:21.758Z"""
"9783d58b-e741-46ba-9c54-ce2c41fec799","2848cc9b-4992-45a8-a8db-b8705ad48558","Evan Edwards","5","Battery life is amazing","The weight is well-balanced. Easy to manoeuvre despite being heavier than a standard bike. Handles beautifully.","true","""2025-09-25T19:55:21.758Z"""
"f584b1c1-f6e0-4c56-8086-867d5bf54e2d","2848cc9b-4992-45a8-a8db-b8705ad48558","Aarav Shah","5","Love everything about it","Arrived perfectly adjusted. Brakes, gears, everything worked perfectly straight out of the box. Very impressed with quality control.","false","""2025-10-19T19:55:21.758Z"""
"b71159e3-1d78-4918-a899-ed8e1b5dd342","2848cc9b-4992-45a8-a8db-b8705ad48558","Ffion Owen","5","Excellent starter bike","Love the removable battery. I can charge it at my desk whilst at work. So much more convenient than wheeling the whole bike inside.","true","""2025-07-28T19:55:21.758Z"""
"e332f870-2d22-4273-b410-161646ba6009","2848cc9b-4992-45a8-a8db-b8705ad48558","Skye Ferguson","5","Folds up nicely","The hinges feel solid with no play. Despite folding, it rides like a regular bike - no flex or wobble whatsoever.","true","""2025-08-25T19:55:21.759Z"""
"2b453fc1-8b22-4803-b4db-7526a220a508","2848cc9b-4992-45a8-a8db-b8705ad48558","Nia Mwangi","3","Perfect commuter bike","Can fit in the boot of my hatchback easily. Opens up possibilities for weekend rides in the countryside.","false","""2025-11-13T19:55:21.759Z"""
"dd94fab2-c95b-449f-9d8a-a71b31100104","2848cc9b-4992-45a8-a8db-b8705ad48558","Carys Edwards","5","Superb engineering","I was hesitant about the price initially, but this has saved me hundreds in fuel costs already. Best decision I've made this year.","true","""2025-08-16T19:55:21.759Z"""
"354bf973-2ee0-4b93-8eef-92e930192f2a","2848cc9b-4992-45a8-a8db-b8705ad48558","Bethan Edwards","2","Exceeded all expectations","Can fit in the boot of my hatchback easily. Opens up possibilities for weekend rides in the countryside.","true","""2025-10-01T19:55:21.759Z"""
"83bf03b4-5ec3-41d6-a58e-b078dea5fba5","2848cc9b-4992-45a8-a8db-b8705ad48558","Molly Anderson","4","Really pleased","Puncture-resistant tyres have lived up to the name. Several months of daily use, zero flats. Impressive.","true","""2025-07-26T19:55:21.759Z"""
"e1e98d00-3f0a-4b97-a6dd-7e372feef012","2848cc9b-4992-45a8-a8db-b8705ad48558","Mia Richardson","4","Top-notch product","Love the removable battery. I can charge it at my desk whilst at work. So much more convenient than wheeling the whole bike inside.","true","""2025-11-02T19:55:21.759Z"""
"f5e16b4e-304e-4708-856a-328eb0ca8d44","2848cc9b-4992-45a8-a8db-b8705ad48558","Evan Price","5","Highly recommend","Saddle is surprisingly comfortable. I've done 30-mile rides without any discomfort. Gear shifting is smooth and precise too.","true","""2025-05-31T19:55:21.759Z"""
"8879bac9-7d89-4247-9ac7-4c5f5a41c22c","2848cc9b-4992-45a8-a8db-b8705ad48558","Evie Clark","5","Easy to use","Frame design is practical. Mounting and dismounting is easy, which matters when stopping frequently in town.","true","""2025-08-06T19:55:21.759Z"""
"4f64219e-2890-4f83-9e2b-6a8363f85735","2848cc9b-4992-45a8-a8db-b8705ad48558","Isha Sharma","5","Worth every penny","This has genuinely changed my lifestyle. Haven't driven to work in two months. Saving money and getting fitter simultaneously.","true","""2025-08-14T19:55:21.759Z"""
"c4209818-f90d-4623-8365-47e7583e074a","2848cc9b-4992-45a8-a8db-b8705ad48558","Conor Byrne","3","Excellent build quality","Suspension works brilliantly. Absorbs bumps effectively without feeling bouncy. Much more comfortable than my old rigid bike.","true","""2025-11-23T19:55:21.759Z"""
"533cab89-b502-46ca-8632-82f38898e9e0","2848cc9b-4992-45a8-a8db-b8705ad48558","Elena Ivanova","1","Superb engineering","I was hesitant about the price initially, but this has saved me hundreds in fuel costs already. Best decision I've made this year.","true","""2025-10-13T19:55:21.759Z"""
"089997e9-e9c6-4db3-ad31-f5c50f681b30","2848cc9b-4992-45a8-a8db-b8705ad48558","Keira Murray","4","Worth every penny","Perfect for my hilly commute. What used to take 45 minutes of sweaty pedalling now takes 25 minutes and I arrive fresh.","true","""2025-06-27T19:55:21.759Z"""
"d23f15ee-5ba5-40c8-b7f6-94b83d70d057","2848cc9b-4992-45a8-a8db-b8705ad48558","Tao Chen","5","Just what I needed","Can fit in the boot of my hatchback easily. Opens up possibilities for weekend rides in the countryside.","false","""2025-08-04T19:55:21.759Z"""
"bb371825-3d16-4f61-868e-7db498871605","2848cc9b-4992-45a8-a8db-b8705ad48558","Sofia Ramirez","3","Fantastic quality","The build quality is exceptional. Everything feels solid and well-engineered. I've been using it daily for three months now and it still performs like new.","false","""2025-09-07T19:55:21.759Z"""
"2f224d27-d2be-4caa-9395-371c3a81bad0","2848cc9b-4992-45a8-a8db-b8705ad48558","Miguel Fernandez","1","Good for longer rides","Stores under my desk at work. Saves paying for cycle parking and keeps it safe. Unfolding is just as quick.","true","""2025-07-11T19:55:21.759Z"""
"ce32c54e-55df-48c6-b50a-0a403258a731","2848cc9b-4992-45a8-a8db-b8705ad48558","Ola Balogun","4","Fantastic range","Love that I can use it as a regular bike when I want exercise, or with assistance when I'm tired. Versatility is brilliant.","true","""2025-08-17T19:55:21.759Z"""
"b18affab-d9b6-4e61-bea8-7bc176f1b4dd","2848cc9b-4992-45a8-a8db-b8705ad48558","Chloe Watson","2","Quality exceeds the price","Eco mode extends the range impressively. Easily get 50+ miles if you're not rushing. Perfect for weekend rides.","false","""2025-08-05T19:55:21.759Z"""
"13c3dd52-a712-4d37-a608-a6f13333b321","2848cc9b-4992-45a8-a8db-b8705ad48558","Viktor Volkov","5","Great for hills","Frame design is practical. Mounting and dismounting is easy, which matters when stopping frequently in town.","true","""2025-10-14T19:55:21.759Z"""
"2eccb2f3-72ca-4d33-b992-5c1eadde58e9","2848cc9b-4992-45a8-a8db-b8705ad48558","Kwesi Nwosu","5","Fantastic quality","The rear rack is solid and takes panniers perfectly. Can carry a week's shopping without any wobble.","true","""2025-06-09T19:55:21.759Z"""
"0e4e65a5-dcde-49c1-bef6-9c62ed89e719","2848cc9b-4992-45a8-a8db-b8705ad48558","Niamh Kelly","3","Quality exceeds the price","Stores under my desk at work. Saves paying for cycle parking and keeps it safe. Unfolding is just as quick.","true","""2025-08-14T19:55:21.759Z"""
"1b0cf3fd-376a-4c53-adee-09f8e89cc2d3","2848cc9b-4992-45a8-a8db-b8705ad48558","Nia Okoro","5","Motor is very quiet","The range is no exaggeration. Did a 45-mile ride last weekend and still had battery left. Perfect for longer adventures.","true","""2025-07-29T19:55:21.759Z"""
"ac3646e4-e512-4e06-bda3-89a2256d2aaa","2848cc9b-4992-45a8-a8db-b8705ad48558","Megan Evans","5","Solid and reliable","This has genuinely changed my lifestyle. Haven't driven to work in two months. Saving money and getting fitter simultaneously.","true","""2025-07-30T19:55:21.759Z"""
"47a4794d-5610-441a-8aa4-1a00954ca523","2848cc9b-4992-45a8-a8db-b8705ad48558","Hassan Aziz","4","Battery life is amazing","Surprisingly quiet motor. My old Electric bike sounded like a lawnmower. This one is almost silent - very refined.","true","""2025-07-17T19:55:21.759Z"""
"b604db76-2fad-4f1b-bfa1-cacafde679bc","2848cc9b-4992-45a8-a8db-b8705ad48558","Rohan Khan","3","Responsive and smooth","Can fit in the boot of my hatchback easily. Opens up possibilities for weekend rides in the countryside.","true","""2025-05-31T19:55:21.759Z"""
"0a79cf3a-5fe4-451d-8e20-b70bb764a794","2848cc9b-4992-45a8-a8db-b8705ad48558","Khalid Hamdan","5","Happy commuter here","Exactly as described on the website. No nasty surprises. What you see is what you get, which is refreshing.","true","""2025-08-16T19:55:21.759Z"""
"2c84e38b-ccb3-4b19-93aa-065c54cbef10","2848cc9b-4992-45a8-a8db-b8705ad48558","James Ward","4","Quality exceeds the price","Charges faster than expected. From empty to full in about 4-5 hours. Perfect to charge overnight.","true","""2025-10-07T19:55:21.759Z"""
"844e6673-389d-4d9f-a972-7e8168771f8d","2848cc9b-4992-45a8-a8db-b8705ad48558","Isha Malik","4","Just what I needed","Brakes require minimal finger pressure. Very responsive without being grabby. Excellent modulation.","true","""2025-06-05T19:55:21.759Z"""
"1b0abf23-718b-4104-91ae-1bf10fecfe82","2848cc9b-4992-45a8-a8db-b8705ad48558","Yasmin Farouk","4","Solid and reliable","Love the removable battery. I can charge it at my desk whilst at work. So much more convenient than wheeling the whole bike inside.","true","""2025-06-14T19:55:21.759Z"""
"204aa572-9473-422b-87cd-2bd90b0c8e10","2848cc9b-4992-45a8-a8db-b8705ad48558","Noor Nassar","5","Love everything about it","The hinges feel solid with no play. Despite folding, it rides like a regular bike - no flex or wobble whatsoever.","true","""2025-06-08T19:55:21.759Z"""
"bbe7068b-7490-443a-b982-49441f171073","2848cc9b-4992-45a8-a8db-b8705ad48558","Liam O'Donnell","4","Good for longer rides","This has opened up so many new routes. Places that were too far or too hilly are now easily accessible. Loving the freedom.","true","""2025-06-23T19:55:21.759Z"""
"d3679073-f636-4157-981c-47af9fb8b28e","2848cc9b-4992-45a8-a8db-b8705ad48558","Miguel Garcia","5","Absolutely brilliant purchase","Delivery was impressively quick. Arrived within two days, well packaged. Setup took about 20 minutes following the clear instructions provided.","true","""2025-07-29T19:55:21.759Z"""
"527b0625-c5ad-4057-89b3-113be62d9737","2848cc9b-4992-45a8-a8db-b8705ad48558","Amina Nassar","5","Better than expected","Customer service deserves special mention. Had a question about maintenance and received a detailed response within hours.","true","""2025-07-11T19:55:21.759Z"""
"353fc0ea-63a0-4a9f-97f4-d8ad592df8df","2848cc9b-4992-45a8-a8db-b8705ad48558","Evie Brooks","5","Battery life is amazing","This has paid for itself already in saved train fares. The financial case is compelling even before health benefits.","true","""2025-06-03T19:55:21.759Z"""
"10f61951-1499-40e6-bc25-7b547ccf86f9","2848cc9b-4992-45a8-a8db-b8705ad48558","Diya Desai","3","Love the design","The motor provides smooth, natural assistance. You barely notice it working but hills that used to exhaust me are now effortless.","true","""2025-10-09T19:55:21.759Z"""
"5e7896ff-1a95-490a-9f27-bf862a5f7be4","2848cc9b-4992-45a8-a8db-b8705ad48558","Sofia Silva","5","Perfect for daily use","Perfect for my train commute. Folds small enough that it doesn't bother other passengers during rush hour.","true","""2025-06-14T19:55:21.759Z"""
"b641427d-7b9c-46fd-bf32-58988da70081","2848cc9b-4992-45a8-a8db-b8705ad48558","Priya Shah","5","Fantastic range","Perfect for my train commute. Folds small enough that it doesn't bother other passengers during rush hour.","true","""2025-09-01T19:55:21.759Z"""
"eec4df76-2023-4837-ac9e-1eb89250603e","2848cc9b-4992-45a8-a8db-b8705ad48558","Amara Kamau","5","Perfect for daily use","I'm 6'2"" and it fits me comfortably with room to adjust. My partner is 5'4"" and can also ride it comfortably. Very adjustable.","true","""2025-11-16T19:55:21.759Z"""
"761ee58a-5e55-4a7c-a026-34dfca5d402a","2848cc9b-4992-45a8-a8db-b8705ad48558","Roisin O'Brien","5","Responsive and smooth","Delivery was impressively quick. Arrived within two days, well packaged. Setup took about 20 minutes following the clear instructions provided.","false","""2025-07-31T19:55:21.759Z"""
"79662384-80dc-44f0-9595-09c4cf2e6d4d","2848cc9b-4992-45a8-a8db-b8705ad48558","Hana Wang","5","Game-changer for my commute","Stores under my desk at work. Saves paying for cycle parking and keeps it safe. Unfolding is just as quick.","true","""2025-11-04T19:55:21.759Z"""
"b744faef-c2ae-468e-bee0-757cec4f3c73","2848cc9b-4992-45a8-a8db-b8705ad48558","Molly Taylor","5","Impressive performance","I was hesitant about the price initially, but this has saved me hundreds in fuel costs already. Best decision I've made this year.","true","""2025-08-27T19:55:21.759Z"""
"192f363d-e40d-472f-81f9-32f9265a7d88","2848cc9b-4992-45a8-a8db-b8705ad48558","Carlos Garcia","5","Worth every penny","The folding mechanism is genius. Folds down in seconds and fits easily in my car boot or under my desk at work.","true","""2025-09-10T19:55:21.759Z"""
"57cdf800-af2a-4781-98d6-b34c8baf108e","2848cc9b-4992-45a8-a8db-b8705ad48558","James Martin","5","Solid and reliable","The craftsmanship is evident. Welds are neat, paint is flawless. This is a bike built to last.","true","""2025-07-29T19:55:21.759Z"""
"b032ee9d-e8a9-4aeb-bfaf-8b844340c9db","2848cc9b-4992-45a8-a8db-b8705ad48558","Dylan Owen","5","Easy to use","Wheels are strong and true. Haven't needed any adjustment despite some rough cycle paths and potholes.","true","""2025-07-02T19:55:21.759Z"""
"5fe16173-22db-40f8-9ee7-9f51afd1375d","2848cc9b-4992-45a8-a8db-b8705ad48558","Layla Shah","5","Better than expected","The rear rack is solid and takes panniers perfectly. Can carry a week's shopping without any wobble.","true","""2025-11-05T19:55:21.759Z"""
"3893d330-7628-4edc-b219-9ea1d5dd2fb1","2848cc9b-4992-45a8-a8db-b8705ad48558","Kenji Liu","4","Happy commuter here","Customer service deserves special mention. Had a question about maintenance and received a detailed response within hours.","true","""2025-05-28T19:55:21.759Z"""
"84a52e9b-0fca-4c72-9e18-ca8832e3c872","2848cc9b-4992-45a8-a8db-b8705ad48558","Yuki Chen","3","Battery life is amazing","After six months of daily use, I have zero complaints. No mechanical issues whatsoever. Just regular maintenance needed.","true","""2025-08-07T19:55:21.759Z"""
"2fe2f75a-fc65-4089-a0f9-c2e8f319f35d","2848cc9b-4992-45a8-a8db-b8705ad48558","Noor Hamdan","3","Brilliant for city riding","Can fit in the boot of my hatchback easily. Opens up possibilities for weekend rides in the countryside.","true","""2025-07-14T19:55:21.759Z"""
"11e71ce6-ec84-46cd-8ad9-c4a30935307d","2848cc9b-4992-45a8-a8db-b8705ad48558","Noor Aziz","5","Motor is very quiet","Can fit in the boot of my hatchback easily. Opens up possibilities for weekend rides in the countryside.","true","""2025-08-01T19:55:21.759Z"""
"5073c60b-bb30-422e-b32d-3a1a5bab53d5","2848cc9b-4992-45a8-a8db-b8705ad48558","Tunde Kamau","3","Superb engineering","Exactly as described on the website. No nasty surprises. What you see is what you get, which is refreshing.","false","""2025-08-17T19:55:21.759Z"""
"e154cde8-cfb8-4b1d-83fd-f44ac94d8281","2848cc9b-4992-45a8-a8db-b8705ad48558","Ola Okafor","4","Fantastic range","Perfect for my train commute. Folds small enough that it doesn't bother other passengers during rush hour.","true","""2025-06-18T19:55:21.759Z"""
"d24f850a-4c71-4af3-9de3-825aca07dd41","2848cc9b-4992-45a8-a8db-b8705ad48558","Dimitri Ivanova","5","Folds up nicely","Stores under my desk at work. Saves paying for cycle parking and keeps it safe. Unfolding is just as quick.","false","""2025-07-20T19:55:21.759Z"""
"f06b6bc3-65ce-493c-ba56-53df92813a10","2848cc9b-4992-45a8-a8db-b8705ad48558","Lily Phillips","5","Very impressed","This has opened up so many new routes. Places that were too far or too hilly are now easily accessible. Loving the freedom.","true","""2025-06-13T19:55:21.759Z"""
"5b9e4125-77a5-4145-9203-e09664b3d968","2848cc9b-4992-45a8-a8db-b8705ad48558","Erin MacDonald","5","Absolutely brilliant purchase","The hinges feel solid with no play. Despite folding, it rides like a regular bike - no flex or wobble whatsoever.","true","""2025-08-12T19:55:21.759Z"""
"0cdd9578-427e-45a4-9c55-32805b056ec3","2848cc9b-4992-45a8-a8db-b8705ad48558","Chinwe Mensah","5","Impressive performance","Love that I can use it as a regular bike when I want exercise, or with assistance when I'm tired. Versatility is brilliant.","true","""2025-06-18T19:55:21.759Z"""
"6bbce5ae-3750-4556-a311-b0040f58326b","2848cc9b-4992-45a8-a8db-b8705ad48558","Rohan Rao","1","Comfortable ride","Folding mechanism is brilliant. Takes literally 15 seconds. No fumbling or forcing required - just clicks into place.","true","""2025-07-27T19:55:21.759Z"""
"e56a8d2b-f8d2-4e52-8cbc-f4aede0a88a9","2848cc9b-4992-45a8-a8db-b8705ad48558","Sean Kelly","5","Brilliant for city riding","Exactly as described on the website. No nasty surprises. What you see is what you get, which is refreshing.","true","""2025-07-08T19:55:21.759Z"""
"c10d1c16-6530-456d-96a2-db7a156f50a6","2848cc9b-4992-45a8-a8db-b8705ad48558","Tunde Adeyemi","5","Fantastic range","Gears shift smoothly under power. Some cheaper bikes require you to stop pedalling - not this one. Very convenient.","true","""2025-10-30T19:55:21.759Z"""
"7ac4db18-76b2-4758-bc46-f60d1dad3395","2848cc9b-4992-45a8-a8db-b8705ad48558","Diego Martinez","5","Very impressed","This has genuinely changed my lifestyle. Haven't driven to work in two months. Saving money and getting fitter simultaneously.","true","""2025-06-30T19:55:21.759Z"""
"a78ab93f-4279-4a27-8d33-464cde60effe","2848cc9b-4992-45a8-a8db-b8705ad48558","Pavel Nowak","5","Game-changer for my commute","Stores under my desk at work. Saves paying for cycle parking and keeps it safe. Unfolding is just as quick.","true","""2025-09-28T19:55:21.759Z"""
"65fdd768-b530-4659-b9b9-f24eced2adfb","2848cc9b-4992-45a8-a8db-b8705ad48558","Jakub Horvath","5","Smooth and powerful","Assembly was straightforward. Clear instructions and all necessary tools included. Was ready to ride in under half an hour.","true","""2025-06-02T19:55:21.759Z"""
"5135ca3e-1845-4034-9ad5-7df9287d80f7","2848cc9b-4992-45a8-a8db-b8705ad48558","Pavel Novak","1","Fantastic quality","Folding mechanism is brilliant. Takes literally 15 seconds. No fumbling or forcing required - just clicks into place.","true","""2025-11-23T19:55:21.759Z"""
"e1f34409-e16f-4e44-ab53-14398ed8a0d5","2848cc9b-4992-45a8-a8db-b8705ad48558","Rashid Hamdan","5","Perfect for daily use","Arrived perfectly adjusted. Brakes, gears, everything worked perfectly straight out of the box. Very impressed with quality control.","true","""2025-11-05T19:55:21.759Z"""
"8ba33009-00fc-4fde-a0d7-9b819a01b5ae","2848cc9b-4992-45a8-a8db-b8705ad48558","Aisha Desai","5","Very impressed","Surprisingly agile despite the weight. Easy to navigate through tight spaces and park conveniently.","true","""2025-08-08T19:55:21.759Z"""
"c030e66a-1ef5-4ca7-abed-44a3220a23ac","2848cc9b-4992-45a8-a8db-b8705ad48558","Ella Wright","4","Absolutely brilliant purchase","This has genuinely changed my lifestyle. Haven't driven to work in two months. Saving money and getting fitter simultaneously.","true","""2025-10-19T19:55:21.759Z"""
"bb5a2b65-cf20-49d8-a38c-728c28ec856a","2848cc9b-4992-45a8-a8db-b8705ad48558","Rhys Griffiths","5","Impressive performance","Delivery was impressively quick. Arrived within two days, well packaged. Setup took about 20 minutes following the clear instructions provided.","true","""2025-11-05T19:55:21.759Z"""
"0566bc1a-54d9-4f50-8588-d7332985e84c","2848cc9b-4992-45a8-a8db-b8705ad48558","Cerys Edwards","4","Comfortable ride","Stores under my desk at work. Saves paying for cycle parking and keeps it safe. Unfolding is just as quick.","true","""2025-08-01T19:55:21.759Z"""
"ee640afb-a885-4b70-a37d-ec5b891ffda3","2848cc9b-4992-45a8-a8db-b8705ad48558","Orla Kennedy","5","Fantastic range","Customer support answered all my pre-purchase questions promptly. Made the buying decision much easier.","true","""2025-10-05T19:55:21.759Z"""
"900de6ef-1464-4059-b088-2a6a7e2a9dd2","2848cc9b-4992-45a8-a8db-b8705ad48558","Kwame Kamau","5","Good for longer rides","The build quality is exceptional. Everything feels solid and well-engineered. I've been using it daily for three months now and it still performs like new.","true","""2025-07-16T19:55:21.759Z"""
"2cb923dd-88e6-45c7-97c4-bf3e2a27f9df","2848cc9b-4992-45a8-a8db-b8705ad48558","Amara Ogunleye","5","Responsive and smooth","This has paid for itself already in saved train fares. The financial case is compelling even before health benefits.","true","""2025-09-07T19:55:21.759Z"""
"ef41c98d-f75a-4a0d-b2f6-ccdcc3c5e267","2848cc9b-4992-45a8-a8db-b8705ad48558","Roisin Flynn","5","Feels very sturdy","Braking performance is excellent. Stops quickly and confidently even in wet conditions. Feel very safe riding in traffic.","true","""2025-11-12T19:55:21.759Z"""
"325a150b-e41a-4090-864a-8a226e5cbce4","2848cc9b-4992-45a8-a8db-b8705ad48558","Erin Campbell","5","Folds up nicely","This has opened up so many new routes. Places that were too far or too hilly are now easily accessible. Loving the freedom.","true","""2025-08-01T19:55:21.759Z"""
"453ee8c3-32da-47c1-ba7d-2223d50f5b07","2848cc9b-4992-45a8-a8db-b8705ad48558","Aoife Kelly","4","Exceeded all expectations","Gears shift smoothly under power. Some cheaper bikes require you to stop pedalling - not this one. Very convenient.","true","""2025-08-23T19:55:21.759Z"""
"8846aa0b-a7ac-4fe7-8e90-6d78ee3ddd7e","2848cc9b-4992-45a8-a8db-b8705ad48558","Carlos Silva","5","Worth every penny","Wheels are strong and true. Haven't needed any adjustment despite some rough cycle paths and potholes.","true","""2025-09-15T19:55:21.759Z"""
"4d04e261-7633-4702-b86e-b16095e02239","2848cc9b-4992-45a8-a8db-b8705ad48558","Kabir Gupta","5","Couldn't be happier","Battery life has been fantastic. I do a 12-mile round trip daily and only charge twice a week. The range indicator is very accurate too.","true","""2025-10-15T19:55:21.759Z"""
"e97aae11-bea6-47dd-9336-dd30b36efeaf","2848cc9b-4992-45a8-a8db-b8705ad48558","Daniel Price","5","Better than expected","My colleagues have been asking about it constantly. Two have already bought one based on my recommendation.","true","""2025-11-20T19:55:21.759Z"""
"26359e71-8ebd-494f-9e7a-c4a75e26f5a5","2848cc9b-4992-45a8-a8db-b8705ad48558","Bethan Griffiths","5","Happy commuter here","Customer support answered all my pre-purchase questions promptly. Made the buying decision much easier.","true","""2025-07-07T19:55:21.759Z"""
"6ff9ffc5-df69-4a22-bcb7-695c37fcf0f2","2848cc9b-4992-45a8-a8db-b8705ad48558","Min-Jun Lee","4","Motor is very quiet","Wheels are strong and true. Haven't needed any adjustment despite some rough cycle paths and potholes.","true","""2025-06-17T19:55:21.759Z"""
"243c3306-ba70-4135-8f0a-9ad4f4539707","2848cc9b-4992-45a8-a8db-b8705ad48558","Priya Rao","5","Top-notch product","Perfect for my train commute. Folds small enough that it doesn't bother other passengers during rush hour.","true","""2025-11-17T19:55:21.759Z"""
"21ac1bd9-b574-438c-92f6-a06f991e9a67","2848cc9b-4992-45a8-a8db-b8705ad48558","Luis Fernandez","5","Excellent starter bike","Rain hasn't been an issue. Everything is well-sealed and continues working perfectly. Confidence-inspiring in all weather.","true","""2025-08-30T19:55:21.759Z"""
"ca702b9b-f78b-4953-858a-3d3acebefdb8","2848cc9b-4992-45a8-a8db-b8705ad48558","Aryan Reddy","5","Love the design","After six months of daily use, I have zero complaints. No mechanical issues whatsoever. Just regular maintenance needed.","true","""2025-07-23T19:55:21.759Z"""
"cc1940be-c3df-4d5e-8442-37353ad7b965","2848cc9b-4992-45a8-a8db-b8705ad48558","Ananya Gupta","5","Best investment I've made","Charges faster than expected. From empty to full in about 4-5 hours. Perfect to charge overnight.","true","""2025-09-30T19:55:21.759Z"""
"a33dcf78-390f-45d9-a710-ecdf08631ea9","2848cc9b-4992-45a8-a8db-b8705ad48558","Maisie MacDonald","4","Love the design","The hinges feel solid with no play. Despite folding, it rides like a regular bike - no flex or wobble whatsoever.","true","""2025-10-13T19:55:21.759Z"""
"d80ca4a3-36f9-4cc3-ad4a-79d0244102bc","2848cc9b-4992-45a8-a8db-b8705ad48558","Saoirse Kelly","5","Perfect size","Build quality exceeded expectations at this price point. No cheap plastics or wobbly parts. Everything feels premium.","true","""2025-08-24T19:55:21.759Z"""
"d35a029e-07ed-4f97-b9fc-d55d9e11eab8","2848cc9b-4992-45a8-a8db-b8705ad48558","Olivia Baker","5","Great customer service","The integrated lights look sleek and work brilliantly. No fumbling with removable lights anymore.","false","""2025-07-06T19:55:21.759Z"""
"8cff3a77-d550-42db-84be-7d33eb25f0c8","2848cc9b-4992-45a8-a8db-b8705ad48558","Evan Hughes","5","Very impressed","Kickstand is sturdy and reliable. Bike stays upright on any surface. Simple but essential feature that works perfectly.","true","""2025-07-30T19:55:21.759Z"""
"b1ae4575-1984-4bdd-9311-bab02acdace6","2848cc9b-4992-45a8-a8db-b8705ad48558","Mihai Petrescu","5","Outstanding value","No buyer's remorse whatsoever. This is everything I hoped it would be and more. Absolutely delighted.","true","""2025-09-08T19:55:21.759Z"""
"2de6fc67-84b5-4ed2-9bd5-53f24d8ca830","2848cc9b-4992-45a8-a8db-b8705ad48558","Logan MacKenzie","5","Excellent build quality","The motor provides smooth, natural assistance. You barely notice it working but hills that used to exhaust me are now effortless.","true","""2025-09-25T19:55:21.759Z"""
"222e4f07-4516-471f-a149-45ab2c93f03f","2848cc9b-4992-45a8-a8db-b8705ad48558","Ana Ivanova","4","Fantastic range","Can fit in the boot of my hatchback easily. Opens up possibilities for weekend rides in the countryside.","true","""2025-09-04T19:55:21.759Z"""
"b579ab15-bbb1-4bca-b2a5-c281f8776249","2848cc9b-4992-45a8-a8db-b8705ad48558","Leila Aziz","5","Easy to use","Delivery was impressively quick. Arrived within two days, well packaged. Setup took about 20 minutes following the clear instructions provided.","false","""2025-08-31T19:55:21.759Z"""
"a502cb9b-8333-4e49-aa69-154788627860","2848cc9b-4992-45a8-a8db-b8705ad48558","Petra Kuznetsov","5","Perfect for daily use","Love the removable battery. I can charge it at my desk whilst at work. So much more convenient than wheeling the whole bike inside.","true","""2025-06-10T19:55:21.759Z"""
"1a956abe-6adf-44a6-9717-0ad9e26fd54d","2848cc9b-4992-45a8-a8db-b8705ad48558","Maria Morales","5","Top-notch product","Build quality exceeded expectations at this price point. No cheap plastics or wobbly parts. Everything feels premium.","true","""2025-07-28T19:55:21.759Z"""
"e464f459-bfa3-4997-a729-3e6aa6a45126","2848cc9b-4992-45a8-a8db-b8705ad48558","Chen Suzuki","5","Love everything about it","The rear rack is solid and takes panniers perfectly. Can carry a week's shopping without any wobble.","true","""2025-07-26T19:55:21.759Z"""
"8b1d1d63-370b-456c-a14f-ca88fac92d6b","2848cc9b-4992-45a8-a8db-b8705ad48558","Declan Murphy","3","Best investment I've made","The rear rack is solid and takes panniers perfectly. Can carry a week's shopping without any wobble.","true","""2025-06-15T19:55:21.759Z"""
"ca12312e-8b31-4c61-ba25-1c86d9521eac","2848cc9b-4992-45a8-a8db-b8705ad48558","Finn O'Sullivan","2","Love everything about it","The range is no exaggeration. Did a 45-mile ride last weekend and still had battery left. Perfect for longer adventures.","true","""2025-05-29T19:55:21.759Z"""
"05bb12e6-6297-4159-a056-f0804f67ed02","2848cc9b-4992-45a8-a8db-b8705ad48558","Valentina Silva","4","Solid and reliable","The build quality is exceptional. Everything feels solid and well-engineered. I've been using it daily for three months now and it still performs like new.","true","""2025-10-21T19:55:21.759Z"""
"edc94132-9416-4cca-a707-a5890f77149e","2848cc9b-4992-45a8-a8db-b8705ad48558","Keira MacKenzie","5","Excellent starter bike","I was hesitant about the price initially, but this has saved me hundreds in fuel costs already. Best decision I've made this year.","true","""2025-11-01T19:55:21.759Z"""
"1f2ba065-72d3-47ef-a892-8af25819370c","2848cc9b-4992-45a8-a8db-b8705ad48558","Cian O'Sullivan","2","Impressive performance","Can fit in the boot of my hatchback easily. Opens up possibilities for weekend rides in the countryside.","true","""2025-09-03T19:55:21.759Z"""
"95322e66-34a3-4f6d-87e0-796f68bbbdf2","2848cc9b-4992-45a8-a8db-b8705ad48558","Molly Martin","3","Ideal for my needs","Customer service deserves special mention. Had a question about maintenance and received a detailed response within hours.","true","""2025-09-05T19:55:21.759Z"""
"b8bf4893-e6bd-4b87-a510-404376863fdf","2848cc9b-4992-45a8-a8db-b8705ad48558","Kwesi Adeyemi","5","Motor is very quiet","This has opened up so many new routes. Places that were too far or too hilly are now easily accessible. Loving the freedom.","true","""2025-10-21T19:55:21.759Z"""
"bd0638e2-18e7-44af-9d37-8847983f445e","2848cc9b-4992-45a8-a8db-b8705ad48558","Dimitri Kowalski","5","Exceeded all expectations","Can fit in the boot of my hatchback easily. Opens up possibilities for weekend rides in the countryside.","true","""2025-07-04T19:55:21.759Z"""
"2f464ab2-7670-4d2d-9066-229770446dcc","2848cc9b-4992-45a8-a8db-b8705ad48558","Isabella Morales","5","Better than expected","Charges faster than expected. From empty to full in about 4-5 hours. Perfect to charge overnight.","true","""2025-07-24T19:55:21.759Z"""
"3bc9d692-1bee-475d-b0bd-8e345a2c079d","2848cc9b-4992-45a8-a8db-b8705ad48558","Carlos Santos","4","Game-changer for my commute","Gear range is perfect. Lowest gear handles steep hills, highest gear keeps up with traffic on flat roads.","false","""2025-07-02T19:55:21.759Z"""
"6191f871-95ae-4952-9e13-56c230bfd8f3","2848cc9b-4992-45a8-a8db-b8705ad48558","Conor O'Brien","5","Absolutely brilliant purchase","Love the removable battery. I can charge it at my desk whilst at work. So much more convenient than wheeling the whole bike inside.","true","""2025-08-04T19:55:21.759Z"""
"2a84c7bf-5666-4c46-bfce-bfbbd50784b5","2848cc9b-4992-45a8-a8db-b8705ad48558","Min-Jun Li","5","Perfect size","The power levels are well-judged. Eco mode for range, Sport mode for hills. Perfect balance of options.","true","""2025-08-12T19:55:21.759Z"""
"ba71be90-a3b7-4d52-8852-25d0412614d0","2848cc9b-4992-45a8-a8db-b8705ad48558","Cian Murphy","5","Just what I needed","The hinges feel solid with no play. Despite folding, it rides like a regular bike - no flex or wobble whatsoever.","true","""2025-11-15T19:55:21.759Z"""
"746b8388-1046-4c96-8e7b-aa920862a726","2848cc9b-4992-45a8-a8db-b8705ad48558","Maria Silva","4","Excellent build quality","Surprisingly agile despite the weight. Easy to navigate through tight spaces and park conveniently.","true","""2025-07-20T19:55:21.759Z"""
"e7a26928-85a8-4ffb-ad0c-2bc9920240b0","2848cc9b-4992-45a8-a8db-b8705ad48558","Ethan Brown","5","Ideal for my needs","I was hesitant about the price initially, but this has saved me hundreds in fuel costs already. Best decision I've made this year.","true","""2025-09-27T19:55:21.759Z"""
"b9de8a04-5e94-4e8b-abbc-a4fd583e620f","19a9dd64-b011-44ed-b627-3347d950e1c4","Keira Fraser","5","Excellent starter bike","Customer service deserves special mention. Had a question about maintenance and received a detailed response within hours.","true","""2025-11-03T19:55:21.811Z"""
"59fc0f78-770f-4aa3-a370-afc18ed12244","19a9dd64-b011-44ed-b627-3347d950e1c4","Rhys Jenkins","4","Comfortable ride","Can fit in the boot of my hatchback easily. Opens up possibilities for weekend rides in the countryside.","true","""2025-06-21T19:55:21.812Z"""
"6a2fbfb8-d121-4db4-9306-dabe9094dbb5","19a9dd64-b011-44ed-b627-3347d950e1c4","Ana Kozlov","5","Highly recommend","Gears shift smoothly under power. Some cheaper bikes require you to stop pedalling - not this one. Very convenient.","true","""2025-08-11T19:55:21.812Z"""
"dbbbe3db-262e-4021-a937-bc0fbd836327","19a9dd64-b011-44ed-b627-3347d950e1c4","Saoirse Byrne","5","Fantastic range","Can fit in the boot of my hatchback easily. Opens up possibilities for weekend rides in the countryside.","true","""2025-09-16T19:55:21.812Z"""
"8d09c549-9d1f-434e-84b4-12b015b9433d","19a9dd64-b011-44ed-b627-3347d950e1c4","Niamh Walsh","3","Very impressed","Surprisingly agile despite the weight. Easy to navigate through tight spaces and park conveniently.","true","""2025-06-27T19:55:21.812Z"""
"48291aff-69ce-4d46-8680-4bc7578dbb8b","19a9dd64-b011-44ed-b627-3347d950e1c4","Isabella Rodriguez","4","Couldn't be happier","Delivery was impressively quick. Arrived within two days, well packaged. Setup took about 20 minutes following the clear instructions provided.","true","""2025-06-04T19:55:21.812Z"""
"da27361c-6708-4000-9db0-9a8a173ea963","19a9dd64-b011-44ed-b627-3347d950e1c4","Morgan Jenkins","5","Ideal for my needs","Lights are bright and effective. Battery powers them without draining noticeably. Feel confident riding in darker months.","true","""2025-08-15T19:55:21.812Z"""
"4ac0f63e-fd81-45a3-95db-d4f834a97755","19a9dd64-b011-44ed-b627-3347d950e1c4","Orla McCarthy","5","Exceeded all expectations","Folding mechanism is brilliant. Takes literally 15 seconds. No fumbling or forcing required - just clicks into place.","true","""2025-07-30T19:55:21.812Z"""
"4d47258c-b296-44c3-ad80-93fb0726beca","19a9dd64-b011-44ed-b627-3347d950e1c4","Aryan Mehta","5","Happy commuter here","Perfect for my train commute. Folds small enough that it doesn't bother other passengers during rush hour.","true","""2025-09-17T19:55:21.812Z"""
"79e18406-7fa0-4268-9e37-7bde466ae365","85fbd8c2-0502-46c9-a2e7-464010a1fc65","Poppy Barnes","4","Easy to use","Wheels are strong and true. Haven't needed any adjustment despite some rough cycle paths and potholes.","true","""2025-11-07T19:55:22.246Z"""
"49978991-d91c-417c-b771-e6ca71cf6571","19a9dd64-b011-44ed-b627-3347d950e1c4","Mihai Kowalski","4","Delighted with purchase","Rain hasn't been an issue. Everything is well-sealed and continues working perfectly. Confidence-inspiring in all weather.","true","""2025-09-18T19:55:21.812Z"""
"69bcad85-1115-4f29-ab7c-f07a1a8fe79a","19a9dd64-b011-44ed-b627-3347d950e1c4","Yuki Kim","4","Battery life is amazing","My colleagues have been asking about it constantly. Two have already bought one based on my recommendation.","true","""2025-07-06T19:55:21.812Z"""
"f59b1d91-36fd-4dda-bcda-38cf92eb5afd","19a9dd64-b011-44ed-b627-3347d950e1c4","Natalia Volkov","5","Great for hills","The integrated lights look sleek and work brilliantly. No fumbling with removable lights anymore.","true","""2025-09-15T19:55:21.812Z"""
"8e736cf8-2ed3-4783-ac7f-300c5ab2aa96","19a9dd64-b011-44ed-b627-3347d950e1c4","Andrei Petrescu","5","Ideal for my needs","The hinges feel solid with no play. Despite folding, it rides like a regular bike - no flex or wobble whatsoever.","true","""2025-11-13T19:55:21.812Z"""
"4d544575-a15a-4353-9d3d-b503619a006a","19a9dd64-b011-44ed-b627-3347d950e1c4","Mason Anderson","5","Quality exceeds the price","Perfect for my train commute. Folds small enough that it doesn't bother other passengers during rush hour.","false","""2025-09-17T19:55:21.812Z"""
"94869900-9d0a-4993-b523-86e3fb9da111","19a9dd64-b011-44ed-b627-3347d950e1c4","Logan MacLeod","5","Delighted with purchase","The throttle mode is brilliant for starting from lights. Get moving quickly without having to pedal hard in traffic.","true","""2025-09-11T19:55:21.812Z"""
"ae799f42-d71b-4b0c-9ff9-4b0dba1b439f","19a9dd64-b011-44ed-b627-3347d950e1c4","Tunde Okoro","5","Worth every penny","My colleagues have been asking about it constantly. Two have already bought one based on my recommendation.","true","""2025-07-24T19:55:21.812Z"""
"5638e6d2-d72d-4fcd-8de8-6e791b3bda14","19a9dd64-b011-44ed-b627-3347d950e1c4","Ioan Griffiths","5","Folds up nicely","The hinges feel solid with no play. Despite folding, it rides like a regular bike - no flex or wobble whatsoever.","true","""2025-11-22T19:55:21.812Z"""
"63564b1c-b46b-4fde-bf3e-d61f23ac2035","19a9dd64-b011-44ed-b627-3347d950e1c4","Rhys Evans","5","Outstanding value","The bell is louder than expected - in a good way! Pedestrians actually hear it first time.","true","""2025-07-11T19:55:21.812Z"""
"b71dc1cc-9481-4917-82b8-e8e9f2e8e62c","19a9dd64-b011-44ed-b627-3347d950e1c4","Sean Kennedy","5","Love everything about it","Customer support answered all my pre-purchase questions promptly. Made the buying decision much easier.","true","""2025-07-24T19:55:21.812Z"""
"05f6362f-db77-4360-93ed-fb99b526bcde","19a9dd64-b011-44ed-b627-3347d950e1c4","Aisha Khan","5","Feels very sturdy","This has paid for itself already in saved train fares. The financial case is compelling even before health benefits.","true","""2025-11-14T19:55:21.812Z"""
"d88caeab-f074-4aad-80a1-958df4ea3659","19a9dd64-b011-44ed-b627-3347d950e1c4","Natalia Horvath","5","Excellent starter bike","Assembly was straightforward. Clear instructions and all necessary tools included. Was ready to ride in under half an hour.","true","""2025-07-27T19:55:21.812Z"""
"e3141743-acf4-41b3-aad5-6b60c1d60e44","19a9dd64-b011-44ed-b627-3347d950e1c4","Thomas Richardson","5","Top-notch product","Can fit in the boot of my hatchback easily. Opens up possibilities for weekend rides in the countryside.","true","""2025-07-27T19:55:21.812Z"""
"8404a013-9f83-4efd-b613-59f01af1b3e1","19a9dd64-b011-44ed-b627-3347d950e1c4","Hamish Gordon","5","Love the design","Love the removable battery. I can charge it at my desk whilst at work. So much more convenient than wheeling the whole bike inside.","true","""2025-11-05T19:55:21.812Z"""
"c02baf85-42d1-407d-9c6b-56a2eecdf2da","19a9dd64-b011-44ed-b627-3347d950e1c4","George Hughes","5","Best investment I've made","Suspension works brilliantly. Absorbs bumps effectively without feeling bouncy. Much more comfortable than my old rigid bike.","true","""2025-11-18T19:55:21.812Z"""
"a4ff9586-3551-4100-96be-f1b271deb160","19a9dd64-b011-44ed-b627-3347d950e1c4","Ravi Choudhury","5","Motor is very quiet","Charges faster than expected. From empty to full in about 4-5 hours. Perfect to charge overnight.","true","""2025-10-01T19:55:21.812Z"""
"32af97ea-d732-4cad-8fae-2032e9f21f80","19a9dd64-b011-44ed-b627-3347d950e1c4","Zofia Volkov","5","Solid and reliable","Can fit in the boot of my hatchback easily. Opens up possibilities for weekend rides in the countryside.","true","""2025-09-01T19:55:21.812Z"""
"a717e461-3cda-4e6d-a35e-3615c3c6807a","19a9dd64-b011-44ed-b627-3347d950e1c4","Harry Hall","5","Brilliant for city riding","Lights are bright and effective. Battery powers them without draining noticeably. Feel confident riding in darker months.","true","""2025-11-23T19:55:21.812Z"""
"919732e1-1e8d-4c2d-b941-5d85d5ef6f0f","19a9dd64-b011-44ed-b627-3347d950e1c4","Ioan Owen","4","Great customer service","Folding mechanism is brilliant. Takes literally 15 seconds. No fumbling or forcing required - just clicks into place.","false","""2025-10-31T19:55:21.812Z"""
"6d300204-520a-4fca-9aa4-5e24db02ce3a","19a9dd64-b011-44ed-b627-3347d950e1c4","Tunde Nwosu","5","Feels very sturdy","Perfect for my train commute. Folds small enough that it doesn't bother other passengers during rush hour.","true","""2025-08-24T19:55:21.812Z"""
"79f889c4-be64-43ed-955e-c91e1513ff26","19a9dd64-b011-44ed-b627-3347d950e1c4","Molly Ward","4","Folds up nicely","The design is sleek and modern. I get compliments on it regularly. Doesn't look like a typical Electric bike at all.","true","""2025-10-03T19:55:21.812Z"""
"93c7adcf-1796-4993-931f-25f1856d51ad","19a9dd64-b011-44ed-b627-3347d950e1c4","Andrei Novak","3","Outstanding value","The range is no exaggeration. Did a 45-mile ride last weekend and still had battery left. Perfect for longer adventures.","false","""2025-08-08T19:55:21.812Z"""
"64eef5e5-a940-484b-9cb1-1739cc19b5d9","19a9dd64-b011-44ed-b627-3347d950e1c4","Valentina Ramirez","5","Quality exceeds the price","Lights are bright and effective. Battery powers them without draining noticeably. Feel confident riding in darker months.","false","""2025-11-18T19:55:21.812Z"""
"bf1f66c2-1c34-4e80-89d9-9d40d0047472","19a9dd64-b011-44ed-b627-3347d950e1c4","Ife Nwosu","5","Feels very sturdy","Saddle is surprisingly comfortable. I've done 30-mile rides without any discomfort. Gear shifting is smooth and precise too.","false","""2025-06-26T19:55:21.812Z"""
"f97917e2-3f86-4ce5-b481-08c67981ceb0","19a9dd64-b011-44ed-b627-3347d950e1c4","Hassan Khalil","2","Really pleased","Rain hasn't been an issue. Everything is well-sealed and continues working perfectly. Confidence-inspiring in all weather.","true","""2025-10-24T19:55:21.812Z"""
"8e6c5a12-1778-40ef-946a-ed0d8a7bd709","19a9dd64-b011-44ed-b627-3347d950e1c4","Nia Kamau","2","Great customer service","Wheels are strong and true. Haven't needed any adjustment despite some rough cycle paths and potholes.","true","""2025-09-01T19:55:21.812Z"""
"c967ea17-9862-4694-afb7-174f01d2f5b4","19a9dd64-b011-44ed-b627-3347d950e1c4","Molly Morris","5","Fantastic range","Stores under my desk at work. Saves paying for cycle parking and keeps it safe. Unfolding is just as quick.","true","""2025-06-21T19:55:21.812Z"""
"6e0e12f2-dc31-42b5-90ba-b92de05db87d","19a9dd64-b011-44ed-b627-3347d950e1c4","Hana Liu","5","Perfect size","Gear range is perfect. Lowest gear handles steep hills, highest gear keeps up with traffic on flat roads.","true","""2025-09-02T19:55:21.812Z"""
"94dfb0a5-7d6c-457b-9d64-45252eace17d","19a9dd64-b011-44ed-b627-3347d950e1c4","Andrei Kowalski","5","Top-notch product","Puncture-resistant tyres have lived up to the name. Several months of daily use, zero flats. Impressive.","true","""2025-10-17T19:55:21.812Z"""
"0821a0d1-f2a9-4c2d-876a-15541b77bcb9","19a9dd64-b011-44ed-b627-3347d950e1c4","Luis Garcia","5","Very impressed","Arrived perfectly adjusted. Brakes, gears, everything worked perfectly straight out of the box. Very impressed with quality control.","true","""2025-06-15T19:55:21.812Z"""
"555f49c5-af6d-4718-bb81-d126e9ec4e37","19a9dd64-b011-44ed-b627-3347d950e1c4","Natalia Nowak","5","Love the design","Suspension works brilliantly. Absorbs bumps effectively without feeling bouncy. Much more comfortable than my old rigid bike.","true","""2025-09-24T19:55:21.812Z"""
"1fff9252-c6b4-4516-9304-0cf569b4eb41","19a9dd64-b011-44ed-b627-3347d950e1c4","Pavel Horvath","5","Perfect commuter bike","Can fit in the boot of my hatchback easily. Opens up possibilities for weekend rides in the countryside.","false","""2025-07-26T19:55:21.812Z"""
"0d9ddcdd-3ec8-4481-8cd7-5b0abc429529","19a9dd64-b011-44ed-b627-3347d950e1c4","Andrei Kozlov","4","Excellent starter bike","Kickstand is sturdy and reliable. Bike stays upright on any surface. Simple but essential feature that works perfectly.","true","""2025-11-11T19:55:21.812Z"""
"59b0ae36-76c3-42e6-9696-c43163207d5d","19a9dd64-b011-44ed-b627-3347d950e1c4","Ife Adebayo","4","Perfect commuter bike","Love that I can use it as a regular bike when I want exercise, or with assistance when I'm tired. Versatility is brilliant.","true","""2025-08-29T19:55:21.812Z"""
"2237bd49-1110-4cd7-9407-b2b10b08fe67","19a9dd64-b011-44ed-b627-3347d950e1c4","Zara Reddy","5","Superb engineering","Stores under my desk at work. Saves paying for cycle parking and keeps it safe. Unfolding is just as quick.","true","""2025-11-11T19:55:21.812Z"""
"7ba4383e-a27d-4348-9207-7961aeaa9a5a","19a9dd64-b011-44ed-b627-3347d950e1c4","Poppy Murphy","5","Perfect commuter bike","Love that I can use it as a regular bike when I want exercise, or with assistance when I'm tired. Versatility is brilliant.","true","""2025-07-16T19:55:21.812Z"""
"8daea547-95ff-40b1-841b-262aeb5d25c8","19a9dd64-b011-44ed-b627-3347d950e1c4","Katarina Horvath","5","Perfect commuter bike","Stores under my desk at work. Saves paying for cycle parking and keeps it safe. Unfolding is just as quick.","true","""2025-07-05T19:55:21.812Z"""
"3199faef-f39b-4c00-b201-722d0c67fb86","19a9dd64-b011-44ed-b627-3347d950e1c4","Mihai Ivanova","4","Top-notch product","Assembly was straightforward. Clear instructions and all necessary tools included. Was ready to ride in under half an hour.","true","""2025-09-17T19:55:21.812Z"""
"c8193da9-d0d8-4769-8f81-f92718a9e046","19a9dd64-b011-44ed-b627-3347d950e1c4","Rory Gordon","2","Smooth and powerful","Gear range is perfect. Lowest gear handles steep hills, highest gear keeps up with traffic on flat roads.","true","""2025-11-17T19:55:21.812Z"""
"3906e6f7-5e9b-44c8-9f42-4f65b2f240a5","a1cc9357-0251-4e7f-b302-dc7f4e6476c3","Marcus Johnson","5","Perfect for my delivery runs","Been using this for Deliveroo shifts for 3 weeks now and it's been absolutely brilliant. The 120km range means I can do a full day without worrying about charging. The fat tyres handle wet roads really well and the folding design means I can take it inside restaurants without any hassle. Already made back half the cost in saved petrol!","true","""2025-12-07T00:00:00.000Z"""
"169d59cd-4914-4254-9b40-03f78f6ed7ff","19a9dd64-b011-44ed-b627-3347d950e1c4","Aisha Shah","5","Happy commuter here","Charges faster than expected. From empty to full in about 4-5 hours. Perfect to charge overnight.","true","""2025-07-22T19:55:21.812Z"""
"b2e9457d-9b74-4081-accb-e9f87b2ec4a6","19a9dd64-b011-44ed-b627-3347d950e1c4","Rohan Kumar","5","Folds up nicely","Perfect for my train commute. Folds small enough that it doesn't bother other passengers during rush hour.","true","""2025-05-31T19:55:21.812Z"""
"55373b48-0c1f-4c41-aa1e-b2ef07e55af9","19a9dd64-b011-44ed-b627-3347d950e1c4","Eoin Byrne","5","Perfect commuter bike","The folding mechanism is genius. Folds down in seconds and fits easily in my car boot or under my desk at work.","true","""2025-11-01T19:55:21.812Z"""
"c2e476a9-3416-4da4-ae12-0166745d7d24","19a9dd64-b011-44ed-b627-3347d950e1c4","Priya Khan","4","Love the design","The craftsmanship is evident. Welds are neat, paint is flawless. This is a bike built to last.","true","""2025-06-25T19:55:21.812Z"""
"19e0ccc9-4afd-474f-8963-9f7cbceabf57","19a9dd64-b011-44ed-b627-3347d950e1c4","Liam Reid","5","Brilliant for city riding","Folding mechanism is brilliant. Takes literally 15 seconds. No fumbling or forcing required - just clicks into place.","true","""2025-06-14T19:55:21.812Z"""
"6ed38424-e2c7-4732-ac0a-f26e2c573413","a1cc9357-0251-4e7f-b302-dc7f4e6476c3","Priya Sharma","5","Amazing upgrade from my old bike","The torque sensor on this is incredible - feels so natural when pedalling, not jerky like my previous Electric bike. Fast charging is a game changer too. Got the Forest Green colour and it looks stunning! Perfect for commuting across London.","true","""2025-12-05T00:00:00.000Z"""
"229d6612-fea0-4d61-88f5-459887c85b61","19a9dd64-b011-44ed-b627-3347d950e1c4","Katarina Kowalski","5","Smooth and powerful","Exactly as described on the website. No nasty surprises. What you see is what you get, which is refreshing.","true","""2025-06-03T19:55:21.812Z"""
"12389424-823a-4de9-bc04-c4cec43f8d18","19a9dd64-b011-44ed-b627-3347d950e1c4","Carlos Rodriguez","5","Perfect for daily use","Customer service deserves special mention. Had a question about maintenance and received a detailed response within hours.","true","""2025-09-06T19:55:21.812Z"""
"1f213eb3-97ea-459a-b6ca-93c68e137f13","19a9dd64-b011-44ed-b627-3347d950e1c4","Ana Petrescu","4","Just what I needed","Love the removable battery. I can charge it at my desk whilst at work. So much more convenient than wheeling the whole bike inside.","true","""2025-08-06T19:55:21.812Z"""
"e7064900-f05d-4ce0-b566-6f9e453f57a6","19a9dd64-b011-44ed-b627-3347d950e1c4","Mia Baker","3","Very impressed","Saddle is surprisingly comfortable. I've done 30-mile rides without any discomfort. Gear shifting is smooth and precise too.","true","""2025-08-26T19:55:21.812Z"""
"6536ed76-0882-4f1e-9793-a7f726f884d8","19a9dd64-b011-44ed-b627-3347d950e1c4","Dimitri Kuznetsov","5","Fantastic quality","Can fit in the boot of my hatchback easily. Opens up possibilities for weekend rides in the countryside.","false","""2025-07-13T19:55:21.812Z"""
"d98a7d08-c625-4f0e-b876-b17cd5f8fcea","19a9dd64-b011-44ed-b627-3347d950e1c4","Amina Hamdan","5","Superb engineering","This has paid for itself already in saved train fares. The financial case is compelling even before health benefits.","true","""2025-09-09T19:55:21.812Z"""
"f9ba5e4a-383f-4857-bcfc-a748558717e0","19a9dd64-b011-44ed-b627-3347d950e1c4","Kofi Mensah","5","Ideal for my needs","Perfect for my train commute. Folds small enough that it doesn't bother other passengers during rush hour.","true","""2025-08-19T19:55:21.812Z"""
"cb4ea741-f3c6-49cb-a697-0f1dad4252c0","19a9dd64-b011-44ed-b627-3347d950e1c4","Owain Griffiths","5","Folds up nicely","Puncture-resistant tyres have lived up to the name. Several months of daily use, zero flats. Impressive.","true","""2025-09-27T19:55:21.812Z"""
"b04689e4-553d-4f71-9301-674957f9292f","19a9dd64-b011-44ed-b627-3347d950e1c4","Dimitri Nowak","5","Motor is very quiet","Brakes require minimal finger pressure. Very responsive without being grabby. Excellent modulation.","true","""2025-06-23T19:55:21.812Z"""
"51d39dcc-7a67-44d8-ae38-17eb53ecb0cf","19a9dd64-b011-44ed-b627-3347d950e1c4","Chen Park","5","Motor is very quiet","Perfect for my train commute. Folds small enough that it doesn't bother other passengers during rush hour.","true","""2025-10-11T19:55:21.812Z"""
"ac353e5f-fc6e-4811-af5d-c91800912330","19a9dd64-b011-44ed-b627-3347d950e1c4","Maria Santos","5","Ideal for my needs","Lights are bright and effective. Battery powers them without draining noticeably. Feel confident riding in darker months.","true","""2025-06-29T19:55:21.812Z"""
"80578de9-0666-4f13-a1e3-3e05758fdc32","19a9dd64-b011-44ed-b627-3347d950e1c4","Niamh Ryan","5","Motor is very quiet","Delivery was impressively quick. Arrived within two days, well packaged. Setup took about 20 minutes following the clear instructions provided.","true","""2025-07-03T19:55:21.812Z"""
"5c70b7ee-2905-48bf-8f3f-09374a049fd6","19a9dd64-b011-44ed-b627-3347d950e1c4","Morgan Price","3","Better than expected","Assembly was straightforward. Clear instructions and all necessary tools included. Was ready to ride in under half an hour.","true","""2025-09-24T19:55:21.812Z"""
"d6f5ba84-ea14-4120-bc1b-14dc3996d62d","19a9dd64-b011-44ed-b627-3347d950e1c4","Alexander Bennett","4","Love everything about it","Suspension works brilliantly. Absorbs bumps effectively without feeling bouncy. Much more comfortable than my old rigid bike.","false","""2025-10-16T19:55:21.812Z"""
"0128f394-fd5a-48b9-bc99-4884b33cedc7","19a9dd64-b011-44ed-b627-3347d950e1c4","Orla Byrne","5","Battery life is amazing","Can fit in the boot of my hatchback easily. Opens up possibilities for weekend rides in the countryside.","true","""2025-11-14T19:55:21.812Z"""
"7bc9bbae-b5f4-4015-b581-145c1d01b426","19a9dd64-b011-44ed-b627-3347d950e1c4","Miguel Ramirez","5","Worth every penny","Folding mechanism is brilliant. Takes literally 15 seconds. No fumbling or forcing required - just clicks into place.","true","""2025-08-17T19:55:21.812Z"""
"42e1c1ff-589f-480e-8518-577cb52c991e","19a9dd64-b011-44ed-b627-3347d950e1c4","Emma Collins","5","Highly recommend","No buyer's remorse whatsoever. This is everything I hoped it would be and more. Absolutely delighted.","true","""2025-10-25T19:55:21.812Z"""
"6f64583b-e78e-452b-9759-5c16aba18370","19a9dd64-b011-44ed-b627-3347d950e1c4","Orla Kelly","5","Responsive and smooth","Folding mechanism is brilliant. Takes literally 15 seconds. No fumbling or forcing required - just clicks into place.","true","""2025-07-26T19:55:21.812Z"""
"3f9d21a8-e1b0-41c0-ad66-fb360e14e5ca","19a9dd64-b011-44ed-b627-3347d950e1c4","Katarina Novak","5","Battery life is amazing","The integrated lights look sleek and work brilliantly. No fumbling with removable lights anymore.","true","""2025-10-09T19:55:21.812Z"""
"04ef1fb4-02ff-48d1-9b09-b5385014a6cb","19a9dd64-b011-44ed-b627-3347d950e1c4","Khalid Nassar","5","Delighted with purchase","The hinges feel solid with no play. Despite folding, it rides like a regular bike - no flex or wobble whatsoever.","true","""2025-08-22T19:55:21.812Z"""
"7c802c20-3e35-43ff-a69a-63c0f26a9b45","19a9dd64-b011-44ed-b627-3347d950e1c4","Emma Evans","5","Ideal for my needs","The power levels are well-judged. Eco mode for range, Sport mode for hills. Perfect balance of options.","true","""2025-09-25T19:55:21.812Z"""
"d55177d1-4297-4ab5-ab1d-475fb6b120e0","19a9dd64-b011-44ed-b627-3347d950e1c4","Hiroshi Yamamoto","5","Couldn't be happier","Stores under my desk at work. Saves paying for cycle parking and keeps it safe. Unfolding is just as quick.","true","""2025-08-26T19:55:21.812Z"""
"af59854b-daf4-4bc0-b66b-d48ada134c69","19a9dd64-b011-44ed-b627-3347d950e1c4","Kwesi Boateng","5","Delighted with purchase","Folding mechanism is brilliant. Takes literally 15 seconds. No fumbling or forcing required - just clicks into place.","true","""2025-07-05T19:55:21.812Z"""
"c973537a-5d6b-4fdd-adbd-e5c1b4bd90fa","19a9dd64-b011-44ed-b627-3347d950e1c4","Ola Boateng","4","Delighted with purchase","Arrived perfectly adjusted. Brakes, gears, everything worked perfectly straight out of the box. Very impressed with quality control.","false","""2025-06-05T19:55:21.812Z"""
"42c22dd1-b102-4b21-80b7-7e920a54e017","19a9dd64-b011-44ed-b627-3347d950e1c4","Natalia Popov","5","Excellent build quality","Stores under my desk at work. Saves paying for cycle parking and keeps it safe. Unfolding is just as quick.","false","""2025-08-10T19:55:21.812Z"""
"bd2400e3-bd59-46d5-ab57-26bde10d10cb","19a9dd64-b011-44ed-b627-3347d950e1c4","Elena Kuznetsov","5","Superb engineering","The craftsmanship is evident. Welds are neat, paint is flawless. This is a bike built to last.","true","""2025-07-17T19:55:21.812Z"""
"9466f232-1c9f-44b2-89df-0e8d5dec4142","19a9dd64-b011-44ed-b627-3347d950e1c4","Tunde Oluwaseun","5","Quality exceeds the price","Perfect for my train commute. Folds small enough that it doesn't bother other passengers during rush hour.","true","""2025-08-12T19:55:21.812Z"""
"0b4460d0-57dc-4551-9b75-56ef10c585fa","19a9dd64-b011-44ed-b627-3347d950e1c4","James Howard","5","Perfect commuter bike","The hinges feel solid with no play. Despite folding, it rides like a regular bike - no flex or wobble whatsoever.","false","""2025-08-21T19:55:21.812Z"""
"ff10e71d-72a6-4bc9-b777-f2d55caf4289","19a9dd64-b011-44ed-b627-3347d950e1c4","Seren Hughes","4","Really pleased","The hinges feel solid with no play. Despite folding, it rides like a regular bike - no flex or wobble whatsoever.","true","""2025-08-03T19:55:21.812Z"""
"15faebbb-ef77-4e03-93da-c44fe595cd09","19a9dd64-b011-44ed-b627-3347d950e1c4","Ibrahim Gupta","5","Responsive and smooth","Brakes require minimal finger pressure. Very responsive without being grabby. Excellent modulation.","true","""2025-08-10T19:55:21.812Z"""
"d83c58bb-7822-435f-bc29-48510c1483a6","19a9dd64-b011-44ed-b627-3347d950e1c4","Isha Rahman","4","Better than expected","Battery life has been fantastic. I do a 12-mile round trip daily and only charge twice a week. The range indicator is very accurate too.","true","""2025-06-17T19:55:21.812Z"""
"4947dc4e-76e6-4207-9070-197fcc4c207f","19a9dd64-b011-44ed-b627-3347d950e1c4","Chen Chen","5","Absolutely brilliant purchase","Lights are bright and effective. Battery powers them without draining noticeably. Feel confident riding in darker months.","true","""2025-08-17T19:55:21.812Z"""
"873ffb0c-eaad-49ac-8ebf-2b9211485550","19a9dd64-b011-44ed-b627-3347d950e1c4","Isla Gordon","5","Outstanding value","The craftsmanship is evident. Welds are neat, paint is flawless. This is a bike built to last.","true","""2025-09-28T19:55:21.812Z"""
"ca7085f5-4558-4ae2-8c27-3bc69c0957ee","19a9dd64-b011-44ed-b627-3347d950e1c4","Ciara Byrne","5","Great customer service","Build quality exceeded expectations at this price point. No cheap plastics or wobbly parts. Everything feels premium.","true","""2025-09-20T19:55:21.812Z"""
"7e51372a-b9f4-49ac-8ea7-fae68c38f32f","19a9dd64-b011-44ed-b627-3347d950e1c4","Dylan Edwards","5","Folds up nicely","Stores under my desk at work. Saves paying for cycle parking and keeps it safe. Unfolding is just as quick.","true","""2025-08-23T19:55:21.812Z"""
"94ce7586-3b76-482b-8de2-cc66d3722029","19a9dd64-b011-44ed-b627-3347d950e1c4","Celyn Williams","4","Perfect for daily use","Love the removable battery. I can charge it at my desk whilst at work. So much more convenient than wheeling the whole bike inside.","true","""2025-06-13T19:55:21.812Z"""
"73b6f5fd-e7dd-4522-b073-6ec67f2505d2","19a9dd64-b011-44ed-b627-3347d950e1c4","Hiroshi Li","4","Easy to use","Perfect for my train commute. Folds small enough that it doesn't bother other passengers during rush hour.","false","""2025-09-02T19:55:21.812Z"""
"cb962dbc-1d58-4064-9728-b28e5e8a2c8f","a1cc9357-0251-4e7f-b302-dc7f4e6476c3","Daniel Okonkwo","5","Best investment for food delivery","Switched from a normal bike to this and my earnings have gone up because I can take more orders. The hydraulic brakes give me confidence in traffic and the motor helps on all those hills. Battery easily lasts my 8 hour shifts. Highly recommend for any delivery riders out there!","true","""2025-11-28T00:00:00.000Z"""
"0b410761-d763-41bd-a64f-c7c48929fcf1","19a9dd64-b011-44ed-b627-3347d950e1c4","Lin Liu","5","Perfect commuter bike","Eco mode extends the range impressively. Easily get 50+ miles if you're not rushing. Perfect for weekend rides.","true","""2025-06-14T19:55:21.812Z"""
"da5390b9-b9bc-441e-bbbf-dc8325821906","19a9dd64-b011-44ed-b627-3347d950e1c4","Leila Farouk","4","Very impressed","This has opened up so many new routes. Places that were too far or too hilly are now easily accessible. Loving the freedom.","true","""2025-10-15T19:55:21.812Z"""
"dc0b8f6a-e310-4ada-ac88-64ae516104ef","19a9dd64-b011-44ed-b627-3347d950e1c4","Ife Mensah","5","Impressive performance","Brakes require minimal finger pressure. Very responsive without being grabby. Excellent modulation.","true","""2025-11-02T19:55:21.812Z"""
"c6085650-b9ac-4030-9bbc-1880bb3984a2","19a9dd64-b011-44ed-b627-3347d950e1c4","Viktor Kowalski","5","Motor is very quiet","Can fit in the boot of my hatchback easily. Opens up possibilities for weekend rides in the countryside.","false","""2025-06-12T19:55:21.812Z"""
"2504a6f0-7a18-4456-9c04-47a752024e60","19a9dd64-b011-44ed-b627-3347d950e1c4","Valentina Rodriguez","4","Superb engineering","Suspension works brilliantly. Absorbs bumps effectively without feeling bouncy. Much more comfortable than my old rigid bike.","false","""2025-06-03T19:55:21.812Z"""
"a24f44f3-e1ce-4063-9536-9875c4fe2f87","19a9dd64-b011-44ed-b627-3347d950e1c4","Ibrahim Reddy","5","Excellent build quality","The folding mechanism is genius. Folds down in seconds and fits easily in my car boot or under my desk at work.","true","""2025-11-23T19:55:21.812Z"""
"352434ae-dc85-44d4-9c51-051c03d36c70","19a9dd64-b011-44ed-b627-3347d950e1c4","Cian O'Brien","5","Solid and reliable","Assembly was straightforward. Clear instructions and all necessary tools included. Was ready to ride in under half an hour.","true","""2025-08-10T19:55:21.812Z"""
"454150f6-46b5-425a-932b-fe4f62984298","19a9dd64-b011-44ed-b627-3347d950e1c4","Rory Grant","5","Very impressed","The integrated lights look sleek and work brilliantly. No fumbling with removable lights anymore.","true","""2025-07-09T19:55:21.812Z"""
"440f4630-833c-4160-8083-83ed0dff7611","19a9dd64-b011-44ed-b627-3347d950e1c4","Ananya Patel","5","Really pleased","Perfect for my train commute. Folds small enough that it doesn't bother other passengers during rush hour.","true","""2025-10-02T19:55:21.812Z"""
"fdbd679d-cee9-40d0-b343-cc664057819c","19a9dd64-b011-44ed-b627-3347d950e1c4","Arjun Kumar","5","Really pleased","The hinges feel solid with no play. Despite folding, it rides like a regular bike - no flex or wobble whatsoever.","true","""2025-07-02T19:55:21.812Z"""
"b6fe48ac-4e47-4804-a5c3-9d834c7d8b04","19a9dd64-b011-44ed-b627-3347d950e1c4","Yasmin Aziz","5","Best investment I've made","The range is no exaggeration. Did a 45-mile ride last weekend and still had battery left. Perfect for longer adventures.","true","""2025-09-12T19:55:21.812Z"""
"fed77e76-e657-4dfc-9bb5-b1f959a8eec8","19a9dd64-b011-44ed-b627-3347d950e1c4","Ji-Hoon Tanaka","5","Happy commuter here","Can fit in the boot of my hatchback easily. Opens up possibilities for weekend rides in the countryside.","true","""2025-06-03T19:55:21.812Z"""
"1a026c09-4b01-4878-8aec-4de2bfb3413a","19a9dd64-b011-44ed-b627-3347d950e1c4","Sean O'Connor","5","Excellent build quality","Folding mechanism is brilliant. Takes literally 15 seconds. No fumbling or forcing required - just clicks into place.","true","""2025-07-13T19:55:21.812Z"""
"1777e8d8-557a-476a-87a8-522c1b6513da","19a9dd64-b011-44ed-b627-3347d950e1c4","Isha Shah","5","Couldn't be happier","The throttle mode is brilliant for starting from lights. Get moving quickly without having to pedal hard in traffic.","true","""2025-06-15T19:55:21.812Z"""
"34542d74-0710-4eae-b1a5-0028919d9a45","19a9dd64-b011-44ed-b627-3347d950e1c4","Megan Williams","5","Quality exceeds the price","Rain hasn't been an issue. Everything is well-sealed and continues working perfectly. Confidence-inspiring in all weather.","true","""2025-08-21T19:55:21.812Z"""
"4db1f13b-aaf0-4bf0-b400-90582594249c","19a9dd64-b011-44ed-b627-3347d950e1c4","Ana Nowak","5","Fantastic range","The design is sleek and modern. I get compliments on it regularly. Doesn't look like a typical Electric bike at all.","true","""2025-07-18T19:55:21.812Z"""
"76150374-a5ec-468d-91c0-ef6744d52449","19a9dd64-b011-44ed-b627-3347d950e1c4","Ffion Lloyd","5","Very impressed","Folding mechanism is brilliant. Takes literally 15 seconds. No fumbling or forcing required - just clicks into place.","true","""2025-10-26T19:55:21.812Z"""
"4d99f574-1b38-4563-8ab5-351c853e6c4a","19a9dd64-b011-44ed-b627-3347d950e1c4","Leila Hamdan","5","Folds up nicely","Perfect for my hilly commute. What used to take 45 minutes of sweaty pedalling now takes 25 minutes and I arrive fresh.","true","""2025-08-31T19:55:21.812Z"""
"d8a6a67f-adb8-436d-9bae-e522c472ff5e","19a9dd64-b011-44ed-b627-3347d950e1c4","Zara Desai","5","Excellent starter bike","I'm 6'2"" and it fits me comfortably with room to adjust. My partner is 5'4"" and can also ride it comfortably. Very adjustable.","true","""2025-09-28T19:55:21.812Z"""
"40296fe3-b827-4386-981b-556001472b40","19a9dd64-b011-44ed-b627-3347d950e1c4","Hana Kim","5","Folds up nicely","Perfect for my hilly commute. What used to take 45 minutes of sweaty pedalling now takes 25 minutes and I arrive fresh.","false","""2025-10-02T19:55:21.812Z"""
"62ae05b4-7169-4860-ae11-06d7aea1f0a6","19a9dd64-b011-44ed-b627-3347d950e1c4","Niamh Doyle","3","Happy commuter here","Folding mechanism is brilliant. Takes literally 15 seconds. No fumbling or forcing required - just clicks into place.","true","""2025-10-14T19:55:21.812Z"""
"ddd7f8e5-8e92-4086-9cd7-d2df33461c3f","19a9dd64-b011-44ed-b627-3347d950e1c4","Dimitri Popov","5","Excellent build quality","Surprisingly quiet motor. My old Electric bike sounded like a lawnmower. This one is almost silent - very refined.","true","""2025-10-10T19:55:21.812Z"""
"80887b9b-035c-4f4d-8514-1b49a5828415","19a9dd64-b011-44ed-b627-3347d950e1c4","Hannah Cooper","5","Ideal for my needs","Customer support answered all my pre-purchase questions promptly. Made the buying decision much easier.","true","""2025-06-30T19:55:21.812Z"""
"489708ba-79fd-4851-ace8-3cbcf4b65f52","19a9dd64-b011-44ed-b627-3347d950e1c4","Hassan Hamdan","5","Perfect for daily use","The weight is well-balanced. Easy to manoeuvre despite being heavier than a standard bike. Handles beautifully.","true","""2025-08-16T19:55:21.812Z"""
"2e64a865-866a-4c5a-92ab-e4dd5d75987c","19a9dd64-b011-44ed-b627-3347d950e1c4","Logan Cameron","5","Delighted with purchase","Lights are bright and effective. Battery powers them without draining noticeably. Feel confident riding in darker months.","true","""2025-08-27T19:55:21.812Z"""
"5ae96382-4baa-4cea-ba58-b6e2b005a5fb","a1cc9357-0251-4e7f-b302-dc7f4e6476c3","Sarah Mitchell","4","Great bike, minor learning curve","Took me a few days to get used to the pedal assist levels but once I figured it out, it's fantastic. Using it for weekend adventures with the family. The fat tyres handle gravel paths and muddy trails surprisingly well. Only 4 stars because assembly instructions could be clearer.","true","""2025-11-22T00:00:00.000Z"""
"bd69906d-cb6c-40ca-99d3-1473f0e01185","a1cc9357-0251-4e7f-b302-dc7f4e6476c3","Wei Chen","5","Exceptional quality for the price","I researched Electric bikes for months before choosing this one. The build quality is excellent - solid frame, smooth gears, and the app connectivity is a nice bonus. Love tracking my rides and adjusting settings. The folding mechanism is sturdy and easy to use.","true","""2025-11-18T00:00:00.000Z"""
"0df04e36-50f6-47d3-b07e-c00dd18a69e4","a1cc9357-0251-4e7f-b302-dc7f4e6476c3","James O'Brien","5","Replaced my car for commuting","Sold my second car and bought this instead - best decision ever! My 12-mile commute to work is now the highlight of my day. Arrive fresh without breaking a sweat thanks to the assist. The suspension handles potholes well and the seat is comfortable for longer rides.","true","""2025-11-12T00:00:00.000Z"""
"df399923-6048-43fc-9c4d-a47ca9563d5f","19a9dd64-b011-44ed-b627-3347d950e1c4","Ruby Wood","5","Excellent starter bike","The hinges feel solid with no play. Despite folding, it rides like a regular bike - no flex or wobble whatsoever.","true","""2025-08-04T19:55:21.812Z"""
"7dd932c8-b814-4a42-b676-0db499ae7626","19a9dd64-b011-44ed-b627-3347d950e1c4","Gareth Morgan","5","Game-changer for my commute","After six months of daily use, I have zero complaints. No mechanical issues whatsoever. Just regular maintenance needed.","true","""2025-11-12T19:55:21.812Z"""
"e1bf2506-ef86-4869-afb1-92f953eb36e9","19a9dd64-b011-44ed-b627-3347d950e1c4","Eilidh MacDonald","5","Excellent starter bike","Perfect for my train commute. Folds small enough that it doesn't bother other passengers during rush hour.","true","""2025-05-31T19:55:21.812Z"""
"5deec3e5-f2cf-4702-9aae-d9d677ea3a60","19a9dd64-b011-44ed-b627-3347d950e1c4","Zara Mwangi","4","Love the design","Rain hasn't been an issue. Everything is well-sealed and continues working perfectly. Confidence-inspiring in all weather.","true","""2025-07-18T19:55:21.812Z"""
"2171dbbf-6cfd-46eb-a220-4fd4e33fb500","19a9dd64-b011-44ed-b627-3347d950e1c4","Declan Flynn","5","Perfect size","Puncture-resistant tyres have lived up to the name. Several months of daily use, zero flats. Impressive.","true","""2025-07-06T19:55:21.812Z"""
"a8297410-68f2-48ce-8d09-9c030d037501","19a9dd64-b011-44ed-b627-3347d950e1c4","Mei Park","5","Perfect size","The LCD display is clear and easy to read in all conditions. Love being able to monitor speed and battery at a glance.","true","""2025-09-15T19:55:21.812Z"""
"ee3d490b-8099-446a-a067-e4980abf1a83","19a9dd64-b011-44ed-b627-3347d950e1c4","Chen Lee","5","Perfect for daily use","My colleagues have been asking about it constantly. Two have already bought one based on my recommendation.","false","""2025-09-17T19:55:21.812Z"""
"e28d0776-84f3-4cae-af45-e60d5aba0528","19a9dd64-b011-44ed-b627-3347d950e1c4","Mihai Horvath","4","Fantastic range","Perfect for my train commute. Folds small enough that it doesn't bother other passengers during rush hour.","true","""2025-09-02T19:55:21.812Z"""
"9661ed44-c843-4857-890b-1dfd23094043","19a9dd64-b011-44ed-b627-3347d950e1c4","Rashid Farouk","5","Highly recommend","The bell is louder than expected - in a good way! Pedestrians actually hear it first time.","true","""2025-07-07T19:55:21.812Z"""
"bd2fdd03-5e8d-48a4-8c4d-a12d83550210","19a9dd64-b011-44ed-b627-3347d950e1c4","Samuel Morgan","5","Folds up nicely","Surprisingly agile despite the weight. Easy to navigate through tight spaces and park conveniently.","true","""2025-06-09T19:55:21.812Z"""
"18920d0d-5f39-44b3-9d49-d97e42aafa1a","19a9dd64-b011-44ed-b627-3347d950e1c4","Emma Hughes","5","Happy commuter here","Surprisingly quiet motor. My old Electric bike sounded like a lawnmower. This one is almost silent - very refined.","true","""2025-07-22T19:55:21.812Z"""
"da807426-0a84-46d2-86de-fae600956341","19a9dd64-b011-44ed-b627-3347d950e1c4","Seren Jones","5","Best investment I've made","The LCD display is clear and easy to read in all conditions. Love being able to monitor speed and battery at a glance.","true","""2025-06-10T19:55:21.812Z"""
"7bdaf8c7-797f-4ece-a7db-b9453fbf14df","19a9dd64-b011-44ed-b627-3347d950e1c4","Ella Collins","5","Exceeded all expectations","Exactly as described on the website. No nasty surprises. What you see is what you get, which is refreshing.","false","""2025-09-25T19:55:21.812Z"""
"3b97b83b-c7b3-4756-b6a0-4820b124da4a","19a9dd64-b011-44ed-b627-3347d950e1c4","Pavel Volkov","5","Absolutely brilliant purchase","Rain hasn't been an issue. Everything is well-sealed and continues working perfectly. Confidence-inspiring in all weather.","true","""2025-08-28T19:55:21.812Z"""
"c35f7cfb-b330-4eae-96fb-1ca904638097","a1cc9357-0251-4e7f-b302-dc7f4e6476c3","Amara Osei","5","Sturdy and reliable for daily use","Using this for school runs and shopping trips. The rear rack is perfect for my pannier bags and the bike handles the extra weight without any issues. The hydraulic disc brakes are reassuring when carrying a full load. Kids love seeing mum on her ""cool bike""!","true","""2025-11-05T00:00:00.000Z"""
"97cd995c-04e2-4230-9202-4e23d82696be","a1cc9357-0251-4e7f-b302-dc7f4e6476c3","Tom Williams","4","Great all-rounder Electric bike","Mainly use it for trail riding at weekends. The 75Nm torque makes climbing hills feel effortless. Battery life is excellent - did a 50km ride and still had 40% left. Would give 5 stars but wish it came with mudguards as standard.","true","""2025-10-29T00:00:00.000Z"""
"9a75d22e-8db0-457c-8e39-9a18e80c5ccb","b975671f-5467-46c7-a73b-cbe87e2cd6f7","Declan Kennedy","5","Battery life is amazing","The LCD display is clear and easy to read in all conditions. Love being able to monitor speed and battery at a glance.","true","""2025-09-13T19:55:21.863Z"""
"cd589df3-eae8-4e40-b327-bd9064682a78","b975671f-5467-46c7-a73b-cbe87e2cd6f7","Kenji Kim","5","Love everything about it","The hinges feel solid with no play. Despite folding, it rides like a regular bike - no flex or wobble whatsoever.","true","""2025-11-19T19:55:21.863Z"""
"cb082a5e-5e51-420d-955b-c7f5215367ad","a1cc9357-0251-4e7f-b302-dc7f4e6476c3","Fatima Hassan","5","Changed my daily routine","Never thought I'd enjoy cycling until I got this. The motor assistance gives me confidence to tackle routes I'd never attempt before. Using it for my 6-mile commute daily and loving every minute. The fast charging means it's always ready when I need it.","true","""2025-10-21T00:00:00.000Z"""
"06f48a9c-8c6c-4893-9880-26508e4290ea","b975671f-5467-46c7-a73b-cbe87e2cd6f7","Angus Fraser","5","Top-notch product","The craftsmanship is evident. Welds are neat, paint is flawless. This is a bike built to last.","true","""2025-10-23T19:55:21.863Z"""
"322e24f9-40ee-413b-96d4-e840cc0256f3","b975671f-5467-46c7-a73b-cbe87e2cd6f7","Zara Singh","5","Outstanding value","This has paid for itself already in saved train fares. The financial case is compelling even before health benefits.","true","""2025-11-23T19:55:21.863Z"""
"63fc6682-709c-445e-b8d7-176963cc8511","b975671f-5467-46c7-a73b-cbe87e2cd6f7","Hassan Farouk","5","Good for longer rides","The craftsmanship is evident. Welds are neat, paint is flawless. This is a bike built to last.","true","""2025-07-09T19:55:21.863Z"""
"07976bc1-963b-4960-a735-75c591753ab7","b975671f-5467-46c7-a73b-cbe87e2cd6f7","Yasmin Nassar","5","Superb engineering","The hinges feel solid with no play. Despite folding, it rides like a regular bike - no flex or wobble whatsoever.","true","""2025-09-14T19:55:21.863Z"""
"8a5853b0-a014-43ba-a7e7-2dc824d9a28f","b975671f-5467-46c7-a73b-cbe87e2cd6f7","Cian Doyle","5","Folds up nicely","Kickstand is sturdy and reliable. Bike stays upright on any surface. Simple but essential feature that works perfectly.","true","""2025-09-10T19:55:21.863Z"""
"4a1dc4bc-69cd-4391-ae65-a8883ee37eb0","b975671f-5467-46c7-a73b-cbe87e2cd6f7","Amina Al-Sayed","3","Solid and reliable","The craftsmanship is evident. Welds are neat, paint is flawless. This is a bike built to last.","true","""2025-11-11T19:55:21.863Z"""
"f7a2d452-7c2d-4845-a248-b839bb992f81","b975671f-5467-46c7-a73b-cbe87e2cd6f7","Nia Oluwaseun","5","Love the design","The weight is well-balanced. Easy to manoeuvre despite being heavier than a standard bike. Handles beautifully.","false","""2025-05-30T19:55:21.863Z"""
"0a88659c-be45-4767-b1da-6e2e24bdbf1d","b975671f-5467-46c7-a73b-cbe87e2cd6f7","Jabari Ogunleye","5","Game-changer for my commute","Stores under my desk at work. Saves paying for cycle parking and keeps it safe. Unfolding is just as quick.","true","""2025-06-21T19:55:21.863Z"""
"6523a25a-3c23-499f-8774-0e4008544c43","a1cc9357-0251-4e7f-b302-dc7f4e6476c3","Ryan Murphy","5","Solid build, smooth ride","Third ENGWE bike I've owned and they keep getting better. This EP-2 3.0 is the smoothest yet. The torque sensor integration is seamless. Using it for Just Eat deliveries and weekend adventures. Would recommend to anyone looking for a versatile folding Electric bike.","true","""2025-10-15T00:00:00.000Z"""
"dcffb007-582b-4ab7-bf8d-995bc6fcff43","b975671f-5467-46c7-a73b-cbe87e2cd6f7","Keira Reid","4","Great for hills","Folding mechanism is brilliant. Takes literally 15 seconds. No fumbling or forcing required - just clicks into place.","true","""2025-09-15T19:55:21.863Z"""
"8aaf02ed-ad99-4256-b15d-12a818609480","b975671f-5467-46c7-a73b-cbe87e2cd6f7","Olivia Mitchell","5","Folds up nicely","Can fit in the boot of my hatchback easily. Opens up possibilities for weekend rides in the countryside.","true","""2025-07-09T19:55:21.863Z"""
"a57534d7-3f22-4a99-a498-e6df567fc30a","b975671f-5467-46c7-a73b-cbe87e2cd6f7","Ethan Edwards","4","Better than expected","Customer support answered all my pre-purchase questions promptly. Made the buying decision much easier.","true","""2025-08-03T19:55:21.863Z"""
"3da887b8-3147-4736-9f50-2b4953b47b8c","b975671f-5467-46c7-a73b-cbe87e2cd6f7","Ji-Hoon Yamamoto","5","Superb engineering","Surprisingly agile despite the weight. Easy to navigate through tight spaces and park conveniently.","true","""2025-09-12T19:55:21.863Z"""
"57713145-fe1c-49b0-ba29-301b462a0d78","b975671f-5467-46c7-a73b-cbe87e2cd6f7","Nia Boateng","5","Very impressed","Lights are bright and effective. Battery powers them without draining noticeably. Feel confident riding in darker months.","true","""2025-08-20T19:55:21.863Z"""
"c29464e6-0dbb-4fb1-8f33-ec49480ae9d1","b975671f-5467-46c7-a73b-cbe87e2cd6f7","Ji-Hoon Li","4","Responsive and smooth","Stores under my desk at work. Saves paying for cycle parking and keeps it safe. Unfolding is just as quick.","true","""2025-07-27T19:55:21.863Z"""
"3777562e-ba3d-4d82-b852-c06da096d695","b975671f-5467-46c7-a73b-cbe87e2cd6f7","Sakura Yamamoto","3","Brilliant for city riding","Customer service deserves special mention. Had a question about maintenance and received a detailed response within hours.","true","""2025-08-16T19:55:21.863Z"""
"45fac454-5945-495c-bb25-26a3d3bb4151","b975671f-5467-46c7-a73b-cbe87e2cd6f7","Maria Ramirez","5","Smooth and powerful","Folding mechanism is brilliant. Takes literally 15 seconds. No fumbling or forcing required - just clicks into place.","true","""2025-08-12T19:55:21.863Z"""
"e740c3af-e1e9-4cf4-a073-90be8cb16a64","b975671f-5467-46c7-a73b-cbe87e2cd6f7","Callum Murray","5","Good for longer rides","Saddle is surprisingly comfortable. I've done 30-mile rides without any discomfort. Gear shifting is smooth and precise too.","true","""2025-10-23T19:55:21.863Z"""
"2e41da4b-7c43-4ddb-b2a9-fb223bfabfff","b975671f-5467-46c7-a73b-cbe87e2cd6f7","Angus MacKenzie","5","Happy commuter here","Kickstand is sturdy and reliable. Bike stays upright on any surface. Simple but essential feature that works perfectly.","true","""2025-10-03T19:55:21.863Z"""
"114108e7-436d-4d02-982c-2fff30a35584","b975671f-5467-46c7-a73b-cbe87e2cd6f7","Ana Popov","5","Folds up nicely","After six months of daily use, I have zero complaints. No mechanical issues whatsoever. Just regular maintenance needed.","false","""2025-09-23T19:55:21.863Z"""
"5ea04db5-aa16-4c2a-b9c0-9b750a5eb3a8","b975671f-5467-46c7-a73b-cbe87e2cd6f7","Conor Doyle","5","Easy to use","Folding mechanism is brilliant. Takes literally 15 seconds. No fumbling or forcing required - just clicks into place.","true","""2025-09-22T19:55:21.863Z"""
"982adaa0-6714-4647-b250-3b218ce6eeef","b975671f-5467-46c7-a73b-cbe87e2cd6f7","Samuel Bell","5","Very impressed","Assembly was straightforward. Clear instructions and all necessary tools included. Was ready to ride in under half an hour.","true","""2025-09-19T19:55:21.863Z"""
"f2f9e631-19d2-4373-8608-f2dc5424d2c3","b975671f-5467-46c7-a73b-cbe87e2cd6f7","Hassan Nassar","4","Smooth and powerful","The bell is louder than expected - in a good way! Pedestrians actually hear it first time.","true","""2025-08-19T19:55:21.863Z"""
"1e929bb0-1af8-45d8-a938-881d4cd6f9a3","b975671f-5467-46c7-a73b-cbe87e2cd6f7","Mei Tanaka","5","Absolutely brilliant purchase","The integrated lights look sleek and work brilliantly. No fumbling with removable lights anymore.","true","""2025-10-10T19:55:21.863Z"""
"b427a6f1-7e1b-4854-88ca-d0f245de966b","b975671f-5467-46c7-a73b-cbe87e2cd6f7","Megan Hughes","5","Happy commuter here","Folding mechanism is brilliant. Takes literally 15 seconds. No fumbling or forcing required - just clicks into place.","false","""2025-06-01T19:55:21.863Z"""
"d25be509-29d1-4233-b31a-931974162453","b975671f-5467-46c7-a73b-cbe87e2cd6f7","Elena Kozlov","5","Perfect commuter bike","The design is sleek and modern. I get compliments on it regularly. Doesn't look like a typical Electric bike at all.","true","""2025-06-02T19:55:21.863Z"""
"65f9df4a-7719-42bb-bbc1-6b54bd3f7d31","b975671f-5467-46c7-a73b-cbe87e2cd6f7","Duncan Cameron","5","Comfortable ride","Puncture-resistant tyres have lived up to the name. Several months of daily use, zero flats. Impressive.","true","""2025-11-06T19:55:21.863Z"""
"5d680c49-c239-460b-befe-bf2fdb850d9b","b975671f-5467-46c7-a73b-cbe87e2cd6f7","Wei Tanaka","5","Highly recommend","The design is sleek and modern. I get compliments on it regularly. Doesn't look like a typical Electric bike at all.","false","""2025-06-30T19:55:21.863Z"""
"c236fe89-8061-4a2a-a3e9-7519d6120b85","b975671f-5467-46c7-a73b-cbe87e2cd6f7","Rohan Reddy","5","Fantastic quality","The craftsmanship is evident. Welds are neat, paint is flawless. This is a bike built to last.","true","""2025-07-13T19:55:21.863Z"""
"869d478a-b8a4-4dca-a0cf-802bfa1f3001","a1cc9357-0251-4e7f-b302-dc7f4e6476c3","James Thompson","5","Absolutely brilliant bike!","The 75Nm torque sensor is incredible - hills are effortless now! Absolutely love how natural the pedal assist feels.","true","""2024-05-15T00:00:00.000Z"""
"4405334b-c459-4a8f-8098-5650c8cd1fb9","a1cc9357-0251-4e7f-b302-dc7f4e6476c3","Sarah Mitchell","5","Exceeded all expectations","Folds up perfectly for my train commute. The 120km range means I only charge once a week.","true","""2024-06-22T00:00:00.000Z"""
"f10bd06b-752b-4a20-8850-0286035e7ac2","a1cc9357-0251-4e7f-b302-dc7f4e6476c3","David Clarke","5","Best purchase I have made","Fast charging is a game changer - 3.5 hours from empty to full. Perfect for overnight charging.","true","""2024-07-10T00:00:00.000Z"""
"2750ed38-dfd8-4135-be1a-0b2b4fac6dec","a1cc9357-0251-4e7f-b302-dc7f4e6476c3","Emma Roberts","5","Perfect for my commute","The hydraulic brakes give me so much confidence. Stops on a sixpence even in wet conditions.","true","""2024-08-05T00:00:00.000Z"""
"2e30000e-dfc4-46ac-a10b-dcb5c8734053","a1cc9357-0251-4e7f-b302-dc7f4e6476c3","Michael Brown","4","Outstanding quality","Smart app is brilliant for tracking my rides and adjusting the pedal assist levels.","true","""2024-08-20T00:00:00.000Z"""
"84658552-d542-4031-a339-68358a412e5b","a1cc9357-0251-4e7f-b302-dc7f4e6476c3","Sophie Williams","5","Fantastic e-bike","Fat tyres handle anything - gravel paths, wet roads, even light trails. Very versatile bike.","true","""2024-09-03T00:00:00.000Z"""
"67d78edf-2aa2-4c3d-9ff4-a03ac29ce9f8","a1cc9357-0251-4e7f-b302-dc7f4e6476c3","Chris Taylor","5","Highly recommend","Build quality is superb. Feels solid and well-engineered throughout.","true","""2024-09-18T00:00:00.000Z"""
"8f538e17-1e0c-4a70-b252-7f802a0eefab","a1cc9357-0251-4e7f-b302-dc7f4e6476c3","Lucy Johnson","5","Worth every penny","Customer service was excellent when I had questions about setup. Very helpful team.","true","""2024-10-02T00:00:00.000Z"""
"eed5503f-0411-40f2-b598-e2dcb66d83d1","a1cc9357-0251-4e7f-b302-dc7f4e6476c3","Andrew Davies","5","Amazing range and power","Delivery was faster than expected. Bike arrived in perfect condition.","true","""2024-10-15T00:00:00.000Z"""
"235f148d-da96-4dbe-8c37-ffb048142682","a1cc9357-0251-4e7f-b302-dc7f4e6476c3","Rachel Green","4","Incredible value","The torque sensor makes such a difference compared to cadence sensors. Natural riding feel.","true","""2024-10-28T00:00:00.000Z"""
"b0d0e9dc-123f-41f2-a699-6491fa78af84","a1cc9357-0251-4e7f-b302-dc7f4e6476c3","Thomas Wright","5","Love this bike!","Perfect size when folded - fits in my car boot with room to spare.","true","""2024-11-05T00:00:00.000Z"""
"00136a87-5678-4494-9901-831b1eeea9a7","a1cc9357-0251-4e7f-b302-dc7f4e6476c3","Hannah Scott","5","Game changer for commuting","Motor is whisper quiet. Nobody knows its electric unless I tell them!","true","""2024-11-18T00:00:00.000Z"""
"6f58dded-f0ee-49cb-9098-08e911554ebf","b975671f-5467-46c7-a73b-cbe87e2cd6f7","Skye Fraser","4","Impressive performance","Folding mechanism is brilliant. Takes literally 15 seconds. No fumbling or forcing required - just clicks into place.","true","""2025-07-14T19:55:21.863Z"""
"f8f7499d-c049-4e46-a1be-e4fc33b333fd","b975671f-5467-46c7-a73b-cbe87e2cd6f7","Liam Campbell","5","Motor is very quiet","Build quality exceeded expectations at this price point. No cheap plastics or wobbly parts. Everything feels premium.","true","""2025-07-28T19:55:21.863Z"""
"45fc2fc5-b8e4-4321-911d-4a4a0fbaf317","b975671f-5467-46c7-a73b-cbe87e2cd6f7","Evan Jones","5","Worth every penny","Perfect for my train commute. Folds small enough that it doesn't bother other passengers during rush hour.","true","""2025-09-16T19:55:21.863Z"""
"b7664565-3a65-47f9-b536-c85b531dec9d","b975671f-5467-46c7-a73b-cbe87e2cd6f7","Cian Flynn","5","Ideal for my needs","The design is sleek and modern. I get compliments on it regularly. Doesn't look like a typical Electric bike at all.","true","""2025-07-27T19:55:21.863Z"""
"821af07e-cbf2-4e9d-900b-a381ad9f55d0","b975671f-5467-46c7-a73b-cbe87e2cd6f7","Zara Adeyemi","5","Worth every penny","Suspension works brilliantly. Absorbs bumps effectively without feeling bouncy. Much more comfortable than my old rigid bike.","true","""2025-11-14T19:55:21.863Z"""
"24135d43-9511-4530-bda4-e9ef0ad9a3e1","b975671f-5467-46c7-a73b-cbe87e2cd6f7","Rashid Aziz","5","Fantastic quality","Customer service deserves special mention. Had a question about maintenance and received a detailed response within hours.","false","""2025-09-08T19:55:21.863Z"""
"e2ccd959-df5a-4ad4-9e3d-91aa73847638","b975671f-5467-46c7-a73b-cbe87e2cd6f7","Ravi Ali","5","Smooth and powerful","Suspension works brilliantly. Absorbs bumps effectively without feeling bouncy. Much more comfortable than my old rigid bike.","true","""2025-10-28T19:55:21.863Z"""
"5ed45168-49e8-47ae-879b-8a80307e9dc8","b975671f-5467-46c7-a73b-cbe87e2cd6f7","Amelia Evans","5","Happy commuter here","Rain hasn't been an issue. Everything is well-sealed and continues working perfectly. Confidence-inspiring in all weather.","true","""2025-10-29T19:55:21.863Z"""
"425a8ec5-d80d-4395-92af-e287fbe49d75","b975671f-5467-46c7-a73b-cbe87e2cd6f7","Fatima Malik","5","Perfect size","The build quality is exceptional. Everything feels solid and well-engineered. I've been using it daily for three months now and it still performs like new.","false","""2025-10-31T19:55:21.863Z"""
"e818b106-66e0-418c-9895-7f2bf2a188ee","b975671f-5467-46c7-a73b-cbe87e2cd6f7","Dimitri Volkov","5","Great for hills","Folding mechanism is brilliant. Takes literally 15 seconds. No fumbling or forcing required - just clicks into place.","false","""2025-07-23T19:55:21.863Z"""
"1b363a26-3b92-4742-9f08-6ea095fd3159","b975671f-5467-46c7-a73b-cbe87e2cd6f7","Zara Sharma","5","Impressive performance","Folding mechanism is brilliant. Takes literally 15 seconds. No fumbling or forcing required - just clicks into place.","true","""2025-11-20T19:55:21.863Z"""
"28507d4b-b853-4eec-a4ed-d53123dae6fc","b975671f-5467-46c7-a73b-cbe87e2cd6f7","George White","5","Excellent starter bike","Assembly was straightforward. Clear instructions and all necessary tools included. Was ready to ride in under half an hour.","true","""2025-11-08T19:55:21.863Z"""
"e2524e7d-857b-433f-95f3-b29ed24ab2dd","b975671f-5467-46c7-a73b-cbe87e2cd6f7","Rory MacLeod","4","Good for longer rides","Frame design is practical. Mounting and dismounting is easy, which matters when stopping frequently in town.","true","""2025-09-02T19:55:21.863Z"""
"8bede251-fe77-43d4-ac55-75548d7e0c27","b975671f-5467-46c7-a73b-cbe87e2cd6f7","Orla O'Donnell","3","Brilliant for city riding","Build quality exceeded expectations at this price point. No cheap plastics or wobbly parts. Everything feels premium.","true","""2025-10-20T19:55:21.863Z"""
"bddc779b-91ba-4154-b134-396c286264ab","b975671f-5467-46c7-a73b-cbe87e2cd6f7","Joshua Jenkins","4","Comfortable ride","Exactly as described on the website. No nasty surprises. What you see is what you get, which is refreshing.","true","""2025-11-03T19:55:21.863Z"""
"d2ed2270-4ac5-42d8-8bb3-568ea0e98b03","b975671f-5467-46c7-a73b-cbe87e2cd6f7","Conor Kennedy","5","Responsive and smooth","Saddle is surprisingly comfortable. I've done 30-mile rides without any discomfort. Gear shifting is smooth and precise too.","true","""2025-11-14T19:55:21.863Z"""
"429b4166-8b15-4550-b0e7-2c02002db442","b975671f-5467-46c7-a73b-cbe87e2cd6f7","Valentina Garcia","1","Perfect for daily use","The design is sleek and modern. I get compliments on it regularly. Doesn't look like a typical Electric bike at all.","true","""2025-09-12T19:55:21.863Z"""
"c314baea-3c89-49d3-93c4-ba60884d67ac","b975671f-5467-46c7-a73b-cbe87e2cd6f7","Saoirse O'Brien","5","Smooth and powerful","Arrived perfectly adjusted. Brakes, gears, everything worked perfectly straight out of the box. Very impressed with quality control.","true","""2025-06-06T19:55:21.863Z"""
"c28e8648-76a2-464d-984b-c78d84246b52","b975671f-5467-46c7-a73b-cbe87e2cd6f7","Petra Kowalski","2","Love everything about it","The throttle mode is brilliant for starting from lights. Get moving quickly without having to pedal hard in traffic.","true","""2025-11-20T19:55:21.863Z"""
"d10d1313-3265-4fa8-bc0b-ba1957dfe8c3","b975671f-5467-46c7-a73b-cbe87e2cd6f7","Wei Liu","3","Battery life is amazing","The weight is well-balanced. Easy to manoeuvre despite being heavier than a standard bike. Handles beautifully.","false","""2025-09-27T19:55:21.863Z"""
"eac4afbe-c735-4488-83e5-f8dc293b2c19","b975671f-5467-46c7-a73b-cbe87e2cd6f7","Ife Oluwaseun","5","Delighted with purchase","Customer support answered all my pre-purchase questions promptly. Made the buying decision much easier.","true","""2025-09-06T19:55:21.863Z"""
"c39bffb1-b98c-436c-bec5-b13a3fa68ea3","b975671f-5467-46c7-a73b-cbe87e2cd6f7","Kwame Balogun","5","Fantastic range","The craftsmanship is evident. Welds are neat, paint is flawless. This is a bike built to last.","true","""2025-11-22T19:55:21.863Z"""
"950e8cf3-bf9f-434b-837d-aecfdad8e818","b975671f-5467-46c7-a73b-cbe87e2cd6f7","Aiko Lee","4","Comfortable ride","The design is sleek and modern. I get compliments on it regularly. Doesn't look like a typical Electric bike at all.","true","""2025-07-13T19:55:21.863Z"""
"123ec354-8c24-4cb8-afa2-5924ca242302","b975671f-5467-46c7-a73b-cbe87e2cd6f7","Celyn Hughes","3","Better than expected","Stores under my desk at work. Saves paying for cycle parking and keeps it safe. Unfolding is just as quick.","true","""2025-08-24T19:55:21.863Z"""
"a45c2332-1e74-4a14-be38-23272053a2f9","a1cc9357-0251-4e7f-b302-dc7f4e6476c3","Daniel Evans","5","Superb build quality","Range is actually better than advertised in eco mode. Getting 130km regularly.","true","""2024-11-30T00:00:00.000Z"""
"26241e3b-4f09-4d8e-84c2-8a1c2fa52644","a1cc9357-0251-4e7f-b302-dc7f4e6476c3","Olivia Martin","5","Really impressed","Love the Forest Green colour - really stands out from other e-bikes.","true","""2024-12-10T00:00:00.000Z"""
"f6d69982-ac49-4133-a6b0-5811f88ea876","a1cc9357-0251-4e7f-b302-dc7f4e6476c3","Matthew Lee","4","Could not be happier","Shimano gears shift smoothly. Quality components throughout.","true","""2024-12-22T00:00:00.000Z"""
"5b2168a9-d166-43a8-8f26-ee9bcc88f65f","a1cc9357-0251-4e7f-b302-dc7f4e6476c3","Charlotte Hall","5","Five stars all round","The 250W motor has plenty of power for UK roads. Legal and capable.","true","""2025-01-05T00:00:00.000Z"""
"f6e0ef5e-20ae-414b-a317-a5ecd987227f","a1cc9357-0251-4e7f-b302-dc7f4e6476c3","Joseph King","5","Brilliant purchase","Comfortable riding position, even on longer journeys. No back pain.","true","""2025-01-18T00:00:00.000Z"""
"50c7eb43-df04-473e-ab78-53af11dd17ab","a1cc9357-0251-4e7f-b302-dc7f4e6476c3","Amelia Baker","5","Top notch e-bike","Display is clear and easy to read, even in bright sunlight.","true","""2025-01-28T00:00:00.000Z"""
"746e4067-c5e5-49d9-bf12-62aa178ac5af","a1cc9357-0251-4e7f-b302-dc7f4e6476c3","William Turner","5","Exceeded expectations","Battery indicator is accurate - no surprise flat batteries.","true","""2025-02-08T00:00:00.000Z"""
"be5b4069-33d9-4714-b351-82e77f858e23","b975671f-5467-46c7-a73b-cbe87e2cd6f7","Lily Collins","3","Highly recommend","Lights are bright and effective. Battery powers them without draining noticeably. Feel confident riding in darker months.","true","""2025-08-25T19:55:21.863Z"""
"cce7420c-eb9f-42b9-98a3-ede96f5ec5f0","b975671f-5467-46c7-a73b-cbe87e2cd6f7","Ruby Turner","5","Battery life is amazing","Customer support answered all my pre-purchase questions promptly. Made the buying decision much easier.","true","""2025-07-29T19:55:21.863Z"""
"3edf23cc-3b25-45ef-bd5c-59c7eae21eea","b975671f-5467-46c7-a73b-cbe87e2cd6f7","Dimitri Ionescu","4","Just what I needed","No buyer's remorse whatsoever. This is everything I hoped it would be and more. Absolutely delighted.","false","""2025-06-28T19:55:21.863Z"""
"1b608d65-96ad-455b-a3c0-7b5a153b65f2","b975671f-5467-46c7-a73b-cbe87e2cd6f7","Kwame Boateng","5","Fantastic range","The build quality is exceptional. Everything feels solid and well-engineered. I've been using it daily for three months now and it still performs like new.","true","""2025-11-07T19:55:21.863Z"""
"13de4f80-9190-4c5a-931f-957ad5d4e24a","b975671f-5467-46c7-a73b-cbe87e2cd6f7","Celyn Jones","5","Perfect for daily use","After six months of daily use, I have zero complaints. No mechanical issues whatsoever. Just regular maintenance needed.","true","""2025-07-08T19:55:21.863Z"""
"f7657398-3c13-4bf4-be35-d7d1bbaf5424","b975671f-5467-46c7-a73b-cbe87e2cd6f7","Noor Al-Sayed","5","Love everything about it","Lights are bright and effective. Battery powers them without draining noticeably. Feel confident riding in darker months.","true","""2025-07-01T19:55:21.863Z"""
"2f265773-a5ef-467f-b1c4-ffc78f356dc9","b975671f-5467-46c7-a73b-cbe87e2cd6f7","Hannah Evans","4","Best investment I've made","Folding mechanism is brilliant. Takes literally 15 seconds. No fumbling or forcing required - just clicks into place.","true","""2025-09-15T19:55:21.863Z"""
"799ef35f-ca60-436c-b7a4-34c60090f39b","b975671f-5467-46c7-a73b-cbe87e2cd6f7","Ife Okoro","5","Fantastic range","Perfect for my train commute. Folds small enough that it doesn't bother other passengers during rush hour.","true","""2025-07-08T19:55:21.863Z"""
"691cf897-0034-40ce-a7d5-73bda7b9a3d9","b975671f-5467-46c7-a73b-cbe87e2cd6f7","Eilidh Fraser","5","Highly recommend","The motor provides smooth, natural assistance. You barely notice it working but hills that used to exhaust me are now effortless.","true","""2025-07-16T19:55:21.863Z"""
"d7559f58-6da1-47c1-a9c3-44faf5459775","b975671f-5467-46c7-a73b-cbe87e2cd6f7","Hamish Grant","4","Highly recommend","Folding mechanism is brilliant. Takes literally 15 seconds. No fumbling or forcing required - just clicks into place.","true","""2025-08-02T19:55:21.863Z"""
"55a2fcc5-e786-4136-91ab-8d9b0f4f82fc","b975671f-5467-46c7-a73b-cbe87e2cd6f7","Hiroshi Zhang","5","Game-changer for my commute","Folding mechanism is brilliant. Takes literally 15 seconds. No fumbling or forcing required - just clicks into place.","true","""2025-10-05T19:55:21.863Z"""
"d5092681-a694-43b0-ad0c-d61208f952ac","b975671f-5467-46c7-a73b-cbe87e2cd6f7","Tariq Hamdan","5","Delighted with purchase","The design is sleek and modern. I get compliments on it regularly. Doesn't look like a typical Electric bike at all.","true","""2025-11-08T19:55:21.863Z"""
"d8d7c2e8-03bf-4274-a77d-53aea3576804","b975671f-5467-46c7-a73b-cbe87e2cd6f7","Mei Yamamoto","5","Brilliant for city riding","The hinges feel solid with no play. Despite folding, it rides like a regular bike - no flex or wobble whatsoever.","true","""2025-09-10T19:55:21.863Z"""
"d1fa1986-9405-42e2-9065-8e2a5ad7ebd5","b975671f-5467-46c7-a73b-cbe87e2cd6f7","Petra Petrescu","5","Folds up nicely","Assembly was straightforward. Clear instructions and all necessary tools included. Was ready to ride in under half an hour.","true","""2025-07-02T19:55:21.863Z"""
"0cdf2808-eee8-4d10-ac1c-bd00acc4f1e7","b975671f-5467-46c7-a73b-cbe87e2cd6f7","Orla O'Brien","5","Good for longer rides","Delivery was impressively quick. Arrived within two days, well packaged. Setup took about 20 minutes following the clear instructions provided.","true","""2025-11-12T19:55:21.863Z"""
"5978f59d-d7c4-4f3b-a432-6dd84d92006c","b975671f-5467-46c7-a73b-cbe87e2cd6f7","Jakub Petrescu","2","Really pleased","Folding mechanism is brilliant. Takes literally 15 seconds. No fumbling or forcing required - just clicks into place.","true","""2025-07-01T19:55:21.863Z"""
"4e638064-5460-44eb-9b56-5820b7e02c75","b975671f-5467-46c7-a73b-cbe87e2cd6f7","Ibrahim Ali","5","Better than expected","Folding mechanism is brilliant. Takes literally 15 seconds. No fumbling or forcing required - just clicks into place.","true","""2025-10-05T19:55:21.863Z"""
"998ffea8-f494-4edd-b78a-443521316395","b975671f-5467-46c7-a73b-cbe87e2cd6f7","Logan Campbell","5","Great for hills","Battery life has been fantastic. I do a 12-mile round trip daily and only charge twice a week. The range indicator is very accurate too.","true","""2025-09-06T19:55:21.863Z"""
"baeb8d93-a09d-47bb-9362-ca0883fcde4a","b975671f-5467-46c7-a73b-cbe87e2cd6f7","Khalid Al-Mansouri","2","Just what I needed","Battery life has been fantastic. I do a 12-mile round trip daily and only charge twice a week. The range indicator is very accurate too.","true","""2025-10-23T19:55:21.863Z"""
"162743ca-d734-4959-b12b-bf1e61087605","b975671f-5467-46c7-a73b-cbe87e2cd6f7","Evie Bennett","5","Couldn't be happier","My colleagues have been asking about it constantly. Two have already bought one based on my recommendation.","true","""2025-07-08T19:55:21.863Z"""
"8a56f3bf-27e8-49d3-a2ec-a7351458cdee","a1cc9357-0251-4e7f-b302-dc7f4e6476c3","Grace Adams","4","Perfect folding bike","Lights are bright enough for winter evening rides. Feel safe on roads.","true","""2025-02-20T00:00:00.000Z"""
"2f38fd3e-c08a-4a36-ac31-edc3741f95fb","b975671f-5467-46c7-a73b-cbe87e2cd6f7","Rohan Choudhury","5","Couldn't be happier","Perfect for my hilly commute. What used to take 45 minutes of sweaty pedalling now takes 25 minutes and I arrive fresh.","true","""2025-10-05T19:55:21.863Z"""
"274cbb25-193c-4de6-99fa-0eafef03b70a","b975671f-5467-46c7-a73b-cbe87e2cd6f7","Hana Yamamoto","5","Impressive performance","Perfect for my train commute. Folds small enough that it doesn't bother other passengers during rush hour.","true","""2025-11-22T19:55:21.863Z"""
"eab8b6d4-daaf-4044-bdf4-3eed400e75d1","b975671f-5467-46c7-a73b-cbe87e2cd6f7","Hamish MacDonald","3","Smooth and powerful","This has paid for itself already in saved train fares. The financial case is compelling even before health benefits.","true","""2025-11-08T19:55:21.863Z"""
"50b1d3f4-82a9-4cfa-afcb-e5dbab09aabf","b975671f-5467-46c7-a73b-cbe87e2cd6f7","Owain Owen","5","Perfect commuter bike","Love that I can use it as a regular bike when I want exercise, or with assistance when I'm tired. Versatility is brilliant.","true","""2025-09-28T19:55:21.863Z"""
"556c30d1-f69e-4714-a603-332bfe179ff2","b975671f-5467-46c7-a73b-cbe87e2cd6f7","Mihai Popov","5","Fantastic quality","Kickstand is sturdy and reliable. Bike stays upright on any surface. Simple but essential feature that works perfectly.","true","""2025-06-16T19:55:21.863Z"""
"06d3b0a5-4e5c-4db2-8b1b-1354cefb65de","b975671f-5467-46c7-a73b-cbe87e2cd6f7","Morgan Jones","5","Highly recommend","Gears shift smoothly under power. Some cheaper bikes require you to stop pedalling - not this one. Very convenient.","false","""2025-09-14T19:55:21.863Z"""
"a68cdf4f-5679-4e84-af8e-33236f58dc40","b975671f-5467-46c7-a73b-cbe87e2cd6f7","Conor Murphy","5","Quality exceeds the price","The bell is louder than expected - in a good way! Pedestrians actually hear it first time.","true","""2025-11-02T19:55:21.863Z"""
"98bdb4dd-0348-46e5-838b-70967eab52cb","b975671f-5467-46c7-a73b-cbe87e2cd6f7","Petra Horvath","4","Great for hills","Delivery was impressively quick. Arrived within two days, well packaged. Setup took about 20 minutes following the clear instructions provided.","true","""2025-11-03T19:55:21.863Z"""
"89c85438-8c7c-49ad-bd50-168f0cc25129","b975671f-5467-46c7-a73b-cbe87e2cd6f7","Celyn Owen","4","Perfect commuter bike","The build quality is exceptional. Everything feels solid and well-engineered. I've been using it daily for three months now and it still performs like new.","true","""2025-10-17T19:55:21.863Z"""
"fbf70b99-7cd2-491f-810a-bfc5c9194d94","b975671f-5467-46c7-a73b-cbe87e2cd6f7","Ffion Davies","3","Perfect commuter bike","The hinges feel solid with no play. Despite folding, it rides like a regular bike - no flex or wobble whatsoever.","true","""2025-09-10T19:55:21.863Z"""
"057f6449-8037-445e-8d65-86a4bdbeb387","b975671f-5467-46c7-a73b-cbe87e2cd6f7","Evie Thomas","5","Perfect size","After six months of daily use, I have zero complaints. No mechanical issues whatsoever. Just regular maintenance needed.","true","""2025-11-02T19:55:21.863Z"""
"0271fcfe-5cae-4637-a398-df0f8b597f14","b975671f-5467-46c7-a73b-cbe87e2cd6f7","Callum Ferguson","5","Excellent starter bike","Perfect for my hilly commute. What used to take 45 minutes of sweaty pedalling now takes 25 minutes and I arrive fresh.","true","""2025-10-15T19:55:21.863Z"""
"dd0adcd6-f188-4259-bfda-c62d5d90ca67","b975671f-5467-46c7-a73b-cbe87e2cd6f7","Ananya Rahman","5","Delighted with purchase","Delivery was impressively quick. Arrived within two days, well packaged. Setup took about 20 minutes following the clear instructions provided.","true","""2025-09-21T19:55:21.863Z"""
"96868b17-3d22-4469-a9e7-99f052635308","b975671f-5467-46c7-a73b-cbe87e2cd6f7","Liam O'Connor","5","Battery life is amazing","Perfect for my train commute. Folds small enough that it doesn't bother other passengers during rush hour.","false","""2025-11-15T19:55:21.863Z"""
"b99d9add-0b94-4d31-80d6-f165445fb300","b975671f-5467-46c7-a73b-cbe87e2cd6f7","Molly Edwards","4","Superb engineering","Stores under my desk at work. Saves paying for cycle parking and keeps it safe. Unfolding is just as quick.","true","""2025-08-19T19:55:21.863Z"""
"94563df0-0637-408b-8e90-aad12ed5ee65","b975671f-5467-46c7-a73b-cbe87e2cd6f7","Liam McCarthy","5","Highly recommend","Perfect for my train commute. Folds small enough that it doesn't bother other passengers during rush hour.","true","""2025-07-07T19:55:21.863Z"""
"7c8959af-0950-4a8b-85e9-ece9d35fd44a","b975671f-5467-46c7-a73b-cbe87e2cd6f7","Bethan Williams","4","Absolutely brilliant purchase","The weight is well-balanced. Easy to manoeuvre despite being heavier than a standard bike. Handles beautifully.","true","""2025-07-24T19:55:21.863Z"""
"066385de-824c-4bc5-a127-7795345f0356","b975671f-5467-46c7-a73b-cbe87e2cd6f7","Kwesi Okafor","5","Love the design","Brakes require minimal finger pressure. Very responsive without being grabby. Excellent modulation.","true","""2025-08-30T19:55:21.863Z"""
"d6803dc0-a7f2-4972-8b97-699d54bf4d92","b975671f-5467-46c7-a73b-cbe87e2cd6f7","Maria Martinez","5","Great customer service","Battery life has been fantastic. I do a 12-mile round trip daily and only charge twice a week. The range indicator is very accurate too.","true","""2025-08-31T19:55:21.863Z"""
"eb43b278-ba07-4499-a637-56d578e9a630","b975671f-5467-46c7-a73b-cbe87e2cd6f7","Andrei Nowak","5","Great customer service","No buyer's remorse whatsoever. This is everything I hoped it would be and more. Absolutely delighted.","true","""2025-07-22T19:55:21.863Z"""
"e19f62db-9e2f-4754-a2e2-68dca7d7536e","b975671f-5467-46c7-a73b-cbe87e2cd6f7","Samuel Murphy","2","Outstanding value","This has paid for itself already in saved train fares. The financial case is compelling even before health benefits.","true","""2025-07-28T19:55:21.863Z"""
"c92a03d2-582e-449e-a775-c51a6acc96ea","b975671f-5467-46c7-a73b-cbe87e2cd6f7","Maria Rodriguez","5","Perfect size","No buyer's remorse whatsoever. This is everything I hoped it would be and more. Absolutely delighted.","true","""2025-11-06T19:55:21.863Z"""
"03343900-1599-491b-b5c5-c864466ece6b","b975671f-5467-46c7-a73b-cbe87e2cd6f7","Aisling Walsh","5","Worth every penny","Love the removable battery. I can charge it at my desk whilst at work. So much more convenient than wheeling the whole bike inside.","false","""2025-10-16T19:55:21.863Z"""
"f2f0ae5f-b903-42af-b2a5-82c51b1e98b5","b975671f-5467-46c7-a73b-cbe87e2cd6f7","Sakura Wang","4","Smooth and powerful","Folding mechanism is brilliant. Takes literally 15 seconds. No fumbling or forcing required - just clicks into place.","true","""2025-08-04T19:55:21.863Z"""
"d64e6df7-49ac-4f40-a08c-3696e47db1c2","b975671f-5467-46c7-a73b-cbe87e2cd6f7","Ola Mensah","5","Delighted with purchase","The hinges feel solid with no play. Despite folding, it rides like a regular bike - no flex or wobble whatsoever.","true","""2025-10-12T19:55:21.863Z"""
"36dfa1af-902f-41c3-bd60-bd396650984e","b975671f-5467-46c7-a73b-cbe87e2cd6f7","Miguel Rodriguez","3","Couldn't be happier","Rain hasn't been an issue. Everything is well-sealed and continues working perfectly. Confidence-inspiring in all weather.","true","""2025-07-26T19:55:21.863Z"""
"5712ee49-de34-4569-ad7f-aec6ff733def","85fbd8c2-0502-46c9-a2e7-464010a1fc65","Leo Murphy","4","Love the design","Surprisingly quiet motor. My old Electric bike sounded like a lawnmower. This one is almost silent - very refined.","true","""2025-10-25T19:55:22.246Z"""
"db9909eb-97d7-49d4-b777-2329c98fdac6","a1cc9357-0251-4e7f-b302-dc7f4e6476c3","Jack Robinson","5","Great for hills","Mudguards included are a nice touch. Keeps me dry in British weather.","true","""2025-03-02T00:00:00.000Z"""
"ffe7d259-dd13-44f4-a407-d8f79655dddf","a1cc9357-0251-4e7f-b302-dc7f4e6476c3","Mia Collins","5","Smooth and powerful","Assembly was straightforward - about 20 minutes and ready to ride.","true","""2025-03-12T00:00:00.000Z"""
"b35936f1-104a-4b44-af4c-79d970441787","a1cc9357-0251-4e7f-b302-dc7f4e6476c3","Harry Phillips","5","Excellent customer service","The weight is manageable at 32kg. Can lift it onto train racks.","true","""2025-03-22T00:00:00.000Z"""
"23e75d77-a4af-49ec-a4d8-142797aba97a","b975671f-5467-46c7-a73b-cbe87e2cd6f7","Henry Scott","5","Responsive and smooth","Braking performance is excellent. Stops quickly and confidently even in wet conditions. Feel very safe riding in traffic.","true","""2025-08-03T19:55:21.863Z"""
"e4deed47-1b34-4167-b600-414cfb52a4c7","b975671f-5467-46c7-a73b-cbe87e2cd6f7","Carys Hughes","5","Worth every penny","Can fit in the boot of my hatchback easily. Opens up possibilities for weekend rides in the countryside.","true","""2025-10-24T19:55:21.863Z"""
"710ac4c1-5fcf-4375-8858-366a197673a1","b975671f-5467-46c7-a73b-cbe87e2cd6f7","Dylan Jenkins","3","Excellent build quality","Customer support answered all my pre-purchase questions promptly. Made the buying decision much easier.","true","""2025-08-01T19:55:21.863Z"""
"d446f703-0c05-4924-8095-c5576dcfee47","b975671f-5467-46c7-a73b-cbe87e2cd6f7","Ji-Hoon Wang","5","Responsive and smooth","Stores under my desk at work. Saves paying for cycle parking and keeps it safe. Unfolding is just as quick.","true","""2025-07-19T19:55:21.863Z"""
"bc2c63d3-c28d-4d06-8456-dbf87bb57df9","b975671f-5467-46c7-a73b-cbe87e2cd6f7","Eilidh Gordon","5","Couldn't be happier","Battery life has been fantastic. I do a 12-mile round trip daily and only charge twice a week. The range indicator is very accurate too.","true","""2025-06-28T19:55:21.863Z"""
"85c4aba8-a020-485c-8e9e-0514f372b1bd","b975671f-5467-46c7-a73b-cbe87e2cd6f7","Ibrahim Singh","5","Battery life is amazing","I was hesitant about the price initially, but this has saved me hundreds in fuel costs already. Best decision I've made this year.","true","""2025-08-14T19:55:21.863Z"""
"47370962-9126-442a-85ec-f680ed2e10d4","b975671f-5467-46c7-a73b-cbe87e2cd6f7","Leila Al-Mansouri","5","Easy to use","Stores under my desk at work. Saves paying for cycle parking and keeps it safe. Unfolding is just as quick.","true","""2025-10-19T19:55:21.863Z"""
"a8dbee67-b3f8-4a3f-8c78-63a9d08f5b2e","b975671f-5467-46c7-a73b-cbe87e2cd6f7","Katarina Ivanova","5","Happy commuter here","The bell is louder than expected - in a good way! Pedestrians actually hear it first time.","true","""2025-08-13T19:55:21.863Z"""
"86926a8d-900c-448c-ab9a-3e81ffdb8f6c","b975671f-5467-46c7-a73b-cbe87e2cd6f7","Carys Morgan","5","Worth every penny","Stores under my desk at work. Saves paying for cycle parking and keeps it safe. Unfolding is just as quick.","true","""2025-07-28T19:55:21.863Z"""
"f71c329c-eaea-45b2-9d39-01f858fdda1b","b975671f-5467-46c7-a73b-cbe87e2cd6f7","Isla Roberts","4","Outstanding value","Love the removable battery. I can charge it at my desk whilst at work. So much more convenient than wheeling the whole bike inside.","true","""2025-07-30T19:55:21.863Z"""
"7ec06aa5-5b33-4358-9ba1-1991f4154711","b975671f-5467-46c7-a73b-cbe87e2cd6f7","Conor Ryan","5","Fantastic range","Perfect for my hilly commute. What used to take 45 minutes of sweaty pedalling now takes 25 minutes and I arrive fresh.","true","""2025-08-24T19:55:21.863Z"""
"e9b453dd-ac2e-472c-a87b-a22bc844b7b9","b975671f-5467-46c7-a73b-cbe87e2cd6f7","Isabella Bennett","3","Excellent starter bike","I'm 6'2"" and it fits me comfortably with room to adjust. My partner is 5'4"" and can also ride it comfortably. Very adjustable.","false","""2025-09-26T19:55:21.863Z"""
"59abe2f1-56ac-4f0e-af1b-ef498f1f130b","b975671f-5467-46c7-a73b-cbe87e2cd6f7","Oscar Coleman","5","Impressive performance","Folding mechanism is brilliant. Takes literally 15 seconds. No fumbling or forcing required - just clicks into place.","true","""2025-11-07T19:55:21.863Z"""
"cca732b1-6c31-4533-b06e-ec0e4fee42d0","b975671f-5467-46c7-a73b-cbe87e2cd6f7","Evie Roberts","5","Fantastic range","Lights are bright and effective. Battery powers them without draining noticeably. Feel confident riding in darker months.","true","""2025-09-30T19:55:21.863Z"""
"6db560b3-05e8-41c2-9f68-394fb3db6bc7","b975671f-5467-46c7-a73b-cbe87e2cd6f7","Seren Owen","4","Quality exceeds the price","Rain hasn't been an issue. Everything is well-sealed and continues working perfectly. Confidence-inspiring in all weather.","true","""2025-07-15T19:55:21.863Z"""
"886e53ab-ff8e-4437-949e-cf96966b7894","b975671f-5467-46c7-a73b-cbe87e2cd6f7","Rory Cameron","3","Top-notch product","Rain hasn't been an issue. Everything is well-sealed and continues working perfectly. Confidence-inspiring in all weather.","true","""2025-11-20T19:55:21.863Z"""
"f215170a-23e8-4459-92ea-ac10fbea8554","b975671f-5467-46c7-a73b-cbe87e2cd6f7","Noor Al-Mansouri","4","Excellent starter bike","Gears shift smoothly under power. Some cheaper bikes require you to stop pedalling - not this one. Very convenient.","true","""2025-11-11T19:55:21.863Z"""
"b8ce4184-1e47-4ef8-aa6b-6fe026915087","b975671f-5467-46c7-a73b-cbe87e2cd6f7","Yuki Lee","5","Brilliant for city riding","Can fit in the boot of my hatchback easily. Opens up possibilities for weekend rides in the countryside.","false","""2025-06-29T19:55:21.863Z"""
"0a4e8cc8-0d2a-48f6-9131-1892e2895f7f","b975671f-5467-46c7-a73b-cbe87e2cd6f7","Cerys Morgan","4","Quality exceeds the price","Wheels are strong and true. Haven't needed any adjustment despite some rough cycle paths and potholes.","true","""2025-07-25T19:55:21.863Z"""
"20bee117-f0b4-4873-b4b5-9007b1364432","b975671f-5467-46c7-a73b-cbe87e2cd6f7","Hannah Sanders","5","Great customer service","I'm 6'2"" and it fits me comfortably with room to adjust. My partner is 5'4"" and can also ride it comfortably. Very adjustable.","true","""2025-10-22T19:55:21.863Z"""
"7701cd63-1626-4bd3-b9da-cc65e1da8918","b975671f-5467-46c7-a73b-cbe87e2cd6f7","Katarina Kozlov","5","Brilliant for city riding","The bell is louder than expected - in a good way! Pedestrians actually hear it first time.","true","""2025-10-10T19:55:21.863Z"""
"47785da5-dbba-40c2-9251-3fe70d02c9d0","b975671f-5467-46c7-a73b-cbe87e2cd6f7","Meera Malik","3","Couldn't be happier","The hinges feel solid with no play. Despite folding, it rides like a regular bike - no flex or wobble whatsoever.","true","""2025-08-08T19:55:21.863Z"""
"3e7b0946-5e11-4d3f-a6fe-51a263f05125","b975671f-5467-46c7-a73b-cbe87e2cd6f7","Erin Reid","2","Happy commuter here","The craftsmanship is evident. Welds are neat, paint is flawless. This is a bike built to last.","true","""2025-11-07T19:55:21.863Z"""
"049e3f5b-e2a1-48f9-83f6-4fc6681b8654","b975671f-5467-46c7-a73b-cbe87e2cd6f7","Chen Wong","5","Solid and reliable","Perfect for my train commute. Folds small enough that it doesn't bother other passengers during rush hour.","true","""2025-05-28T19:55:21.863Z"""
"4a55761a-2186-4dd0-b96a-9b07e0252cfb","b975671f-5467-46c7-a73b-cbe87e2cd6f7","Keira MacDonald","4","Highly recommend","Love the removable battery. I can charge it at my desk whilst at work. So much more convenient than wheeling the whole bike inside.","true","""2025-07-13T19:55:21.863Z"""
"80dca9d0-9db6-4ecf-8f75-39bc201e61bc","b975671f-5467-46c7-a73b-cbe87e2cd6f7","Natalia Kuznetsov","1","Brilliant for city riding","Surprisingly quiet motor. My old Electric bike sounded like a lawnmower. This one is almost silent - very refined.","true","""2025-07-03T19:55:21.863Z"""
"1f820ac3-cbdf-49de-b33c-17fa41b29a09","b975671f-5467-46c7-a73b-cbe87e2cd6f7","Carys Davies","5","Exceeded all expectations","The build quality is exceptional. Everything feels solid and well-engineered. I've been using it daily for three months now and it still performs like new.","true","""2025-09-07T19:55:21.863Z"""
"80c8f17a-8574-4506-b527-b43b4c6b0498","a1cc9357-0251-4e7f-b302-dc7f4e6476c3","Isabella Moore","4","Fast delivery","Kickstand is sturdy. Bike does not tip over when loading panniers.","true","""2025-04-01T00:00:00.000Z"""
"ed08f62e-b984-4826-8f7b-ca196ab9bcd4","a1cc9357-0251-4e7f-b302-dc7f4e6476c3","George Stewart","5","Better than expected","USB charging port on the battery is handy for my phone.","true","""2025-04-10T00:00:00.000Z"""
"61e4da54-9ad6-4344-a661-cdfdb0a81d95","a1cc9357-0251-4e7f-b302-dc7f4e6476c3","Ella Watson","5","Quality craftsmanship","Partner loved it so much we bought a second one!","true","""2025-04-20T00:00:00.000Z"""
"639d9929-d4dd-42c2-b9ac-4e32fe52dbfc","a1cc9357-0251-4e7f-b302-dc7f4e6476c3","Oliver Harris","5","Reliable and fun","Replaced my car for short trips. Saving a fortune on petrol.","true","""2025-04-28T00:00:00.000Z"""
"508b1316-7801-4aac-8c1e-2f83f5d5e186","b975671f-5467-46c7-a73b-cbe87e2cd6f7","Leo Taylor","5","Great for hills","I was hesitant about the price initially, but this has saved me hundreds in fuel costs already. Best decision I've made this year.","true","""2025-06-16T19:55:21.863Z"""
"0883c487-842e-433d-9e58-7d2e5243b4a9","b975671f-5467-46c7-a73b-cbe87e2cd6f7","Jakub Volkov","4","Game-changer for my commute","No buyer's remorse whatsoever. This is everything I hoped it would be and more. Absolutely delighted.","true","""2025-06-10T19:55:21.863Z"""
"14608049-d19c-4f91-b45f-b1960837e2d7","b975671f-5467-46c7-a73b-cbe87e2cd6f7","Aarav Desai","5","Very impressed","Eco mode extends the range impressively. Easily get 50+ miles if you're not rushing. Perfect for weekend rides.","true","""2025-10-06T19:55:21.863Z"""
"4230ff3f-d68e-49b4-815b-e5caa7726766","b975671f-5467-46c7-a73b-cbe87e2cd6f7","George Thompson","5","Superb engineering","Perfect for my hilly commute. What used to take 45 minutes of sweaty pedalling now takes 25 minutes and I arrive fresh.","true","""2025-08-02T19:55:21.863Z"""
"9ce8c422-2b49-426a-b772-47a5f9b972c5","b975671f-5467-46c7-a73b-cbe87e2cd6f7","Dylan Morgan","5","Best investment I've made","This has genuinely changed my lifestyle. Haven't driven to work in two months. Saving money and getting fitter simultaneously.","true","""2025-11-15T19:55:21.863Z"""
"9d8b88b5-3a5b-4d35-ae17-ae3977238955","b975671f-5467-46c7-a73b-cbe87e2cd6f7","Kemi Nwosu","3","Better than expected","Arrived perfectly adjusted. Brakes, gears, everything worked perfectly straight out of the box. Very impressed with quality control.","true","""2025-06-30T19:55:21.863Z"""
"55b2efec-c13b-4572-96dd-2f39c0b206f0","b975671f-5467-46c7-a73b-cbe87e2cd6f7","Roisin O'Sullivan","5","Highly recommend","Stores under my desk at work. Saves paying for cycle parking and keeps it safe. Unfolding is just as quick.","true","""2025-10-31T19:55:21.863Z"""
"5908daca-56e1-45b9-89f5-170162907d36","b975671f-5467-46c7-a73b-cbe87e2cd6f7","Isla Fraser","5","Worth every penny","Customer service deserves special mention. Had a question about maintenance and received a detailed response within hours.","true","""2025-10-27T19:55:21.863Z"""
"d2b91255-a55e-479f-83a5-a65a5054f2d3","b975671f-5467-46c7-a73b-cbe87e2cd6f7","Chinwe Oluwaseun","3","Ideal for my needs","The weight is well-balanced. Easy to manoeuvre despite being heavier than a standard bike. Handles beautifully.","true","""2025-10-22T19:55:21.863Z"""
"4d413c6b-c197-4274-9e9b-029bac7368d2","b975671f-5467-46c7-a73b-cbe87e2cd6f7","Yasmin Hamdan","5","Love everything about it","Stores under my desk at work. Saves paying for cycle parking and keeps it safe. Unfolding is just as quick.","true","""2025-07-25T19:55:21.863Z"""
"2491b166-bbb0-4566-8cf8-f640000b26fa","b975671f-5467-46c7-a73b-cbe87e2cd6f7","Aarav Reddy","4","Very impressed","After six months of daily use, I have zero complaints. No mechanical issues whatsoever. Just regular maintenance needed.","false","""2025-11-11T19:55:21.863Z"""
"49accd4a-d978-49c4-8654-a6178a9bba4b","b975671f-5467-46c7-a73b-cbe87e2cd6f7","Ciara Kennedy","5","Impressive performance","Lights are bright and effective. Battery powers them without draining noticeably. Feel confident riding in darker months.","true","""2025-10-27T19:55:21.863Z"""
"e463e7be-590f-4362-9b2d-64fc9143148f","b975671f-5467-46c7-a73b-cbe87e2cd6f7","Kabir Mehta","5","Happy commuter here","Rain hasn't been an issue. Everything is well-sealed and continues working perfectly. Confidence-inspiring in all weather.","true","""2025-08-12T19:55:21.863Z"""
"0f26514b-c46f-46a9-89df-2647cbdf9756","b975671f-5467-46c7-a73b-cbe87e2cd6f7","Orla Ryan","5","Excellent build quality","Suspension works brilliantly. Absorbs bumps effectively without feeling bouncy. Much more comfortable than my old rigid bike.","true","""2025-06-18T19:55:21.863Z"""
"371a48c9-2ded-42df-9a4b-46eae89340ec","b975671f-5467-46c7-a73b-cbe87e2cd6f7","Yusuf Gupta","5","Quality exceeds the price","Can fit in the boot of my hatchback easily. Opens up possibilities for weekend rides in the countryside.","true","""2025-07-04T19:55:21.863Z"""
"7fa28c1c-a460-425a-82a9-b5801b99330d","b975671f-5467-46c7-a73b-cbe87e2cd6f7","Kenji Chen","5","Couldn't be happier","The mudguards actually work. Stay clean and dry even through puddles. Small detail but makes a big difference.","true","""2025-05-30T19:55:21.863Z"""
"ecd684f0-62ba-4fef-9866-5781b78a2856","b975671f-5467-46c7-a73b-cbe87e2cd6f7","Valentina Martinez","5","Superb engineering","Suspension works brilliantly. Absorbs bumps effectively without feeling bouncy. Much more comfortable than my old rigid bike.","true","""2025-08-06T19:55:21.863Z"""
"defdddd5-a3fc-4d8f-b174-1f627273e0a7","b975671f-5467-46c7-a73b-cbe87e2cd6f7","Ananya Ahmed","5","Great for hills","Perfect for my hilly commute. What used to take 45 minutes of sweaty pedalling now takes 25 minutes and I arrive fresh.","false","""2025-09-25T19:55:21.863Z"""
"b811127f-b094-4109-8844-a56a6463c7bc","b975671f-5467-46c7-a73b-cbe87e2cd6f7","Charlotte Bennett","3","Superb engineering","The bell is louder than expected - in a good way! Pedestrians actually hear it first time.","true","""2025-09-20T19:55:21.863Z"""
"ac6c1231-ba11-4407-bb27-22ccbdb6ff99","b975671f-5467-46c7-a73b-cbe87e2cd6f7","Conor Flynn","5","Brilliant for city riding","Folding mechanism is brilliant. Takes literally 15 seconds. No fumbling or forcing required - just clicks into place.","true","""2025-10-01T19:55:21.863Z"""
"6eae3580-5208-4b4a-aeab-cf3ee8d174d7","2865bc55-4d48-461f-9ac3-0db1460783f8","Elena Horvath","5","Brilliant for city riding","The LCD display is clear and easy to read in all conditions. Love being able to monitor speed and battery at a glance.","true","""2025-09-26T19:55:21.900Z"""
"1b95cb5f-bc99-40cd-8d6a-6981bf479127","2865bc55-4d48-461f-9ac3-0db1460783f8","Maisie Gordon","4","Couldn't be happier","The bell is louder than expected - in a good way! Pedestrians actually hear it first time.","true","""2025-11-10T19:55:21.900Z"""
"96103972-ce38-4cbb-94c5-b06194953758","2865bc55-4d48-461f-9ac3-0db1460783f8","Kwesi Kamau","5","Highly recommend","Customer service deserves special mention. Had a question about maintenance and received a detailed response within hours.","true","""2025-09-11T19:55:21.900Z"""
"f3670f18-eb9c-409b-be51-9d6c89c622f8","2865bc55-4d48-461f-9ac3-0db1460783f8","Bethan Price","1","Delighted with purchase","Disc brakes are essential off-road and these perform flawlessly. Powerful, progressive, reliable even when caked in mud.","true","""2025-11-14T19:55:21.900Z"""
"64cd3c84-d5a8-4b6c-be41-42472972f2ee","a1cc9357-0251-4e7f-b302-dc7f4e6476c3","Ava White","5","Perfect daily rider","The suspension fork smooths out rough roads nicely.","true","""2025-05-05T00:00:00.000Z"""
"ce068b1d-3c2f-48b7-87ba-6dd649319cee","a1cc9357-0251-4e7f-b302-dc7f4e6476c3","Charlie Jackson","5","Impressive torque","Rear rack is solid enough for my shopping trips.","true","""2025-05-15T00:00:00.000Z"""
"8bf30b86-bed5-425b-8301-52a5b4227ca4","a1cc9357-0251-4e7f-b302-dc7f4e6476c3","Emily Thomas","4","Smart features work great","Best investment I have made for my health and wallet.","true","""2025-05-25T00:00:00.000Z"""
"50a7be8c-fffd-45ce-a71f-e8de43203777","a1cc9357-0251-4e7f-b302-dc7f4e6476c3","Joshua Clark","5","Absolutely brilliant bike!","The folding mechanism is well-designed and secure.","true","""2025-06-02T00:00:00.000Z"""
"e74aef80-4313-4452-9736-98f5b9d8f7c7","a1cc9357-0251-4e7f-b302-dc7f4e6476c3","Chloe Walker","5","Exceeded all expectations","Disc brakes work brilliantly in all weather conditions.","true","""2025-06-12T00:00:00.000Z"""
"2d9689fe-9c5c-4345-85f1-847e141fe1ec","a1cc9357-0251-4e7f-b302-dc7f4e6476c3","Ben Lewis","5","Best purchase I have made","Love how responsive the motor is when starting from traffic lights.","true","""2025-06-22T00:00:00.000Z"""
"23d15444-dcc9-4e3e-b833-7360833c7ab9","a1cc9357-0251-4e7f-b302-dc7f4e6476c3","Lily Young","5","Perfect for my commute","Battery is easy to remove for indoor charging.","true","""2025-07-01T00:00:00.000Z"""
"c94e2514-ae13-4274-a7ee-e7c9d65418b6","2865bc55-4d48-461f-9ac3-0db1460783f8","Chinwe Okafor","5","Just what I needed","Eco mode extends the range impressively. Easily get 50+ miles if you're not rushing. Perfect for weekend rides.","true","""2025-07-24T19:55:21.900Z"""
"fd829534-5fae-45b3-aa1c-e9e4aa99210e","2865bc55-4d48-461f-9ac3-0db1460783f8","Chinwe Kamau","4","Couldn't be happier","The fat tyres provide incredible grip on loose surfaces. Confident descending on gravel and mud where my road bike would slip.","true","""2025-08-15T19:55:21.901Z"""
"d07850ec-c3ec-4de0-a9e5-3dba9e4a8ac6","2865bc55-4d48-461f-9ac3-0db1460783f8","Eilidh Ross","5","Great for hills","Build quality exceeded expectations at this price point. No cheap plastics or wobbly parts. Everything feels premium.","true","""2025-07-04T19:55:21.901Z"""
"a1428607-9283-4b8f-86f1-96b85c0bbbf1","2865bc55-4d48-461f-9ac3-0db1460783f8","Miguel Martinez","5","Absolutely brilliant purchase","The weight is well-balanced. Easy to manoeuvre despite being heavier than a standard bike. Handles beautifully.","true","""2025-10-17T19:55:21.901Z"""
"441d6b38-f864-40ec-99fd-4499c0c41598","2865bc55-4d48-461f-9ac3-0db1460783f8","Saoirse Flynn","4","Easy to use","Ground clearance is generous. No pedal strikes even on rocky terrain. Well thought-out geometry for actual off-road use.","true","""2025-06-30T19:55:21.901Z"""
"f6e6b61b-79b7-4daa-98f9-0e6d4e87b80a","2865bc55-4d48-461f-9ac3-0db1460783f8","Luis Morales","5","Impressive performance","The craftsmanship is evident. Welds are neat, paint is flawless. This is a bike built to last.","true","""2025-08-08T19:55:21.901Z"""
"24b70acc-9e17-4ac0-9d34-e344dd4dac62","2865bc55-4d48-461f-9ac3-0db1460783f8","Ibrahim Malik","5","Battery life is amazing","The wide handlebars give excellent control on technical sections. Feel very planted and confident on descents.","true","""2025-07-18T19:55:21.901Z"""
"317629a6-6654-47c9-b390-615d1e2b1a75","2865bc55-4d48-461f-9ac3-0db1460783f8","Ciara O'Sullivan","5","Comfortable ride","Ground clearance is generous. No pedal strikes even on rocky terrain. Well thought-out geometry for actual off-road use.","true","""2025-10-27T19:55:21.901Z"""
"95f7f1cd-d1b5-48ac-83eb-2ededc8f10e7","2865bc55-4d48-461f-9ac3-0db1460783f8","Lin Wong","5","Perfect for daily use","My colleagues have been asking about it constantly. Two have already bought one based on my recommendation.","true","""2025-06-07T19:55:21.901Z"""
"00f7cca7-a6a2-4ddd-90a0-05e6bd4dcf60","2865bc55-4d48-461f-9ac3-0db1460783f8","Noah Richardson","4","Highly recommend","The tyres grip well in all conditions. Confident cornering even on wet roads. Feel very planted and stable.","false","""2025-07-11T19:55:21.901Z"""
"0c3c9967-42dd-4734-86a1-4293ea869738","2865bc55-4d48-461f-9ac3-0db1460783f8","Jabari Adeyemi","5","Fantastic quality","The folding mechanism is genius. Folds down in seconds and fits easily in my car boot or under my desk at work.","true","""2025-11-03T19:55:21.901Z"""
"4fa3455c-7cb6-4570-b2e6-c52479447aa5","2865bc55-4d48-461f-9ac3-0db1460783f8","Bethan Morgan","5","Highly recommend","Frame design is practical. Mounting and dismounting is easy, which matters when stopping frequently in town.","true","""2025-08-12T19:55:21.901Z"""
"cfe587d2-1a02-49e1-8ed0-33b0b49fd6a7","2865bc55-4d48-461f-9ac3-0db1460783f8","Tao Suzuki","5","Smooth and powerful","I'm 6'2"" and it fits me comfortably with room to adjust. My partner is 5'4"" and can also ride it comfortably. Very adjustable.","true","""2025-06-05T19:55:21.901Z"""
"88952da2-854c-4db5-8e53-cbd713aef45f","2865bc55-4d48-461f-9ac3-0db1460783f8","Keira MacLeod","4","Happy commuter here","Customer service deserves special mention. Had a question about maintenance and received a detailed response within hours.","true","""2025-09-18T19:55:21.901Z"""
"94d7e31f-81ed-444e-8c52-b241915b6dd2","2865bc55-4d48-461f-9ac3-0db1460783f8","Jakub Novak","5","Worth every penny","The folding mechanism is genius. Folds down in seconds and fits easily in my car boot or under my desk at work.","true","""2025-09-03T19:55:21.901Z"""
"af60b723-2e23-4e1a-b860-3e8728eae8be","2865bc55-4d48-461f-9ac3-0db1460783f8","Fraser Stewart","5","Perfect for daily use","The bell is louder than expected - in a good way! Pedestrians actually hear it first time.","true","""2025-09-18T19:55:21.901Z"""
"d9ad3ec5-c384-420d-9967-14fcd44476b6","2865bc55-4d48-461f-9ac3-0db1460783f8","Ioan Jones","5","Outstanding value","Charges faster than expected. From empty to full in about 4-5 hours. Perfect to charge overnight.","true","""2025-10-09T19:55:21.901Z"""
"fb3757b0-9423-4a2d-844d-a305bb80fd3a","2865bc55-4d48-461f-9ac3-0db1460783f8","Ife Okafor","5","Delighted with purchase","Disc brakes are essential off-road and these perform flawlessly. Powerful, progressive, reliable even when caked in mud.","true","""2025-06-27T19:55:21.901Z"""
"eb2adddc-b38e-4023-9cc9-4c57d68ba5fc","2865bc55-4d48-461f-9ac3-0db1460783f8","Layla Mehta","5","Comfortable ride","The design is sleek and modern. I get compliments on it regularly. Doesn't look like a typical Electric bike at all.","false","""2025-09-01T19:55:21.901Z"""
"baa03456-0a36-4070-b8bf-6f22528be936","2865bc55-4d48-461f-9ac3-0db1460783f8","Yusuf Mehta","4","Easy to use","Braking performance is excellent. Stops quickly and confidently even in wet conditions. Feel very safe riding in traffic.","true","""2025-07-02T19:55:21.901Z"""
"467f4ba4-9c52-424c-96c9-2d9319b498cb","2865bc55-4d48-461f-9ac3-0db1460783f8","Liam MacDonald","5","Absolutely brilliant purchase","Ground clearance is generous. No pedal strikes even on rocky terrain. Well thought-out geometry for actual off-road use.","true","""2025-08-12T19:55:21.901Z"""
"7b3a89d2-29f7-4c7b-aae6-d00e5e41e5f2","2865bc55-4d48-461f-9ac3-0db1460783f8","Jun Lee","5","Folds up nicely","The design is sleek and modern. I get compliments on it regularly. Doesn't look like a typical Electric bike at all.","true","""2025-10-05T19:55:21.901Z"""
"aeed2ddf-bea2-4569-892c-7c30115dfbd1","2865bc55-4d48-461f-9ac3-0db1460783f8","Declan Ryan","3","Feels very sturdy","Gear range is perfect. Lowest gear handles steep hills, highest gear keeps up with traffic on flat roads.","false","""2025-06-03T19:55:21.901Z"""
"cd23ca20-9dc7-47b7-b6d3-8368c937861b","a1cc9357-0251-4e7f-b302-dc7f4e6476c3","Samuel Allen","5","Outstanding quality","The seat is comfortable - upgraded from stock which is often rubbish.","true","""2025-07-10T00:00:00.000Z"""
"25d5c9ae-c81f-4f48-92b9-9fd2b2ca955a","a1cc9357-0251-4e7f-b302-dc7f4e6476c3","Ruby Hill","4","Fantastic e-bike","Handles my 15 mile daily commute easily with battery to spare.","true","""2025-07-18T00:00:00.000Z"""
"dd72e3b9-1fdb-4d77-9370-ad3dc18d2649","a1cc9357-0251-4e7f-b302-dc7f4e6476c3","Ethan Wood","5","Highly recommend","The fat tyres give a really smooth, comfortable ride.","true","""2025-07-28T00:00:00.000Z"""
"9fbc8c35-10da-4106-9e10-237925455978","a1cc9357-0251-4e7f-b302-dc7f4e6476c3","Poppy Anderson","5","Worth every penny","Much better than my previous e-bike. Significant upgrade.","true","""2025-08-05T00:00:00.000Z"""
"ef718cf6-c7ec-4279-9828-9934fa7b46be","a1cc9357-0251-4e7f-b302-dc7f4e6476c3","Jacob Morris","5","Amazing range and power","My wife uses it for the school run - very practical.","true","""2025-08-15T00:00:00.000Z"""
"3e1abf9e-767c-437e-b5ab-1ba874bec10c","a1cc9357-0251-4e7f-b302-dc7f4e6476c3","Daisy Rogers","5","Incredible value","Hills that used to kill me are now enjoyable!","true","""2025-08-25T00:00:00.000Z"""
"8e43f2e6-7626-4393-897a-342612e7815b","2865bc55-4d48-461f-9ac3-0db1460783f8","Evan Rees","5","Solid and reliable","Surprisingly quiet motor. My old Electric bike sounded like a lawnmower. This one is almost silent - very refined.","true","""2025-06-21T19:55:21.901Z"""
"fca35a9c-fd64-48bf-91ba-eafce36aedab","2865bc55-4d48-461f-9ac3-0db1460783f8","Isabella Santos","5","Solid and reliable","The bell is louder than expected - in a good way! Pedestrians actually hear it first time.","true","""2025-05-30T19:55:21.901Z"""
"90bb34bf-ebc6-43b4-8c99-e7bf16920b5a","2865bc55-4d48-461f-9ac3-0db1460783f8","Aisling Flynn","4","Excellent build quality","The weight is well-balanced. Easy to manoeuvre despite being heavier than a standard bike. Handles beautifully.","true","""2025-07-17T19:55:21.901Z"""
"becee050-546a-423e-82b3-94d430115bf3","2865bc55-4d48-461f-9ac3-0db1460783f8","Aiko Tanaka","5","Worth every penny","Took it on some proper trails last weekend - the suspension handled everything beautifully. Roots, rocks, drops - all absorbed smoothly.","true","""2025-06-25T19:55:21.901Z"""
"d9a9dfea-8242-4985-89f7-6a0dc1eb3ef0","2865bc55-4d48-461f-9ac3-0db1460783f8","Mia Brown","3","Ideal for my needs","Exactly as described on the website. No nasty surprises. What you see is what you get, which is refreshing.","true","""2025-08-20T19:55:21.901Z"""
"2404cd77-341a-468b-90bb-cc8bc9b27ac9","2865bc55-4d48-461f-9ac3-0db1460783f8","Isabella Fernandez","5","Top-notch product","No buyer's remorse whatsoever. This is everything I hoped it would be and more. Absolutely delighted.","true","""2025-08-25T19:55:21.901Z"""
"82301163-a7dd-4162-9976-335c5ee657e2","2865bc55-4d48-461f-9ac3-0db1460783f8","Kwame Nwosu","5","Responsive and smooth","Ground clearance is generous. No pedal strikes even on rocky terrain. Well thought-out geometry for actual off-road use.","true","""2025-06-17T19:55:21.901Z"""
"a986172d-3aeb-48f7-8dd4-274293bf31fb","2865bc55-4d48-461f-9ac3-0db1460783f8","Natalia Petrescu","5","Perfect for daily use","Wheels are strong and true. Haven't needed any adjustment despite some rough cycle paths and potholes.","true","""2025-08-24T19:55:21.901Z"""
"947b173d-b5d0-4fcb-9358-8196c595b29b","2865bc55-4d48-461f-9ac3-0db1460783f8","Zofia Ionescu","3","Happy commuter here","The fat tyres provide incredible grip on loose surfaces. Confident descending on gravel and mud where my road bike would slip.","true","""2025-10-20T19:55:21.901Z"""
"9758a4dd-772a-4c00-99ab-0841dfaf96ad","2865bc55-4d48-461f-9ac3-0db1460783f8","Ayodele Balogun","5","Exceeded all expectations","Gears shift smoothly under power. Some cheaper bikes require you to stop pedalling - not this one. Very convenient.","true","""2025-06-08T19:55:21.901Z"""
"6cfcaa28-7f0f-4ce6-bc1b-ad7c6f097979","2865bc55-4d48-461f-9ac3-0db1460783f8","Ananya Reddy","5","Delighted with purchase","Disc brakes are essential off-road and these perform flawlessly. Powerful, progressive, reliable even when caked in mud.","true","""2025-07-15T19:55:21.901Z"""
"f85ed36f-3b01-4c77-8af8-131d42d33bab","2865bc55-4d48-461f-9ac3-0db1460783f8","Kofi Adeyemi","5","Happy commuter here","The wide handlebars give excellent control on technical sections. Feel very planted and confident on descents.","true","""2025-09-25T19:55:21.901Z"""
"c7fa3f7f-377e-43d9-bd31-6e42a6aad635","2865bc55-4d48-461f-9ac3-0db1460783f8","Angus Gordon","5","Love the design","Took it on some proper trails last weekend - the suspension handled everything beautifully. Roots, rocks, drops - all absorbed smoothly.","true","""2025-06-14T19:55:21.901Z"""
"af4fcd63-b415-42bf-8efd-9405678885f3","2865bc55-4d48-461f-9ac3-0db1460783f8","Chloe Wright","5","Good for longer rides","Ground clearance is generous. No pedal strikes even on rocky terrain. Well thought-out geometry for actual off-road use.","true","""2025-08-14T19:55:21.901Z"""
"4be81d68-14e7-4cc2-a92c-279e45efcc5e","2865bc55-4d48-461f-9ac3-0db1460783f8","Zofia Novak","5","Great for hills","My colleagues have been asking about it constantly. Two have already bought one based on my recommendation.","true","""2025-08-31T19:55:21.901Z"""
"22967553-42e5-469e-85dc-cc796fb510f3","2865bc55-4d48-461f-9ac3-0db1460783f8","Hiroshi Kim","5","Top-notch product","Battery life has been fantastic. I do a 12-mile round trip daily and only charge twice a week. The range indicator is very accurate too.","true","""2025-10-11T19:55:21.901Z"""
"274fdf6f-050b-4456-a285-8700d82b7f31","2865bc55-4d48-461f-9ac3-0db1460783f8","Isabella Ramirez","5","Love everything about it","The integrated lights look sleek and work brilliantly. No fumbling with removable lights anymore.","true","""2025-08-23T19:55:21.901Z"""
"38a2eaea-30f7-4938-9d89-2dd719121568","2865bc55-4d48-461f-9ac3-0db1460783f8","Zara Okafor","5","Fantastic quality","Disc brakes are essential off-road and these perform flawlessly. Powerful, progressive, reliable even when caked in mud.","true","""2025-09-24T19:55:21.901Z"""
"eedbac77-3693-45e6-bdbc-941ea0467033","2865bc55-4d48-461f-9ac3-0db1460783f8","Cian Kelly","5","Battery life is amazing","Love that I can use it as a regular bike when I want exercise, or with assistance when I'm tired. Versatility is brilliant.","true","""2025-10-16T19:55:21.901Z"""
"8a3f244e-ddf8-47ca-9e60-29cf5d6af0f9","2865bc55-4d48-461f-9ac3-0db1460783f8","Andrei Ionescu","5","Battery life is amazing","This has opened up so many new routes. Places that were too far or too hilly are now easily accessible. Loving the freedom.","true","""2025-10-07T19:55:21.901Z"""
"aec69794-4eeb-4fae-a067-537a804b02f3","2865bc55-4d48-461f-9ac3-0db1460783f8","Zara Adebayo","5","Better than expected","The wide handlebars give excellent control on technical sections. Feel very planted and confident on descents.","true","""2025-11-21T19:55:21.901Z"""
"b48b4b98-95b1-4c62-9a86-7d1b23ea0a99","2865bc55-4d48-461f-9ac3-0db1460783f8","Isha Hassan","4","Couldn't be happier","Ground clearance is generous. No pedal strikes even on rocky terrain. Well thought-out geometry for actual off-road use.","true","""2025-07-06T19:55:21.901Z"""
"59ff3d5f-3da6-4880-b1aa-4afaae7ec4dc","2865bc55-4d48-461f-9ac3-0db1460783f8","Natalia Ivanova","5","Love everything about it","The fat tyres provide incredible grip on loose surfaces. Confident descending on gravel and mud where my road bike would slip.","true","""2025-08-30T19:55:21.901Z"""
"8761a8a2-9210-4fae-a789-f074340b727a","2865bc55-4d48-461f-9ac3-0db1460783f8","Ciara Ryan","5","Perfect size","Brakes require minimal finger pressure. Very responsive without being grabby. Excellent modulation.","true","""2025-06-15T19:55:21.901Z"""
"ac17ccb9-b3c2-4a7f-a0b3-554c39ddc781","2865bc55-4d48-461f-9ac3-0db1460783f8","Andrei Kuznetsov","5","Best investment I've made","The wide handlebars give excellent control on technical sections. Feel very planted and confident on descents.","true","""2025-07-16T19:55:21.901Z"""
"8dfe5a27-09ba-4817-a9bd-85fb83dfb0a3","2865bc55-4d48-461f-9ac3-0db1460783f8","Maisie Robertson","5","Perfect for daily use","Surprisingly quiet motor. My old Electric bike sounded like a lawnmower. This one is almost silent - very refined.","false","""2025-11-15T19:55:21.901Z"""
"20441ec6-6bb1-4d98-875a-fc91c0c97b5e","a1cc9357-0251-4e7f-b302-dc7f4e6476c3","Henry Reed","5","Love this bike!","Great for exploring the countryside at weekends.","true","""2025-09-02T00:00:00.000Z"""
"37429ebc-5ada-4510-9c45-46e691de60cd","a1cc9357-0251-4e7f-b302-dc7f4e6476c3","Freya Cook","5","Game changer for commuting","The app shows exactly where Ive been and how many calories burned.","true","""2025-09-10T00:00:00.000Z"""
"fb5ba002-f738-40b5-8e3a-a19ddd876c05","a1cc9357-0251-4e7f-b302-dc7f4e6476c3","Noah Price","5","Superb build quality","Perfect for someone my age - Im 67 and its given me independence.","true","""2025-09-18T00:00:00.000Z"""
"7396c1cd-fe5a-46e3-a8ef-b01171f04bae","a1cc9357-0251-4e7f-b302-dc7f4e6476c3","Scarlett Bennett","4","Really impressed","Build quality matches bikes costing twice as much.","true","""2025-09-25T00:00:00.000Z"""
"5b4c39a6-c938-4ad6-b964-3c0af1c5f1e3","a1cc9357-0251-4e7f-b302-dc7f4e6476c3","Alfie Cooper","5","Could not be happier","The black colour is sleek and professional looking.","true","""2025-10-02T00:00:00.000Z"""
"26a12494-e472-45d4-bd81-3cdf01a74938","2865bc55-4d48-461f-9ac3-0db1460783f8","Ji-Hoon Suzuki","5","Good for longer rides","The weight is well-balanced. Easy to manoeuvre despite being heavier than a standard bike. Handles beautifully.","true","""2025-07-11T19:55:21.901Z"""
"ff8f67d6-5835-4604-8241-eba83a724c01","2865bc55-4d48-461f-9ac3-0db1460783f8","Tao Sato","4","Superb engineering","The fat tyres provide incredible grip on loose surfaces. Confident descending on gravel and mud where my road bike would slip.","true","""2025-08-31T19:55:21.901Z"""
"2aa875dd-f242-48e3-a3cd-b39277d7093a","2865bc55-4d48-461f-9ac3-0db1460783f8","Rory MacKenzie","5","Impressive performance","The integrated lights look sleek and work brilliantly. No fumbling with removable lights anymore.","true","""2025-10-10T19:55:21.901Z"""
"f07d964c-c8d3-4314-b6f6-99beb4cbcb00","2865bc55-4d48-461f-9ac3-0db1460783f8","Maria Fernandez","5","Top-notch product","The range is no exaggeration. Did a 45-mile ride last weekend and still had battery left. Perfect for longer adventures.","true","""2025-09-23T19:55:21.901Z"""
"29486dc3-15c3-47f5-9daf-48a5d04fdee7","2865bc55-4d48-461f-9ac3-0db1460783f8","Wei Kim","3","Worth every penny","Wheels are strong and true. Haven't needed any adjustment despite some rough cycle paths and potholes.","true","""2025-06-21T19:55:21.901Z"""
"2ac0b1ad-a721-4f90-a6e9-a5c697ce0fa3","2865bc55-4d48-461f-9ac3-0db1460783f8","Zara Oluwaseun","5","Brilliant for city riding","Love the removable battery. I can charge it at my desk whilst at work. So much more convenient than wheeling the whole bike inside.","false","""2025-10-03T19:55:21.901Z"""
"d7fa89c3-48f4-4a86-90c8-9c2ad06d665e","2865bc55-4d48-461f-9ac3-0db1460783f8","Gareth Lloyd","5","Highly recommend","Ground clearance is generous. No pedal strikes even on rocky terrain. Well thought-out geometry for actual off-road use.","false","""2025-05-28T19:55:21.901Z"""
"71a2d6f7-ba9a-48aa-976b-91785f84307f","2865bc55-4d48-461f-9ac3-0db1460783f8","Amelia Martin","4","Top-notch product","Arrived perfectly adjusted. Brakes, gears, everything worked perfectly straight out of the box. Very impressed with quality control.","true","""2025-10-04T19:55:21.901Z"""
"878af8ed-e2ce-463c-acc5-b06aab09974f","2865bc55-4d48-461f-9ac3-0db1460783f8","Olivia Jackson","5","Superb engineering","The folding mechanism is genius. Folds down in seconds and fits easily in my car boot or under my desk at work.","true","""2025-10-16T19:55:21.901Z"""
"ae421961-9942-4cd2-a4f5-8524efbd691a","2865bc55-4d48-461f-9ac3-0db1460783f8","Evan Owen","5","Happy commuter here","Ground clearance is generous. No pedal strikes even on rocky terrain. Well thought-out geometry for actual off-road use.","true","""2025-07-27T19:55:21.901Z"""
"51473d7e-d920-497d-983a-6822a0f3dd01","2865bc55-4d48-461f-9ac3-0db1460783f8","Katarina Ionescu","5","Top-notch product","No buyer's remorse whatsoever. This is everything I hoped it would be and more. Absolutely delighted.","true","""2025-07-07T19:55:21.901Z"""
"21fb2050-b48f-4358-bfda-a8a9459bb2d9","2865bc55-4d48-461f-9ac3-0db1460783f8","Viktor Novak","5","Ideal for my needs","Took it on some proper trails last weekend - the suspension handled everything beautifully. Roots, rocks, drops - all absorbed smoothly.","true","""2025-09-24T19:55:21.901Z"""
"71252a5e-94c5-4044-8c56-e3b75ad6b5c5","2865bc55-4d48-461f-9ac3-0db1460783f8","Zara Nwosu","5","Highly recommend","Disc brakes are essential off-road and these perform flawlessly. Powerful, progressive, reliable even when caked in mud.","true","""2025-08-13T19:55:21.901Z"""
"a7ccd80f-a665-46f9-b90e-1d61cf94f64a","2865bc55-4d48-461f-9ac3-0db1460783f8","Carys Owen","5","Fantastic range","Took it on some proper trails last weekend - the suspension handled everything beautifully. Roots, rocks, drops - all absorbed smoothly.","false","""2025-09-17T19:55:21.901Z"""
"98236676-50f5-402c-973a-d9f01e337b03","2865bc55-4d48-461f-9ac3-0db1460783f8","Isabella Martinez","5","Love the design","Took it on some proper trails last weekend - the suspension handled everything beautifully. Roots, rocks, drops - all absorbed smoothly.","true","""2025-11-19T19:55:21.901Z"""
"80cf7f1c-f5a7-4481-a0ff-c98930ebe711","2865bc55-4d48-461f-9ac3-0db1460783f8","Yusuf Malik","5","Comfortable ride","Took it on some proper trails last weekend - the suspension handled everything beautifully. Roots, rocks, drops - all absorbed smoothly.","false","""2025-10-28T19:55:21.901Z"""
"2605449e-aff9-4f5a-9c9e-206cfed0cefe","2865bc55-4d48-461f-9ac3-0db1460783f8","Natalia Ionescu","4","Better than expected","Saddle is surprisingly comfortable. I've done 30-mile rides without any discomfort. Gear shifting is smooth and precise too.","true","""2025-11-18T19:55:21.901Z"""
"c28da2a5-0d20-46ac-85ed-9c21bbc50ba4","2865bc55-4d48-461f-9ac3-0db1460783f8","Kwame Mwangi","5","Love everything about it","The craftsmanship is evident. Welds are neat, paint is flawless. This is a bike built to last.","true","""2025-06-18T19:55:21.901Z"""
"9ccd8f33-fcfd-4d1e-840d-7cd64c8c3288","2865bc55-4d48-461f-9ac3-0db1460783f8","George Ward","5","Perfect size","This has paid for itself already in saved train fares. The financial case is compelling even before health benefits.","true","""2025-06-24T19:55:21.901Z"""
"9792f243-067b-45e4-84b4-53a79c813207","2865bc55-4d48-461f-9ac3-0db1460783f8","Lin Wang","5","Excellent build quality","The wide handlebars give excellent control on technical sections. Feel very planted and confident on descents.","true","""2025-08-27T19:55:21.901Z"""
"dc25af28-2c70-4d06-a3a7-e334dbb54eb7","2865bc55-4d48-461f-9ac3-0db1460783f8","Hassan Al-Sayed","4","Fantastic range","Lights are bright and effective. Battery powers them without draining noticeably. Feel confident riding in darker months.","true","""2025-07-18T19:55:21.901Z"""
"157b3cc5-be4b-4a8b-ac8c-9c1c0e7734c6","2865bc55-4d48-461f-9ac3-0db1460783f8","Isabella Garcia","4","Really pleased","Disc brakes are essential off-road and these perform flawlessly. Powerful, progressive, reliable even when caked in mud.","true","""2025-08-16T19:55:21.901Z"""
"81bdfd5e-2f3b-4810-ab27-98ee9551387a","2865bc55-4d48-461f-9ac3-0db1460783f8","Joshua Bell","4","Smooth and powerful","The rear rack is solid and takes panniers perfectly. Can carry a week's shopping without any wobble.","true","""2025-08-30T19:55:21.901Z"""
"2c8f9127-3c3a-4d34-b5d4-33f5619038a9","2865bc55-4d48-461f-9ac3-0db1460783f8","Eoin Flynn","5","Superb engineering","After six months of daily use, I have zero complaints. No mechanical issues whatsoever. Just regular maintenance needed.","true","""2025-06-03T19:55:21.901Z"""
"1b8aa4e0-a899-4880-b0a3-e332ef27d6e1","2865bc55-4d48-461f-9ac3-0db1460783f8","Aisha Kumar","5","Fantastic range","No buyer's remorse whatsoever. This is everything I hoped it would be and more. Absolutely delighted.","true","""2025-07-12T19:55:21.901Z"""
"13a781f3-e43b-4f2e-a73d-372cfb389e5f","a1cc9357-0251-4e7f-b302-dc7f4e6476c3","Evie Gray","5","Five stars all round","Ozecos customer service team were brilliant with my queries.","true","""2025-10-10T00:00:00.000Z"""
"56ec27d4-014a-47f9-aa99-9a22e136d2e1","a1cc9357-0251-4e7f-b302-dc7f4e6476c3","Oscar Jenkins","5","Brilliant purchase","Arrived next day! Impressive service from ordering to delivery.","true","""2025-10-18T00:00:00.000Z"""
"1acb5f81-fb0a-465e-b6fa-7eb522d6de10","a1cc9357-0251-4e7f-b302-dc7f4e6476c3","Sophie Barnes","5","Top notch e-bike","The torque sensor really does make it feel like riding a normal bike.","true","""2025-10-25T00:00:00.000Z"""
"5dc4dd23-ab36-48ce-a397-23895354b716","a1cc9357-0251-4e7f-b302-dc7f4e6476c3","Arthur Hughes","5","Exceeded expectations","150kg weight limit means it handles my groceries too!","true","""2025-11-01T00:00:00.000Z"""
"e9b941d2-1106-4a0f-8c86-69f6abc56434","a1cc9357-0251-4e7f-b302-dc7f4e6476c3","Maisie Kelly","4","Perfect folding bike","Compact enough to store in my flat hallway when folded.","true","""2025-11-08T00:00:00.000Z"""
"fb15c757-e581-4a44-9f39-ac4c32f6b6b4","a1cc9357-0251-4e7f-b302-dc7f4e6476c3","Edward Ward","5","Great for hills","The gears combined with motor assistance equals effortless riding.","true","""2025-11-15T00:00:00.000Z"""
"14aff771-ffc2-486b-91b0-bdc7e500503f","2865bc55-4d48-461f-9ac3-0db1460783f8","Jabari Kamau","5","Feels very sturdy","The fat tyres provide incredible grip on loose surfaces. Confident descending on gravel and mud where my road bike would slip.","false","""2025-11-05T19:55:21.901Z"""
"ef74fd20-3bcb-4074-a60d-8177fbaae65d","2865bc55-4d48-461f-9ac3-0db1460783f8","Maisie Stewart","2","Perfect for daily use","Took it on some proper trails last weekend - the suspension handled everything beautifully. Roots, rocks, drops - all absorbed smoothly.","true","""2025-11-07T19:55:21.901Z"""
"c2b68e1c-dd5b-4afe-840f-e06ccea0f113","2865bc55-4d48-461f-9ac3-0db1460783f8","Carlos Martinez","5","Love the design","Surprisingly quiet motor. My old Electric bike sounded like a lawnmower. This one is almost silent - very refined.","true","""2025-07-19T19:55:21.901Z"""
"e60605f2-b194-4082-842e-7e7b18d6f655","2865bc55-4d48-461f-9ac3-0db1460783f8","Ana Kuznetsov","2","Outstanding value","The fat tyres provide incredible grip on loose surfaces. Confident descending on gravel and mud where my road bike would slip.","true","""2025-05-30T19:55:21.901Z"""
"fbbb2020-994e-41cd-9eee-7ed7b4cf7167","2865bc55-4d48-461f-9ac3-0db1460783f8","Khalid Farouk","5","Top-notch product","Love that I can use it as a regular bike when I want exercise, or with assistance when I'm tired. Versatility is brilliant.","true","""2025-06-09T19:55:21.901Z"""
"839e60c1-a28e-4b69-bece-a55f8e7eb649","2865bc55-4d48-461f-9ac3-0db1460783f8","Mei Chen","5","Exceeded all expectations","After six months of daily use, I have zero complaints. No mechanical issues whatsoever. Just regular maintenance needed.","true","""2025-06-05T19:55:21.901Z"""
"14219f7c-c363-4c20-be5d-15a7637e1bbf","2865bc55-4d48-461f-9ac3-0db1460783f8","Layla Choudhury","2","Quality exceeds the price","Gear range is perfect. Lowest gear handles steep hills, highest gear keeps up with traffic on flat roads.","true","""2025-08-28T19:55:21.901Z"""
"3caa0389-cfb9-402b-8838-adde5a6dfe7c","2865bc55-4d48-461f-9ac3-0db1460783f8","Yusuf Choudhury","5","Great customer service","Rain hasn't been an issue. Everything is well-sealed and continues working perfectly. Confidence-inspiring in all weather.","true","""2025-09-24T19:55:21.901Z"""
"f9b663aa-0d8d-4fe5-a41b-f71c96fd8f11","2865bc55-4d48-461f-9ac3-0db1460783f8","Daniel Cox","5","Ideal for my needs","Perfect for my hilly commute. What used to take 45 minutes of sweaty pedalling now takes 25 minutes and I arrive fresh.","true","""2025-07-15T19:55:21.901Z"""
"c7efe2af-aa43-4259-a319-a19ec21c1ed5","2865bc55-4d48-461f-9ac3-0db1460783f8","Sofia Fernandez","4","Love everything about it","Gear range is perfect. Lowest gear handles steep hills, highest gear keeps up with traffic on flat roads.","true","""2025-08-04T19:55:21.901Z"""
"0dee2f13-51b9-41de-bc45-96f6ff7f833c","2865bc55-4d48-461f-9ac3-0db1460783f8","Kwesi Adebayo","5","Game-changer for my commute","Build quality exceeded expectations at this price point. No cheap plastics or wobbly parts. Everything feels premium.","true","""2025-06-07T19:55:21.901Z"""
"dfcbfd8e-00e2-47f3-9ede-e87c8f6b0029","2865bc55-4d48-461f-9ac3-0db1460783f8","Tao Zhang","5","Excellent build quality","This has genuinely changed my lifestyle. Haven't driven to work in two months. Saving money and getting fitter simultaneously.","true","""2025-11-10T19:55:21.901Z"""
"d17aa7ea-7267-4e9f-8f78-8722a8d07521","2865bc55-4d48-461f-9ac3-0db1460783f8","Ayodele Okoro","4","Motor is very quiet","The fat tyres provide incredible grip on loose surfaces. Confident descending on gravel and mud where my road bike would slip.","true","""2025-06-27T19:55:21.901Z"""
"2b7cf3d4-75a7-4709-be2f-790f1b2317fd","2865bc55-4d48-461f-9ac3-0db1460783f8","Ioan Williams","4","Motor is very quiet","Took it on some proper trails last weekend - the suspension handled everything beautifully. Roots, rocks, drops - all absorbed smoothly.","true","""2025-07-06T19:55:21.901Z"""
"4c85e2e9-43a1-485d-9b70-1115df6cc0bf","2865bc55-4d48-461f-9ac3-0db1460783f8","Meera Ahmed","5","Couldn't be happier","Took it on some proper trails last weekend - the suspension handled everything beautifully. Roots, rocks, drops - all absorbed smoothly.","true","""2025-06-15T19:55:21.901Z"""
"e9fa1a34-1a68-4d3e-825e-1d6c5684664c","2865bc55-4d48-461f-9ac3-0db1460783f8","Eoin McCarthy","5","Perfect size","This has opened up so many new routes. Places that were too far or too hilly are now easily accessible. Loving the freedom.","true","""2025-11-18T19:55:21.901Z"""
"b1f8e201-b5c0-4348-949b-1d35f7d356ad","2865bc55-4d48-461f-9ac3-0db1460783f8","Ibrahim Ahmed","5","Delighted with purchase","Ground clearance is generous. No pedal strikes even on rocky terrain. Well thought-out geometry for actual off-road use.","true","""2025-06-26T19:55:21.901Z"""
"466e93c0-1b5b-4cd7-ab90-1926e1d4278c","2865bc55-4d48-461f-9ac3-0db1460783f8","Grace Coleman","4","Fantastic range","Rain hasn't been an issue. Everything is well-sealed and continues working perfectly. Confidence-inspiring in all weather.","true","""2025-05-30T19:55:21.901Z"""
"d5eb78f4-9c38-4f7b-b2f8-32055642dfea","2865bc55-4d48-461f-9ac3-0db1460783f8","Charlotte Cook","4","Great customer service","The folding mechanism is genius. Folds down in seconds and fits easily in my car boot or under my desk at work.","true","""2025-11-16T19:55:21.901Z"""
"f32443d5-9552-4fd2-b62d-e9eab853c27f","2865bc55-4d48-461f-9ac3-0db1460783f8","Joshua Taylor","5","Perfect commuter bike","This has genuinely changed my lifestyle. Haven't driven to work in two months. Saving money and getting fitter simultaneously.","true","""2025-07-21T19:55:21.901Z"""
"84359709-bba5-43f4-ac62-9e441f850a3c","a1cc9357-0251-4e7f-b302-dc7f4e6476c3","Eva Collins","5","Smooth and powerful","Quality of welds and paint finish is excellent.","true","""2025-11-20T00:00:00.000Z"""
"b885f78d-7e6c-4594-b3ff-0c5fa869373b","a1cc9357-0251-4e7f-b302-dc7f4e6476c3","Harrison Cox","5","Excellent customer service","Handlebars are comfortable width for good control.","true","""2025-11-25T00:00:00.000Z"""
"8dbcb83a-f549-425c-a85b-c1c7d582a694","a1cc9357-0251-4e7f-b302-dc7f4e6476c3","Luna Parker","5","Fast delivery","Tyres grip well on wet tarmac. Feel confident in rain.","true","""2025-11-28T00:00:00.000Z"""
"2a91a887-216f-408b-9aff-4f883770127f","a1cc9357-0251-4e7f-b302-dc7f4e6476c3","Leo Russell","5","Better than expected","The motor cuts out smoothly at 25km/h as it should.","true","""2025-12-01T00:00:00.000Z"""
"047cf294-5798-4cb1-b06e-748db022f73b","a1cc9357-0251-4e7f-b302-dc7f4e6476c3","Jessica Murphy","4","Quality craftsmanship","Pedals fold in which helps with storage space.","true","""2025-12-03T00:00:00.000Z"""
"2ff718c3-6e73-4827-bd73-4c761c105fe4","a1cc9357-0251-4e7f-b302-dc7f4e6476c3","Sebastian Hayes","5","Reliable and fun","Headlight is integrated and charges from main battery.","true","""2025-12-04T00:00:00.000Z"""
"b942e94a-0602-410a-bb97-2b42ec1ce024","a1cc9357-0251-4e7f-b302-dc7f4e6476c3","Florence Brooks","5","Perfect daily rider","Frame feels very rigid despite folding. No wobbles.","true","""2025-12-05T00:00:00.000Z"""
"ab10700e-d810-46c5-9c17-20f73fae841c","a1cc9357-0251-4e7f-b302-dc7f4e6476c3","Archie Foster","5","Impressive torque","The 48V battery is a good spec for this price point.","true","""2025-12-06T00:00:00.000Z"""
"e578d46c-53cc-4438-82ea-98d9e654cf07","a1cc9357-0251-4e7f-b302-dc7f4e6476c3","Isabelle Butler","5","Smart features work great","Quick release on seat post makes height adjustment easy.","true","""2025-12-07T00:00:00.000Z"""
"7bc52a15-e0ef-4ccc-875c-00ea770977a3","a1cc9357-0251-4e7f-b302-dc7f4e6476c3","Theo Howard","5","Absolutely brilliant bike!","Brake levers are positioned perfectly for my hands.","true","""2025-12-08T00:00:00.000Z"""
"0f1a2307-bd5e-4415-a341-bc492a727754","a1cc9357-0251-4e7f-b302-dc7f4e6476c3","Sophia Dixon","5","Highly recommend","This bike has genuinely improved my quality of life.","true","""2025-12-09T00:00:00.000Z"""
"85479515-095a-4c7d-b21b-9de91ed1efac","2865bc55-4d48-461f-9ac3-0db1460783f8","Arjun Rahman","4","Love everything about it","Kickstand is sturdy and reliable. Bike stays upright on any surface. Simple but essential feature that works perfectly.","true","""2025-07-18T19:55:21.901Z"""
"817855f3-d53d-4f17-85be-fbf046647093","2865bc55-4d48-461f-9ac3-0db1460783f8","Jabari Boateng","5","Battery life is amazing","Saddle is surprisingly comfortable. I've done 30-mile rides without any discomfort. Gear shifting is smooth and precise too.","true","""2025-10-11T19:55:21.901Z"""
"43409e98-bad5-4671-9083-f1a64116bdf2","2865bc55-4d48-461f-9ac3-0db1460783f8","Dimitri Kozlov","5","Outstanding value","Eco mode extends the range impressively. Easily get 50+ miles if you're not rushing. Perfect for weekend rides.","true","""2025-09-01T19:55:21.901Z"""
"6a17dcc8-51f0-45ab-a26e-52848c9ce78a","2865bc55-4d48-461f-9ac3-0db1460783f8","Kenji Tanaka","3","Really pleased","Rain hasn't been an issue. Everything is well-sealed and continues working perfectly. Confidence-inspiring in all weather.","true","""2025-07-08T19:55:21.901Z"""
"3d931298-1af5-4640-a8b0-815704a13c96","2865bc55-4d48-461f-9ac3-0db1460783f8","Ava Robinson","5","Worth every penny","The weight is well-balanced. Easy to manoeuvre despite being heavier than a standard bike. Handles beautifully.","true","""2025-08-10T19:55:21.901Z"""
"ab930e07-7ed6-47f2-9708-b0e21635d4b5","2865bc55-4d48-461f-9ac3-0db1460783f8","Skye Reid","4","Smooth and powerful","Customer support answered all my pre-purchase questions promptly. Made the buying decision much easier.","true","""2025-08-26T19:55:21.901Z"""
"f88abe3c-a38f-4202-b262-bc17629e2eda","2865bc55-4d48-461f-9ac3-0db1460783f8","Celyn Rees","4","Perfect commuter bike","Kickstand is sturdy and reliable. Bike stays upright on any surface. Simple but essential feature that works perfectly.","true","""2025-06-17T19:55:21.901Z"""
"7391cbca-4275-4bec-a56c-5a5a86a5581c","2865bc55-4d48-461f-9ac3-0db1460783f8","Hamish Stewart","5","Highly recommend","The wide handlebars give excellent control on technical sections. Feel very planted and confident on descents.","true","""2025-06-27T19:55:21.901Z"""
"0c5c874a-705c-41a1-b9c5-50432921384f","2865bc55-4d48-461f-9ac3-0db1460783f8","Rhys Davies","4","Good for longer rides","The weight is well-balanced. Easy to manoeuvre despite being heavier than a standard bike. Handles beautifully.","true","""2025-09-19T19:55:21.901Z"""
"d3f23689-a52f-4ffa-a1c6-f33ea4397ead","2865bc55-4d48-461f-9ac3-0db1460783f8","Sofia Morales","4","Perfect for daily use","The build quality is exceptional. Everything feels solid and well-engineered. I've been using it daily for three months now and it still performs like new.","true","""2025-07-07T19:55:21.901Z"""
"29942cc1-de1d-4330-aa1f-339a73e074f2","2865bc55-4d48-461f-9ac3-0db1460783f8","Rory Robertson","5","Fantastic range","Assembly was straightforward. Clear instructions and all necessary tools included. Was ready to ride in under half an hour.","true","""2025-10-23T19:55:21.901Z"""
"2d5a312f-d9da-4593-b56e-af27be6f1872","2865bc55-4d48-461f-9ac3-0db1460783f8","Arjun Patel","5","Excellent starter bike","Ground clearance is generous. No pedal strikes even on rocky terrain. Well thought-out geometry for actual off-road use.","true","""2025-06-01T19:55:21.901Z"""
"9837beab-afd7-4d15-a97c-af537520f1a4","2865bc55-4d48-461f-9ac3-0db1460783f8","Yuki Wong","3","Great customer service","The power levels are well-judged. Eco mode for range, Sport mode for hills. Perfect balance of options.","true","""2025-10-25T19:55:21.901Z"""
"e65936f2-0f08-4ef5-beaa-52966f7cca76","2865bc55-4d48-461f-9ac3-0db1460783f8","Min-Jun Liu","5","Motor is very quiet","Took it on some proper trails last weekend - the suspension handled everything beautifully. Roots, rocks, drops - all absorbed smoothly.","true","""2025-08-30T19:55:21.901Z"""
"9577730d-3750-4c52-a638-1ba1a3f83113","2865bc55-4d48-461f-9ac3-0db1460783f8","Rory Stewart","5","Excellent build quality","Ground clearance is generous. No pedal strikes even on rocky terrain. Well thought-out geometry for actual off-road use.","true","""2025-11-19T19:55:21.901Z"""
"ba3dcba6-9d8f-486a-9562-1519924948bf","2865bc55-4d48-461f-9ac3-0db1460783f8","Viktor Ionescu","5","Quality exceeds the price","The throttle mode is brilliant for starting from lights. Get moving quickly without having to pedal hard in traffic.","true","""2025-11-11T19:55:21.901Z"""
"946d8c1c-aaf7-4d13-b2c9-368c6dae3718","2865bc55-4d48-461f-9ac3-0db1460783f8","Leila Khalil","5","Brilliant for city riding","The range is no exaggeration. Did a 45-mile ride last weekend and still had battery left. Perfect for longer adventures.","true","""2025-06-27T19:55:21.901Z"""
"0ad819d3-c9cd-4be0-a642-69bd2cbe9075","2865bc55-4d48-461f-9ac3-0db1460783f8","Cian O'Connor","5","Delighted with purchase","Charges faster than expected. From empty to full in about 4-5 hours. Perfect to charge overnight.","true","""2025-07-10T19:55:21.901Z"""
"6511da85-5272-4eda-90e4-b1a7cd529f8c","2865bc55-4d48-461f-9ac3-0db1460783f8","Kenji Yamamoto","5","Outstanding value","Ground clearance is generous. No pedal strikes even on rocky terrain. Well thought-out geometry for actual off-road use.","true","""2025-10-31T19:55:21.901Z"""
"fc6e42ef-cfc7-44d8-b2df-518878f7acb2","2865bc55-4d48-461f-9ac3-0db1460783f8","Isla Price","4","Ideal for my needs","Took it on some proper trails last weekend - the suspension handled everything beautifully. Roots, rocks, drops - all absorbed smoothly.","true","""2025-10-24T19:55:21.901Z"""
"273ba9cc-1755-4106-908b-297158fc0727","2865bc55-4d48-461f-9ac3-0db1460783f8","Nia Ogunleye","3","Delighted with purchase","Arrived perfectly adjusted. Brakes, gears, everything worked perfectly straight out of the box. Very impressed with quality control.","true","""2025-07-28T19:55:21.901Z"""
"e8cf7345-786b-4fdb-9d12-1c905eee6f57","2865bc55-4d48-461f-9ac3-0db1460783f8","Ravi Malik","5","Superb engineering","The motor provides smooth, natural assistance. You barely notice it working but hills that used to exhaust me are now effortless.","true","""2025-11-11T19:55:21.901Z"""
"7a18982a-11ac-4a5e-9b97-cd9afdab091f","2865bc55-4d48-461f-9ac3-0db1460783f8","Mihai Nowak","5","Couldn't be happier","The fat tyres provide incredible grip on loose surfaces. Confident descending on gravel and mud where my road bike would slip.","true","""2025-08-22T19:55:21.901Z"""
"e812c746-d37e-4d30-82d3-540f29ed540a","2865bc55-4d48-461f-9ac3-0db1460783f8","Rashid Nassar","5","Outstanding value","No buyer's remorse whatsoever. This is everything I hoped it would be and more. Absolutely delighted.","true","""2025-06-14T19:55:21.901Z"""
"d4bc8925-af53-4823-86c6-783d8b92ebc5","2865bc55-4d48-461f-9ac3-0db1460783f8","Hiroshi Chen","3","Smooth and powerful","The motor provides smooth, natural assistance. You barely notice it working but hills that used to exhaust me are now effortless.","true","""2025-08-24T19:55:21.901Z"""
"981fc6dc-ee47-4809-9b64-ffa7c6c54750","2865bc55-4d48-461f-9ac3-0db1460783f8","Megan Owen","5","Really pleased","The tyres grip well in all conditions. Confident cornering even on wet roads. Feel very planted and stable.","true","""2025-06-27T19:55:21.901Z"""
"692ec08a-366d-4d9c-b5ba-e12623911fa5","2865bc55-4d48-461f-9ac3-0db1460783f8","Megan Jones","5","Easy to use","Disc brakes are essential off-road and these perform flawlessly. Powerful, progressive, reliable even when caked in mud.","true","""2025-08-25T19:55:21.901Z"""
"98164820-f984-47b8-83d8-65e9a7a14c16","2865bc55-4d48-461f-9ac3-0db1460783f8","Sophie Morgan","5","Great for hills","Battery life has been fantastic. I do a 12-mile round trip daily and only charge twice a week. The range indicator is very accurate too.","true","""2025-11-15T19:55:21.901Z"""
"2831d8f2-66d6-4ca5-82fd-d6c4d6d3ab00","2865bc55-4d48-461f-9ac3-0db1460783f8","Owain Edwards","5","Excellent starter bike","I was hesitant about the price initially, but this has saved me hundreds in fuel costs already. Best decision I've made this year.","true","""2025-07-23T19:55:21.901Z"""
"ab590929-8383-4fd3-b8ee-52ddffbeb8ab","2865bc55-4d48-461f-9ac3-0db1460783f8","Aiko Liu","5","Perfect commuter bike","The tyres grip well in all conditions. Confident cornering even on wet roads. Feel very planted and stable.","true","""2025-10-10T19:55:21.901Z"""
"6b2b5a04-f186-4b7c-8c87-045f4d835b66","2865bc55-4d48-461f-9ac3-0db1460783f8","Maisie Reid","5","Excellent build quality","Battery life has been fantastic. I do a 12-mile round trip daily and only charge twice a week. The range indicator is very accurate too.","true","""2025-11-04T19:55:21.901Z"""
"4e5c144d-d53b-43d1-8e4e-951c03ea11a5","2865bc55-4d48-461f-9ac3-0db1460783f8","Cerys Owen","5","Very impressed","Love that I can use it as a regular bike when I want exercise, or with assistance when I'm tired. Versatility is brilliant.","true","""2025-07-15T19:55:21.901Z"""
"2482f0e3-c1b9-4378-8849-d24336a34465","2865bc55-4d48-461f-9ac3-0db1460783f8","Wei Sato","5","Game-changer for my commute","The fat tyres provide incredible grip on loose surfaces. Confident descending on gravel and mud where my road bike would slip.","true","""2025-07-03T19:55:21.901Z"""
"37ca7853-789f-4c9a-ab5c-d9bcdcccd642","2865bc55-4d48-461f-9ac3-0db1460783f8","Gareth Davies","2","Love the design","Perfect for my hilly commute. What used to take 45 minutes of sweaty pedalling now takes 25 minutes and I arrive fresh.","true","""2025-08-15T19:55:21.901Z"""
"053cb950-0139-4e3e-8303-110f6e8a602c","2865bc55-4d48-461f-9ac3-0db1460783f8","Orla Doyle","5","Quality exceeds the price","This has paid for itself already in saved train fares. The financial case is compelling even before health benefits.","false","""2025-10-28T19:55:21.901Z"""
"e64a0300-a3f3-480f-bfcf-00fe62c14d27","2865bc55-4d48-461f-9ac3-0db1460783f8","Ella Bell","5","Perfect size","Lights are bright and effective. Battery powers them without draining noticeably. Feel confident riding in darker months.","true","""2025-11-07T19:55:21.901Z"""
"5f4b3759-7c34-4826-88bf-b0a50cfd16dc","2865bc55-4d48-461f-9ac3-0db1460783f8","Ioan Rees","3","Perfect commuter bike","Love the removable battery. I can charge it at my desk whilst at work. So much more convenient than wheeling the whole bike inside.","true","""2025-07-29T19:55:21.901Z"""
"17c9812b-2094-4980-a6ff-9ea51818dcf6","2865bc55-4d48-461f-9ac3-0db1460783f8","Hamish Cameron","5","Worth every penny","Took it on some proper trails last weekend - the suspension handled everything beautifully. Roots, rocks, drops - all absorbed smoothly.","true","""2025-06-05T19:55:21.901Z"""
"292b80ff-7512-4506-b0fd-047957171205","2865bc55-4d48-461f-9ac3-0db1460783f8","Yasmin Khalil","3","Best investment I've made","The wide handlebars give excellent control on technical sections. Feel very planted and confident on descents.","true","""2025-06-13T19:55:21.901Z"""
"358407c4-9035-427c-8328-59133124b401","2865bc55-4d48-461f-9ac3-0db1460783f8","Yuki Nguyen","5","Fantastic range","Disc brakes are essential off-road and these perform flawlessly. Powerful, progressive, reliable even when caked in mud.","true","""2025-07-06T19:55:21.901Z"""
"9f16327d-1552-4162-ba93-4df06e135056","2865bc55-4d48-461f-9ac3-0db1460783f8","Rhys Owen","4","Love the design","Delivery was impressively quick. Arrived within two days, well packaged. Setup took about 20 minutes following the clear instructions provided.","true","""2025-09-16T19:55:21.901Z"""
"4058242e-ea65-4448-b4aa-0eb619fcfb6d","2865bc55-4d48-461f-9ac3-0db1460783f8","Celyn Lloyd","5","Highly recommend","The fat tyres provide incredible grip on loose surfaces. Confident descending on gravel and mud where my road bike would slip.","true","""2025-06-29T19:55:21.901Z"""
"e9db54b5-2231-43d4-8cc7-2d903f35dbef","2865bc55-4d48-461f-9ac3-0db1460783f8","Eilidh Robertson","5","Fantastic range","The range is no exaggeration. Did a 45-mile ride last weekend and still had battery left. Perfect for longer adventures.","true","""2025-08-24T19:55:21.901Z"""
"4e882628-1787-4560-bea6-ca04549b2c0a","2865bc55-4d48-461f-9ac3-0db1460783f8","William Brown","5","Folds up nicely","Braking performance is excellent. Stops quickly and confidently even in wet conditions. Feel very safe riding in traffic.","true","""2025-07-12T19:55:21.901Z"""
"987f1171-8147-40aa-b427-e43eb2208994","2865bc55-4d48-461f-9ac3-0db1460783f8","Carlos Fernandez","4","Motor is very quiet","Braking performance is excellent. Stops quickly and confidently even in wet conditions. Feel very safe riding in traffic.","true","""2025-06-27T19:55:21.901Z"""
"eb1fd5cd-ab7c-4e77-887a-d1c1876f8c17","2865bc55-4d48-461f-9ac3-0db1460783f8","Aarav Patel","5","Excellent starter bike","Gears shift smoothly under power. Some cheaper bikes require you to stop pedalling - not this one. Very convenient.","false","""2025-08-15T19:55:21.901Z"""
"d163ce62-4ee8-4a05-b742-c01a50df2d56","2865bc55-4d48-461f-9ac3-0db1460783f8","Yusuf Desai","3","Best investment I've made","Surprisingly quiet motor. My old Electric bike sounded like a lawnmower. This one is almost silent - very refined.","true","""2025-06-04T19:55:21.901Z"""
"f09fb1c5-c129-401c-bb70-89cf22c7ec0f","2865bc55-4d48-461f-9ac3-0db1460783f8","Leila Nassar","5","Fantastic quality","Disc brakes are essential off-road and these perform flawlessly. Powerful, progressive, reliable even when caked in mud.","true","""2025-09-27T19:55:21.901Z"""
"9d05b18d-4036-4880-af94-e00fe86d5a01","2865bc55-4d48-461f-9ac3-0db1460783f8","Diya Malik","5","Absolutely brilliant purchase","After six months of daily use, I have zero complaints. No mechanical issues whatsoever. Just regular maintenance needed.","true","""2025-09-21T19:55:21.901Z"""
"255d345b-63f6-4828-b547-619700c17a2a","2478ea1f-fca5-4347-9634-ce55a18979ae","Duncan Campbell","5","Fantastic range","Ground clearance is generous. No pedal strikes even on rocky terrain. Well thought-out geometry for actual off-road use.","true","""2025-06-02T19:55:21.929Z"""
"ca959a03-876f-4e68-8a80-1b201f9e89ab","2478ea1f-fca5-4347-9634-ce55a18979ae","Ola Okoro","5","Delighted with purchase","The LCD display is clear and easy to read in all conditions. Love being able to monitor speed and battery at a glance.","true","""2025-07-15T19:55:21.929Z"""
"c4d44f3a-81f8-4fcb-b517-ebf73d71b4a3","2478ea1f-fca5-4347-9634-ce55a18979ae","Thomas Reed","5","Love everything about it","Perfect for my hilly commute. What used to take 45 minutes of sweaty pedalling now takes 25 minutes and I arrive fresh.","true","""2025-11-03T19:55:21.929Z"""
"6a952ae2-1a5c-46ae-9b19-6ac33273eaf6","2478ea1f-fca5-4347-9634-ce55a18979ae","Morgan Rees","4","Quality exceeds the price","This has opened up so many new routes. Places that were too far or too hilly are now easily accessible. Loving the freedom.","false","""2025-09-14T19:55:21.929Z"""
"34e7aae4-7e54-4416-8491-be3b3f3ffb3c","2478ea1f-fca5-4347-9634-ce55a18979ae","Kofi Kamau","3","Perfect size","Ground clearance is generous. No pedal strikes even on rocky terrain. Well thought-out geometry for actual off-road use.","true","""2025-07-20T19:55:21.929Z"""
"bdd1ae74-25e4-48d9-b6b2-31c3b2e78d95","2478ea1f-fca5-4347-9634-ce55a18979ae","Cerys Davies","5","Easy to use","Took it on some proper trails last weekend - the suspension handled everything beautifully. Roots, rocks, drops - all absorbed smoothly.","true","""2025-06-12T19:55:21.929Z"""
"c10a933a-0152-4eec-9726-7ffff55027fd","2478ea1f-fca5-4347-9634-ce55a18979ae","Layla Ali","5","Couldn't be happier","The throttle mode is brilliant for starting from lights. Get moving quickly without having to pedal hard in traffic.","true","""2025-06-27T19:55:21.929Z"""
"e9870252-1ec2-499e-a20d-570bc40354c2","2478ea1f-fca5-4347-9634-ce55a18979ae","Aoife O'Sullivan","5","Very impressed","The weight is well-balanced. Easy to manoeuvre despite being heavier than a standard bike. Handles beautifully.","true","""2025-08-22T19:55:21.929Z"""
"a3546ad9-3395-46cd-a81f-160335b4e8f0","2478ea1f-fca5-4347-9634-ce55a18979ae","Ciara O'Brien","5","Battery life is amazing","Gears shift smoothly under power. Some cheaper bikes require you to stop pedalling - not this one. Very convenient.","true","""2025-10-16T19:55:21.929Z"""
"338d5c65-47ca-4d34-bd55-ffb93610b4c9","2478ea1f-fca5-4347-9634-ce55a18979ae","Amina Al-Mansouri","5","Game-changer for my commute","The motor provides smooth, natural assistance. You barely notice it working but hills that used to exhaust me are now effortless.","true","""2025-07-21T19:55:21.929Z"""
"d86ed264-dd9e-4cae-8328-a5a7ad6dde5f","2478ea1f-fca5-4347-9634-ce55a18979ae","Chen Tanaka","5","Excellent build quality","The mudguards actually work. Stay clean and dry even through puddles. Small detail but makes a big difference.","true","""2025-11-22T19:55:21.929Z"""
"49ebdd86-0a1d-4990-9158-fb6e84a15af7","2478ea1f-fca5-4347-9634-ce55a18979ae","Kofi Boateng","4","Impressive performance","Customer service deserves special mention. Had a question about maintenance and received a detailed response within hours.","true","""2025-06-20T19:55:21.929Z"""
"144065ef-5ca4-43b1-a682-2fec442aee76","2478ea1f-fca5-4347-9634-ce55a18979ae","Aiko Chen","5","Good for longer rides","Build quality exceeded expectations at this price point. No cheap plastics or wobbly parts. Everything feels premium.","true","""2025-09-05T19:55:21.929Z"""
"20f1727a-302e-42cf-9610-f28788e389dd","2478ea1f-fca5-4347-9634-ce55a18979ae","Sean O'Sullivan","5","Superb engineering","Ground clearance is generous. No pedal strikes even on rocky terrain. Well thought-out geometry for actual off-road use.","true","""2025-05-31T19:55:21.929Z"""
"900887c2-6094-4247-a068-75e9b6099d3f","2478ea1f-fca5-4347-9634-ce55a18979ae","Liam Cameron","3","Just what I needed","The fat tyres provide incredible grip on loose surfaces. Confident descending on gravel and mud where my road bike would slip.","true","""2025-08-06T19:55:21.929Z"""
"b6c46dc7-c46c-489c-ad78-2a15e20f0a03","2478ea1f-fca5-4347-9634-ce55a18979ae","Tariq Farouk","5","Battery life is amazing","The bell is louder than expected - in a good way! Pedestrians actually hear it first time.","true","""2025-09-21T19:55:21.929Z"""
"f95545ec-3207-43f7-8940-22a7207905cf","2478ea1f-fca5-4347-9634-ce55a18979ae","Carlos Ramirez","4","Fantastic range","Wheels are strong and true. Haven't needed any adjustment despite some rough cycle paths and potholes.","true","""2025-10-09T19:55:21.929Z"""
"68c30679-b081-45ad-9c41-a2fb3773c5e6","2478ea1f-fca5-4347-9634-ce55a18979ae","Ayodele Mwangi","4","Feels very sturdy","Puncture-resistant tyres have lived up to the name. Several months of daily use, zero flats. Impressive.","true","""2025-11-07T19:55:21.929Z"""
"394ae21a-23cf-4214-831e-91312be2001b","2478ea1f-fca5-4347-9634-ce55a18979ae","Aarav Rahman","5","Great customer service","Took it on some proper trails last weekend - the suspension handled everything beautifully. Roots, rocks, drops - all absorbed smoothly.","true","""2025-08-07T19:55:21.929Z"""
"b1490d1c-14e2-4f72-a83b-1f81807d3d2b","2478ea1f-fca5-4347-9634-ce55a18979ae","Aryan Kumar","5","Best investment I've made","Ground clearance is generous. No pedal strikes even on rocky terrain. Well thought-out geometry for actual off-road use.","true","""2025-07-15T19:55:21.929Z"""
"fe30a87f-f5ef-49a4-bab9-a36bf5549134","2478ea1f-fca5-4347-9634-ce55a18979ae","Ananya Desai","4","Exceeded all expectations","The wide handlebars give excellent control on technical sections. Feel very planted and confident on descents.","true","""2025-10-04T19:55:21.929Z"""
"34fe25ba-8581-474e-a104-31439ed0f564","2478ea1f-fca5-4347-9634-ce55a18979ae","Skye Campbell","5","Smooth and powerful","Puncture-resistant tyres have lived up to the name. Several months of daily use, zero flats. Impressive.","true","""2025-10-19T19:55:21.929Z"""
"12eef83d-f36b-497a-a528-4670191b58af","2478ea1f-fca5-4347-9634-ce55a18979ae","Liam Murphy","5","Brilliant for city riding","Frame design is practical. Mounting and dismounting is easy, which matters when stopping frequently in town.","true","""2025-11-06T19:55:21.929Z"""
"11784923-9972-453a-b9c1-15d8a5e29ffd","2478ea1f-fca5-4347-9634-ce55a18979ae","Tao Tanaka","4","Solid and reliable","Took it on some proper trails last weekend - the suspension handled everything beautifully. Roots, rocks, drops - all absorbed smoothly.","true","""2025-06-13T19:55:21.929Z"""
"e0616aea-2b93-48a8-b573-17ef816c62b5","2478ea1f-fca5-4347-9634-ce55a18979ae","Noor Khalil","5","Highly recommend","Assembly was straightforward. Clear instructions and all necessary tools included. Was ready to ride in under half an hour.","true","""2025-10-13T19:55:21.929Z"""
"b600e5b2-cb45-4f0a-93d4-e6b0e92be3a2","2478ea1f-fca5-4347-9634-ce55a18979ae","Orla O'Connor","5","Highly recommend","The integrated lights look sleek and work brilliantly. No fumbling with removable lights anymore.","true","""2025-06-16T19:55:21.929Z"""
"6688ca9a-fecb-4078-9313-ee65bd024fb1","2478ea1f-fca5-4347-9634-ce55a18979ae","Hiroshi Sato","5","Perfect size","My colleagues have been asking about it constantly. Two have already bought one based on my recommendation.","true","""2025-08-01T19:55:21.929Z"""
"be2b520e-7434-461c-adaa-14d6b087570d","2478ea1f-fca5-4347-9634-ce55a18979ae","Ji-Hoon Wong","5","Feels very sturdy","Build quality exceeded expectations at this price point. No cheap plastics or wobbly parts. Everything feels premium.","false","""2025-10-08T19:55:21.929Z"""
"21090c23-d636-42ce-bfac-13b8a322c127","2478ea1f-fca5-4347-9634-ce55a18979ae","Wei Chen","5","Easy to use","Disc brakes are essential off-road and these perform flawlessly. Powerful, progressive, reliable even when caked in mud.","true","""2025-10-04T19:55:21.929Z"""
"b4cfc3d4-2faf-41c0-8235-e161ce8f18a3","2478ea1f-fca5-4347-9634-ce55a18979ae","Jakub Popov","4","Smooth and powerful","The wide handlebars give excellent control on technical sections. Feel very planted and confident on descents.","true","""2025-07-24T19:55:21.929Z"""
"ad390240-ba10-4ebe-8ffb-e206d617019c","2478ea1f-fca5-4347-9634-ce55a18979ae","Ola Oluwaseun","5","Very impressed","The motor provides smooth, natural assistance. You barely notice it working but hills that used to exhaust me are now effortless.","true","""2025-07-06T19:55:21.929Z"""
"b36a583a-12fb-4215-b1dd-c57335b4f8c5","2478ea1f-fca5-4347-9634-ce55a18979ae","Chinwe Okoro","5","Perfect commuter bike","The wide handlebars give excellent control on technical sections. Feel very planted and confident on descents.","true","""2025-05-29T19:55:21.929Z"""
"8218ee10-2257-44ea-979e-d5ccea462337","2478ea1f-fca5-4347-9634-ce55a18979ae","Tariq Aziz","5","Responsive and smooth","The build quality is exceptional. Everything feels solid and well-engineered. I've been using it daily for three months now and it still performs like new.","true","""2025-06-10T19:55:21.929Z"""
"e53c8187-aff1-4e52-a641-574ae87c9855","2478ea1f-fca5-4347-9634-ce55a18979ae","Wei Lee","5","Love everything about it","The design is sleek and modern. I get compliments on it regularly. Doesn't look like a typical Electric bike at all.","true","""2025-11-03T19:55:21.929Z"""
"1c7d75ea-2465-408e-9b71-f124f756294c","2478ea1f-fca5-4347-9634-ce55a18979ae","Chen Kim","5","Great customer service","Exactly as described on the website. No nasty surprises. What you see is what you get, which is refreshing.","true","""2025-08-15T19:55:21.929Z"""
"d54ca17a-ee0a-47d5-b1f7-93a47959d4f3","2478ea1f-fca5-4347-9634-ce55a18979ae","Skye Grant","4","Battery life is amazing","The wide handlebars give excellent control on technical sections. Feel very planted and confident on descents.","true","""2025-10-15T19:55:21.929Z"""
"f2be71da-5ddc-4cf4-bc5a-5b14efa0404b","2478ea1f-fca5-4347-9634-ce55a18979ae","Olivia Hughes","3","Just what I needed","Frame design is practical. Mounting and dismounting is easy, which matters when stopping frequently in town.","true","""2025-07-02T19:55:21.929Z"""
"25c57eaf-5251-4c65-ae49-a75a66ad9bb0","2478ea1f-fca5-4347-9634-ce55a18979ae","Aiko Yamamoto","5","Smooth and powerful","Build quality exceeded expectations at this price point. No cheap plastics or wobbly parts. Everything feels premium.","true","""2025-06-23T19:55:21.929Z"""
"72ef48e1-a028-4318-abe3-a148dceb28f1","2478ea1f-fca5-4347-9634-ce55a18979ae","Kwame Okoro","5","Very impressed","Ground clearance is generous. No pedal strikes even on rocky terrain. Well thought-out geometry for actual off-road use.","false","""2025-06-09T19:55:21.929Z"""
"b50ad8b1-fbd0-4ca5-9d51-affd05ab74c0","2478ea1f-fca5-4347-9634-ce55a18979ae","Arjun Ali","5","Comfortable ride","Disc brakes are essential off-road and these perform flawlessly. Powerful, progressive, reliable even when caked in mud.","true","""2025-06-06T19:55:21.929Z"""
"1b2737e5-7cd3-4c0f-b9c0-697bd763e3b3","2478ea1f-fca5-4347-9634-ce55a18979ae","Katarina Volkov","5","Perfect for daily use","This has paid for itself already in saved train fares. The financial case is compelling even before health benefits.","false","""2025-09-14T19:55:21.929Z"""
"0c3e63d4-8a9c-485f-a73d-2cf45df28cf0","2478ea1f-fca5-4347-9634-ce55a18979ae","Zofia Kozlov","3","Really pleased","The fat tyres provide incredible grip on loose surfaces. Confident descending on gravel and mud where my road bike would slip.","true","""2025-09-21T19:55:21.929Z"""
"16f0c32b-6619-4aa1-b851-d806beeaccbc","2478ea1f-fca5-4347-9634-ce55a18979ae","Hiroshi Park","5","Outstanding value","The bell is louder than expected - in a good way! Pedestrians actually hear it first time.","true","""2025-09-21T19:55:21.929Z"""
"ef705ebc-ade5-4419-bb03-1b2a767e0d6c","2478ea1f-fca5-4347-9634-ce55a18979ae","Grace Lewis","5","Worth every penny","Took it on some proper trails last weekend - the suspension handled everything beautifully. Roots, rocks, drops - all absorbed smoothly.","true","""2025-07-18T19:55:21.929Z"""
"b31ab3d9-2d52-42c1-bb9d-d55d8b83e3d4","2478ea1f-fca5-4347-9634-ce55a18979ae","Petra Nowak","5","Quality exceeds the price","I was hesitant about the price initially, but this has saved me hundreds in fuel costs already. Best decision I've made this year.","true","""2025-10-09T19:55:21.929Z"""
"223d5f71-44a8-4bfa-81ec-a5616f0a5c98","2478ea1f-fca5-4347-9634-ce55a18979ae","Lily Baker","5","Smooth and powerful","Rain hasn't been an issue. Everything is well-sealed and continues working perfectly. Confidence-inspiring in all weather.","true","""2025-08-31T19:55:21.929Z"""
"450f4348-b45d-4889-9f11-951a5fb302b5","2478ea1f-fca5-4347-9634-ce55a18979ae","Lin Kim","4","Fantastic quality","After six months of daily use, I have zero complaints. No mechanical issues whatsoever. Just regular maintenance needed.","true","""2025-10-23T19:55:21.929Z"""
"cf9d61d2-8e5b-455e-ae49-cad3fc6ee4d8","2478ea1f-fca5-4347-9634-ce55a18979ae","Zara Ogunleye","5","Feels very sturdy","Surprisingly quiet motor. My old Electric bike sounded like a lawnmower. This one is almost silent - very refined.","true","""2025-06-27T19:55:21.929Z"""
"e1aa9f38-e544-4ebb-a5c8-60eac0936e84","2478ea1f-fca5-4347-9634-ce55a18979ae","Amara Balogun","4","Great for hills","Surprisingly quiet motor. My old Electric bike sounded like a lawnmower. This one is almost silent - very refined.","true","""2025-08-01T19:55:21.929Z"""
"cb106abf-cb89-4893-b554-7f8ba36b3f56","2478ea1f-fca5-4347-9634-ce55a18979ae","Diego Garcia","4","Love the design","The motor provides smooth, natural assistance. You barely notice it working but hills that used to exhaust me are now effortless.","true","""2025-10-24T19:55:21.929Z"""
"b3b485fa-a629-4b1a-a752-6818ccbe36c8","2478ea1f-fca5-4347-9634-ce55a18979ae","Saoirse McCarthy","5","Very impressed","Customer service deserves special mention. Had a question about maintenance and received a detailed response within hours.","true","""2025-07-20T19:55:21.929Z"""
"e34c54ab-dda4-476f-97c3-cf38a68c0f40","2478ea1f-fca5-4347-9634-ce55a18979ae","Keira Ross","5","Fantastic quality","Brakes require minimal finger pressure. Very responsive without being grabby. Excellent modulation.","false","""2025-08-08T19:55:21.929Z"""
"efcee5b3-190b-4e9b-8b89-05eea1e42d23","2478ea1f-fca5-4347-9634-ce55a18979ae","Petra Novak","5","Worth every penny","Build quality exceeded expectations at this price point. No cheap plastics or wobbly parts. Everything feels premium.","true","""2025-08-22T19:55:21.929Z"""
"d4fd9685-0573-4431-bfe6-5b51008892f5","2478ea1f-fca5-4347-9634-ce55a18979ae","Amara Oluwaseun","5","Just what I needed","The fat tyres provide incredible grip on loose surfaces. Confident descending on gravel and mud where my road bike would slip.","true","""2025-05-30T19:55:21.929Z"""
"75fb4979-9eb8-449b-b9a9-bf7a5e378c14","2478ea1f-fca5-4347-9634-ce55a18979ae","Mason Turner","4","Great customer service","Disc brakes are essential off-road and these perform flawlessly. Powerful, progressive, reliable even when caked in mud.","true","""2025-07-24T19:55:21.929Z"""
"17a4cda6-3540-42f0-9df7-fc151197a2f1","2478ea1f-fca5-4347-9634-ce55a18979ae","Emma Anderson","5","Top-notch product","Suspension works brilliantly. Absorbs bumps effectively without feeling bouncy. Much more comfortable than my old rigid bike.","true","""2025-07-17T19:55:21.929Z"""
"24e25931-e5b3-4875-9597-a0c9ad12ac97","2478ea1f-fca5-4347-9634-ce55a18979ae","Sean Ryan","5","Top-notch product","The tyres grip well in all conditions. Confident cornering even on wet roads. Feel very planted and stable.","true","""2025-06-07T19:55:21.929Z"""
"223f20c4-cdef-4613-a109-e5b1a53c7f1f","2478ea1f-fca5-4347-9634-ce55a18979ae","Meera Singh","4","Quality exceeds the price","The mudguards actually work. Stay clean and dry even through puddles. Small detail but makes a big difference.","true","""2025-11-06T19:55:21.929Z"""
"04a72561-be5e-4782-b1a5-4a1ee8dea934","2478ea1f-fca5-4347-9634-ce55a18979ae","Celyn Edwards","5","Brilliant for city riding","Customer service deserves special mention. Had a question about maintenance and received a detailed response within hours.","true","""2025-06-06T19:55:21.929Z"""
"0def596c-2074-48d7-add7-c7a83a55d214","2478ea1f-fca5-4347-9634-ce55a18979ae","Ava Price","5","Absolutely brilliant purchase","Assembly was straightforward. Clear instructions and all necessary tools included. Was ready to ride in under half an hour.","true","""2025-08-31T19:55:21.929Z"""
"b0cc8e92-195d-4301-8a9e-48bc3b14a294","2478ea1f-fca5-4347-9634-ce55a18979ae","Isha Ahmed","3","Couldn't be happier","Ground clearance is generous. No pedal strikes even on rocky terrain. Well thought-out geometry for actual off-road use.","true","""2025-09-07T19:55:21.929Z"""
"be34ebf9-f343-499c-b85b-78e389d3fc2d","2478ea1f-fca5-4347-9634-ce55a18979ae","Min-Jun Yamamoto","5","Quality exceeds the price","Customer service deserves special mention. Had a question about maintenance and received a detailed response within hours.","true","""2025-10-27T19:55:21.929Z"""
"28e6281c-657a-42b8-a362-f13e343ed4d7","2478ea1f-fca5-4347-9634-ce55a18979ae","Fatima Kumar","4","Good for longer rides","The folding mechanism is genius. Folds down in seconds and fits easily in my car boot or under my desk at work.","false","""2025-07-18T19:55:21.929Z"""
"89544c1d-513e-45d3-9506-8e18b77c7bd4","2478ea1f-fca5-4347-9634-ce55a18979ae","Morgan Edwards","5","Worth every penny","The folding mechanism is genius. Folds down in seconds and fits easily in my car boot or under my desk at work.","true","""2025-06-19T19:55:21.929Z"""
"8eac16e2-bb50-4f9b-93b9-f71d2f19a1d4","2478ea1f-fca5-4347-9634-ce55a18979ae","Tao Nguyen","5","Perfect for daily use","I'm 6'2"" and it fits me comfortably with room to adjust. My partner is 5'4"" and can also ride it comfortably. Very adjustable.","true","""2025-10-19T19:55:21.929Z"""
"977ed7ae-3fc3-403d-8e4b-80aeed9a60dc","2478ea1f-fca5-4347-9634-ce55a18979ae","Jabari Mwangi","5","Worth every penny","Surprisingly quiet motor. My old Electric bike sounded like a lawnmower. This one is almost silent - very refined.","true","""2025-07-28T19:55:21.929Z"""
"3825f1fe-6f2d-4250-98e6-6ff3121a15c2","2478ea1f-fca5-4347-9634-ce55a18979ae","Amina Khalil","4","Love everything about it","Suspension works brilliantly. Absorbs bumps effectively without feeling bouncy. Much more comfortable than my old rigid bike.","true","""2025-10-06T19:55:21.929Z"""
"f2870c63-83e6-4762-9034-92d4fe63b740","2478ea1f-fca5-4347-9634-ce55a18979ae","Tunde Adebayo","4","Folds up nicely","The design is sleek and modern. I get compliments on it regularly. Doesn't look like a typical Electric bike at all.","true","""2025-07-25T19:55:21.929Z"""
"2e259c61-2022-4aed-a452-fdd9175905ef","2478ea1f-fca5-4347-9634-ce55a18979ae","Aoife McCarthy","5","Love everything about it","Customer support answered all my pre-purchase questions promptly. Made the buying decision much easier.","true","""2025-10-22T19:55:21.929Z"""
"2f397343-a1fb-4024-bce9-b2db97fb2d01","2478ea1f-fca5-4347-9634-ce55a18979ae","Pavel Petrescu","5","Exceeded all expectations","Disc brakes are essential off-road and these perform flawlessly. Powerful, progressive, reliable even when caked in mud.","true","""2025-11-06T19:55:21.929Z"""
"2a5a8743-8bec-42c5-9788-1a0b6bcdec9f","2478ea1f-fca5-4347-9634-ce55a18979ae","Ffion Jones","5","Excellent build quality","Gear range is perfect. Lowest gear handles steep hills, highest gear keeps up with traffic on flat roads.","true","""2025-08-25T19:55:21.929Z"""
"51c8ea5e-f8ea-4855-b322-4e0260a2be53","2478ea1f-fca5-4347-9634-ce55a18979ae","Diego Ramirez","5","Smooth and powerful","Ground clearance is generous. No pedal strikes even on rocky terrain. Well thought-out geometry for actual off-road use.","true","""2025-09-24T19:55:21.929Z"""
"41d355bf-0201-4fe2-9e9b-87f200290339","2478ea1f-fca5-4347-9634-ce55a18979ae","Ffion Jenkins","4","Excellent starter bike","Took it on some proper trails last weekend - the suspension handled everything beautifully. Roots, rocks, drops - all absorbed smoothly.","true","""2025-09-13T19:55:21.929Z"""
"c06a5fea-e52d-4a50-879a-324f3cd585a2","2478ea1f-fca5-4347-9634-ce55a18979ae","Wei Suzuki","4","Motor is very quiet","No buyer's remorse whatsoever. This is everything I hoped it would be and more. Absolutely delighted.","true","""2025-09-12T19:55:21.929Z"""
"ddafa89e-0ef5-4164-8dbb-0c68c5c34847","2478ea1f-fca5-4347-9634-ce55a18979ae","Pavel Kozlov","5","Highly recommend","The weight is well-balanced. Easy to manoeuvre despite being heavier than a standard bike. Handles beautifully.","true","""2025-11-04T19:55:21.929Z"""
"6b1a9736-7928-4ff0-b04f-dbee410385a8","2478ea1f-fca5-4347-9634-ce55a18979ae","Kabir Kumar","3","Quality exceeds the price","The range is no exaggeration. Did a 45-mile ride last weekend and still had battery left. Perfect for longer adventures.","true","""2025-06-07T19:55:21.929Z"""
"cf612a47-a3f2-47d4-86a6-4ec8265360c5","2478ea1f-fca5-4347-9634-ce55a18979ae","Tunde Mwangi","5","Happy commuter here","Arrived perfectly adjusted. Brakes, gears, everything worked perfectly straight out of the box. Very impressed with quality control.","false","""2025-08-18T19:55:21.929Z"""
"75d7b448-0035-469b-bb8f-a9bfddedaa58","2478ea1f-fca5-4347-9634-ce55a18979ae","Diya Khan","4","Just what I needed","Surprisingly quiet motor. My old Electric bike sounded like a lawnmower. This one is almost silent - very refined.","true","""2025-10-28T19:55:21.929Z"""
"69978d16-54c0-4517-8284-4837e75d84bf","2478ea1f-fca5-4347-9634-ce55a18979ae","Tao Wong","5","Ideal for my needs","Frame design is practical. Mounting and dismounting is easy, which matters when stopping frequently in town.","true","""2025-06-28T19:55:21.929Z"""
"988de94f-4d2f-4175-8aec-e5ab825769c9","2478ea1f-fca5-4347-9634-ce55a18979ae","Andrei Popov","5","Comfortable ride","The bell is louder than expected - in a good way! Pedestrians actually hear it first time.","true","""2025-07-14T19:55:21.929Z"""
"62f48dd6-4dc5-4e6b-800f-a5db7cd1a39a","2478ea1f-fca5-4347-9634-ce55a18979ae","Sean McCarthy","5","Solid and reliable","Ground clearance is generous. No pedal strikes even on rocky terrain. Well thought-out geometry for actual off-road use.","true","""2025-09-06T19:55:21.929Z"""
"38c78120-34b3-4cc6-8bfc-0a48e5f10370","2478ea1f-fca5-4347-9634-ce55a18979ae","Keira Ferguson","5","Delighted with purchase","The folding mechanism is genius. Folds down in seconds and fits easily in my car boot or under my desk at work.","true","""2025-07-07T19:55:21.929Z"""
"e952a032-380e-41c6-a9ea-971b75bb3250","2478ea1f-fca5-4347-9634-ce55a18979ae","Chinwe Boateng","5","Excellent starter bike","Love the removable battery. I can charge it at my desk whilst at work. So much more convenient than wheeling the whole bike inside.","true","""2025-09-22T19:55:21.929Z"""
"2c058778-cfb7-4116-910b-364173f0fa00","2478ea1f-fca5-4347-9634-ce55a18979ae","Ioan Hughes","4","Delighted with purchase","The fat tyres provide incredible grip on loose surfaces. Confident descending on gravel and mud where my road bike would slip.","false","""2025-10-09T19:55:21.929Z"""
"b6369ca3-4b13-415f-a00a-9dd5f2656b8a","2478ea1f-fca5-4347-9634-ce55a18979ae","George Martin","5","Motor is very quiet","Took it on some proper trails last weekend - the suspension handled everything beautifully. Roots, rocks, drops - all absorbed smoothly.","true","""2025-10-08T19:55:21.929Z"""
"f0ca9f70-04be-4222-9cae-69360edb1267","2478ea1f-fca5-4347-9634-ce55a18979ae","Liam Byrne","5","Fantastic quality","The design is sleek and modern. I get compliments on it regularly. Doesn't look like a typical Electric bike at all.","true","""2025-10-02T19:55:21.929Z"""
"9b94b614-4a51-4b70-ad12-d27b7e1dedf3","2478ea1f-fca5-4347-9634-ce55a18979ae","Callum Reid","4","Very impressed","Brakes require minimal finger pressure. Very responsive without being grabby. Excellent modulation.","true","""2025-10-04T19:55:21.929Z"""
"671b9596-1780-4974-b65c-1debdfdb2067","2478ea1f-fca5-4347-9634-ce55a18979ae","Skye Ross","4","Superb engineering","The wide handlebars give excellent control on technical sections. Feel very planted and confident on descents.","true","""2025-08-16T19:55:21.929Z"""
"ef41d02a-efa6-4278-a28b-24b7521c045a","2478ea1f-fca5-4347-9634-ce55a18979ae","Hiroshi Nguyen","5","Fantastic quality","The fat tyres provide incredible grip on loose surfaces. Confident descending on gravel and mud where my road bike would slip.","true","""2025-06-30T19:55:21.929Z"""
"ea10e59a-a287-4948-aab2-98c1ae4bbcd4","2478ea1f-fca5-4347-9634-ce55a18979ae","Diya Hassan","5","Highly recommend","Gear range is perfect. Lowest gear handles steep hills, highest gear keeps up with traffic on flat roads.","true","""2025-07-25T19:55:21.929Z"""
"6f6455f7-1880-4b52-8bb2-309e3010784f","2478ea1f-fca5-4347-9634-ce55a18979ae","Finn O'Connor","5","Perfect size","The weight is well-balanced. Easy to manoeuvre despite being heavier than a standard bike. Handles beautifully.","true","""2025-11-02T19:55:21.929Z"""
"754c9b60-bcc3-4985-9923-b957a2fa0ce1","2478ea1f-fca5-4347-9634-ce55a18979ae","Rhys Hughes","5","Superb engineering","The wide handlebars give excellent control on technical sections. Feel very planted and confident on descents.","true","""2025-11-23T19:55:21.929Z"""
"cd8b0e32-78eb-439f-a25e-e62f3df4073b","2478ea1f-fca5-4347-9634-ce55a18979ae","Jun Liu","5","Motor is very quiet","I was hesitant about the price initially, but this has saved me hundreds in fuel costs already. Best decision I've made this year.","true","""2025-09-06T19:55:21.929Z"""
"b2d67139-19cd-4819-8691-0ce1a0f8b455","2478ea1f-fca5-4347-9634-ce55a18979ae","Carys Lloyd","5","Love the design","The motor provides smooth, natural assistance. You barely notice it working but hills that used to exhaust me are now effortless.","true","""2025-10-19T19:55:21.929Z"""
"42b81429-5fd3-40bf-abd7-cc418fa3a7a7","2478ea1f-fca5-4347-9634-ce55a18979ae","Meera Patel","5","Responsive and smooth","The fat tyres provide incredible grip on loose surfaces. Confident descending on gravel and mud where my road bike would slip.","true","""2025-11-08T19:55:21.929Z"""
"5d54da17-349d-4244-89cf-1723c5f95e7a","2478ea1f-fca5-4347-9634-ce55a18979ae","Ella Hughes","5","Love the design","I'm 6'2"" and it fits me comfortably with room to adjust. My partner is 5'4"" and can also ride it comfortably. Very adjustable.","true","""2025-10-20T19:55:21.929Z"""
"c5f493ef-6501-4c31-9e3d-de8c0d974b5b","2478ea1f-fca5-4347-9634-ce55a18979ae","Lin Nguyen","5","Excellent build quality","Gear range is perfect. Lowest gear handles steep hills, highest gear keeps up with traffic on flat roads.","true","""2025-07-19T19:55:21.929Z"""
"925890b0-57fb-43fa-a23a-67f2eb0869f0","2478ea1f-fca5-4347-9634-ce55a18979ae","Bethan Jones","5","Love everything about it","The fat tyres provide incredible grip on loose surfaces. Confident descending on gravel and mud where my road bike would slip.","true","""2025-07-20T19:55:21.929Z"""
"65680523-0a20-498f-9715-37b8a0976111","2478ea1f-fca5-4347-9634-ce55a18979ae","Liam Ryan","5","Very impressed","Customer service deserves special mention. Had a question about maintenance and received a detailed response within hours.","false","""2025-06-05T19:55:21.929Z"""
"6e930454-e13a-41d9-8977-e3b83fb1ab9a","2478ea1f-fca5-4347-9634-ce55a18979ae","Zofia Popov","5","Really pleased","Took it on some proper trails last weekend - the suspension handled everything beautifully. Roots, rocks, drops - all absorbed smoothly.","true","""2025-08-08T19:55:21.929Z"""
"0f630f31-4daa-4178-813f-0b5b1dff026a","2478ea1f-fca5-4347-9634-ce55a18979ae","Oscar Bennett","5","Better than expected","The wide handlebars give excellent control on technical sections. Feel very planted and confident on descents.","true","""2025-09-27T19:55:21.929Z"""
"40e0ae86-1d01-4413-be9c-62e2ca591d64","2478ea1f-fca5-4347-9634-ce55a18979ae","Bethan Rees","5","Battery life is amazing","The wide handlebars give excellent control on technical sections. Feel very planted and confident on descents.","true","""2025-09-12T19:55:21.929Z"""
"45b8fe63-aa7b-4603-8498-73fcd38610c7","2478ea1f-fca5-4347-9634-ce55a18979ae","Declan Walsh","4","Excellent build quality","Eco mode extends the range impressively. Easily get 50+ miles if you're not rushing. Perfect for weekend rides.","true","""2025-08-28T19:55:21.929Z"""
"c44d2074-f3c6-40bc-b78a-3480fed5c5d5","2478ea1f-fca5-4347-9634-ce55a18979ae","Callum MacDonald","5","Perfect commuter bike","Took it on some proper trails last weekend - the suspension handled everything beautifully. Roots, rocks, drops - all absorbed smoothly.","true","""2025-09-02T19:55:21.929Z"""
"620a3f46-4a3a-46d4-bd69-148278f5e4ba","2478ea1f-fca5-4347-9634-ce55a18979ae","Keira Gordon","5","Happy commuter here","After six months of daily use, I have zero complaints. No mechanical issues whatsoever. Just regular maintenance needed.","true","""2025-09-08T19:55:21.929Z"""
"3c794335-264c-447b-9cbc-72007dd10d64","2478ea1f-fca5-4347-9634-ce55a18979ae","Isabella Thomas","4","Just what I needed","Braking performance is excellent. Stops quickly and confidently even in wet conditions. Feel very safe riding in traffic.","true","""2025-07-24T19:55:21.929Z"""
"f41ea6cf-30ee-4d02-be5a-ea8ed0c9bbfb","2478ea1f-fca5-4347-9634-ce55a18979ae","Aiko Li","5","Outstanding value","The LCD display is clear and easy to read in all conditions. Love being able to monitor speed and battery at a glance.","true","""2025-06-28T19:55:21.929Z"""
"ba04dce4-22d7-4106-9076-38b7dd586deb","2478ea1f-fca5-4347-9634-ce55a18979ae","Eilidh Stewart","5","Quality exceeds the price","Disc brakes are essential off-road and these perform flawlessly. Powerful, progressive, reliable even when caked in mud.","true","""2025-06-16T19:55:21.929Z"""
"7c5b1286-c83f-48ee-bd3d-f4f2d00fefde","2478ea1f-fca5-4347-9634-ce55a18979ae","Maisie MacKenzie","5","Absolutely brilliant purchase","Took it on some proper trails last weekend - the suspension handled everything beautifully. Roots, rocks, drops - all absorbed smoothly.","true","""2025-10-03T19:55:21.929Z"""
"cf8fdc6b-0bec-4cd0-bdd6-a4de85f22f7d","2478ea1f-fca5-4347-9634-ce55a18979ae","Hana Wong","5","Folds up nicely","Suspension works brilliantly. Absorbs bumps effectively without feeling bouncy. Much more comfortable than my old rigid bike.","true","""2025-06-25T19:55:21.929Z"""
"1067cc4b-da57-481d-b0b1-27c26d661537","2478ea1f-fca5-4347-9634-ce55a18979ae","Mihai Novak","3","Fantastic quality","The fat tyres provide incredible grip on loose surfaces. Confident descending on gravel and mud where my road bike would slip.","true","""2025-06-07T19:55:21.929Z"""
"364b9fe2-2917-46eb-8ae3-c5ea970042ef","2478ea1f-fca5-4347-9634-ce55a18979ae","Zofia Petrescu","4","Solid and reliable","This has genuinely changed my lifestyle. Haven't driven to work in two months. Saving money and getting fitter simultaneously.","true","""2025-08-31T19:55:21.929Z"""
"1ac149be-cdce-4d7b-a370-e41e255fce04","2478ea1f-fca5-4347-9634-ce55a18979ae","Ji-Hoon Chen","5","Perfect commuter bike","This has genuinely changed my lifestyle. Haven't driven to work in two months. Saving money and getting fitter simultaneously.","true","""2025-08-24T19:55:21.929Z"""
"9570db8a-9f71-452e-8b26-70686978d190","2478ea1f-fca5-4347-9634-ce55a18979ae","Pavel Kuznetsov","4","Happy commuter here","Ground clearance is generous. No pedal strikes even on rocky terrain. Well thought-out geometry for actual off-road use.","true","""2025-06-09T19:55:21.929Z"""
"0732242c-f785-4cb7-a67c-d400750c5ff1","2478ea1f-fca5-4347-9634-ce55a18979ae","Sean O'Donnell","5","Top-notch product","The design is sleek and modern. I get compliments on it regularly. Doesn't look like a typical Electric bike at all.","true","""2025-06-20T19:55:21.929Z"""
"476542f8-b901-4956-8c90-9e8754460c19","2478ea1f-fca5-4347-9634-ce55a18979ae","Lin Suzuki","5","Fantastic quality","Surprisingly agile despite the weight. Easy to navigate through tight spaces and park conveniently.","true","""2025-08-25T19:55:21.929Z"""
"93de445c-98ec-4c49-89d7-804c9e2bd829","2478ea1f-fca5-4347-9634-ce55a18979ae","Wei Nguyen","5","Folds up nicely","The power levels are well-judged. Eco mode for range, Sport mode for hills. Perfect balance of options.","true","""2025-07-04T19:55:21.929Z"""
"efd0462a-7b3e-49b5-bd45-f0d9e181d865","2478ea1f-fca5-4347-9634-ce55a18979ae","Aisha Singh","5","Responsive and smooth","The range is no exaggeration. Did a 45-mile ride last weekend and still had battery left. Perfect for longer adventures.","true","""2025-07-07T19:55:21.929Z"""
"6dd33674-0e28-4f72-8fcc-5496d080f380","2478ea1f-fca5-4347-9634-ce55a18979ae","Fraser Gordon","5","Couldn't be happier","The motor provides smooth, natural assistance. You barely notice it working but hills that used to exhaust me are now effortless.","true","""2025-06-04T19:55:21.929Z"""
"f073e081-f923-4c8d-8e22-d4948e1988f9","2478ea1f-fca5-4347-9634-ce55a18979ae","Liam Fraser","3","Great for hills","Kickstand is sturdy and reliable. Bike stays upright on any surface. Simple but essential feature that works perfectly.","true","""2025-10-01T19:55:21.929Z"""
"da88ffbf-5e4a-4f97-8094-ac908f9e9dde","2478ea1f-fca5-4347-9634-ce55a18979ae","Lin Zhang","5","Exceeded all expectations","Suspension works brilliantly. Absorbs bumps effectively without feeling bouncy. Much more comfortable than my old rigid bike.","true","""2025-07-02T19:55:21.929Z"""
"61af85cc-7e2e-4d78-b24c-05e175ab9398","2478ea1f-fca5-4347-9634-ce55a18979ae","Niamh Byrne","5","Battery life is amazing","Took it on some proper trails last weekend - the suspension handled everything beautifully. Roots, rocks, drops - all absorbed smoothly.","true","""2025-06-13T19:55:21.929Z"""
"b11f05b0-1c2c-453a-9629-5e41377cda35","2478ea1f-fca5-4347-9634-ce55a18979ae","Layla Gupta","4","Responsive and smooth","Customer service deserves special mention. Had a question about maintenance and received a detailed response within hours.","true","""2025-09-28T19:55:21.929Z"""
"ddb57b99-3728-47a4-9cc9-306904d7516a","2478ea1f-fca5-4347-9634-ce55a18979ae","Elena Novak","5","Top-notch product","Surprisingly agile despite the weight. Easy to navigate through tight spaces and park conveniently.","false","""2025-06-13T19:55:21.929Z"""
"48b7ff9b-2322-47df-a4c4-6a87d4f379c6","2478ea1f-fca5-4347-9634-ce55a18979ae","Kemi Oluwaseun","5","Excellent build quality","The build quality is exceptional. Everything feels solid and well-engineered. I've been using it daily for three months now and it still performs like new.","true","""2025-07-01T19:55:21.929Z"""
"6c9edf01-7167-4b97-b366-311700d3779f","2478ea1f-fca5-4347-9634-ce55a18979ae","Arjun Sharma","5","Outstanding value","The rear rack is solid and takes panniers perfectly. Can carry a week's shopping without any wobble.","true","""2025-07-11T19:55:21.929Z"""
"d91582ca-b55a-4778-92c3-e4c660bb03dd","2478ea1f-fca5-4347-9634-ce55a18979ae","Oscar King","5","Absolutely brilliant purchase","Ground clearance is generous. No pedal strikes even on rocky terrain. Well thought-out geometry for actual off-road use.","true","""2025-08-05T19:55:21.929Z"""
"fd0673ad-eae3-4c9e-a456-2639930acd2b","2478ea1f-fca5-4347-9634-ce55a18979ae","Zara Kamau","5","Feels very sturdy","Disc brakes are essential off-road and these perform flawlessly. Powerful, progressive, reliable even when caked in mud.","true","""2025-09-16T19:55:21.929Z"""
"80ee1a9e-c7ad-43ed-917b-a343fcfbb4ba","2478ea1f-fca5-4347-9634-ce55a18979ae","Callum Ross","5","Responsive and smooth","Customer support answered all my pre-purchase questions promptly. Made the buying decision much easier.","true","""2025-11-10T19:55:21.929Z"""
"8e72f90f-c1fb-4b0d-9eb4-39c6e0b5f4f5","2478ea1f-fca5-4347-9634-ce55a18979ae","Orla Murphy","3","Fantastic quality","Eco mode extends the range impressively. Easily get 50+ miles if you're not rushing. Perfect for weekend rides.","true","""2025-06-07T19:55:21.929Z"""
"04ecd768-1800-4517-abca-49983e978e51","2478ea1f-fca5-4347-9634-ce55a18979ae","Chloe Sanders","5","Happy commuter here","The integrated lights look sleek and work brilliantly. No fumbling with removable lights anymore.","true","""2025-06-04T19:55:21.929Z"""
"6f97e379-240f-4c75-9e6c-cbeb21c816be","2478ea1f-fca5-4347-9634-ce55a18979ae","Finn Byrne","4","Highly recommend","The fat tyres provide incredible grip on loose surfaces. Confident descending on gravel and mud where my road bike would slip.","true","""2025-09-12T19:55:21.929Z"""
"60b15773-3cc2-4709-b8cd-9e97e2910023","2478ea1f-fca5-4347-9634-ce55a18979ae","Jun Zhang","5","Feels very sturdy","No buyer's remorse whatsoever. This is everything I hoped it would be and more. Absolutely delighted.","true","""2025-08-05T19:55:21.929Z"""
"b3ecb8ea-f0e3-4740-8452-904c8e1feb84","2478ea1f-fca5-4347-9634-ce55a18979ae","Ciara Murphy","5","Worth every penny","The weight is well-balanced. Easy to manoeuvre despite being heavier than a standard bike. Handles beautifully.","true","""2025-09-30T19:55:21.929Z"""
"f28f2ca1-5f78-45b9-bf6c-7bed11a0144c","2478ea1f-fca5-4347-9634-ce55a18979ae","Chinwe Balogun","4","Game-changer for my commute","The tyres grip well in all conditions. Confident cornering even on wet roads. Feel very planted and stable.","true","""2025-08-23T19:55:21.929Z"""
"c884a3a1-b79f-4246-ab6c-5d36c8b76aad","2478ea1f-fca5-4347-9634-ce55a18979ae","Viktor Popov","4","Love the design","The throttle mode is brilliant for starting from lights. Get moving quickly without having to pedal hard in traffic.","true","""2025-09-30T19:55:21.929Z"""
"3489676b-d150-4dde-9125-0a201bbd3e80","2478ea1f-fca5-4347-9634-ce55a18979ae","Chen Zhang","5","Delighted with purchase","This has paid for itself already in saved train fares. The financial case is compelling even before health benefits.","true","""2025-06-25T19:55:21.929Z"""
"e106f218-8cbb-4eea-bac4-c361f376c413","2478ea1f-fca5-4347-9634-ce55a18979ae","Diego Santos","5","Absolutely brilliant purchase","The fat tyres provide incredible grip on loose surfaces. Confident descending on gravel and mud where my road bike would slip.","true","""2025-08-03T19:55:21.929Z"""
"4756fb1a-0cd1-4222-a775-0e1aa82c13d8","2478ea1f-fca5-4347-9634-ce55a18979ae","Ciara Doyle","4","Solid and reliable","Disc brakes are essential off-road and these perform flawlessly. Powerful, progressive, reliable even when caked in mud.","true","""2025-09-23T19:55:21.929Z"""
"d2db73d2-2ad4-4deb-bc35-985a0ecda535","2478ea1f-fca5-4347-9634-ce55a18979ae","Rohan Rahman","4","Perfect for daily use","The fat tyres provide incredible grip on loose surfaces. Confident descending on gravel and mud where my road bike would slip.","true","""2025-09-28T19:55:21.929Z"""
"347d35f6-f291-42bd-b5a8-5cc3227a0881","2478ea1f-fca5-4347-9634-ce55a18979ae","Megan Rees","4","Best investment I've made","Perfect for my hilly commute. What used to take 45 minutes of sweaty pedalling now takes 25 minutes and I arrive fresh.","true","""2025-07-22T19:55:21.929Z"""
"bf2d170b-2364-4faf-b3d5-cabdf7b75cd3","2478ea1f-fca5-4347-9634-ce55a18979ae","Aiko Nguyen","5","Great customer service","The fat tyres provide incredible grip on loose surfaces. Confident descending on gravel and mud where my road bike would slip.","true","""2025-10-17T19:55:21.929Z"""
"2a710455-7ebb-4fdb-a312-43d32385c5fe","2478ea1f-fca5-4347-9634-ce55a18979ae","Ife Kamau","5","Responsive and smooth","Disc brakes are essential off-road and these perform flawlessly. Powerful, progressive, reliable even when caked in mud.","true","""2025-09-26T19:55:21.929Z"""
"8ba54906-3e85-4e72-b81b-7ec6ed6c8c70","dd80fb34-cedf-4c58-8fd5-2846d85171e4","George Harris","5","Love the design","The integrated lights look sleek and work brilliantly. No fumbling with removable lights anymore.","true","""2025-10-19T19:55:22.277Z"""
"adafec44-75c6-46b6-976f-0deff085c99b","2478ea1f-fca5-4347-9634-ce55a18979ae","Erin MacLeod","5","Top-notch product","This has genuinely changed my lifestyle. Haven't driven to work in two months. Saving money and getting fitter simultaneously.","true","""2025-09-11T19:55:21.929Z"""
"a424d581-0168-44c1-8278-7b69cbca1848","2478ea1f-fca5-4347-9634-ce55a18979ae","Ji-Hoon Liu","5","Highly recommend","Disc brakes are essential off-road and these perform flawlessly. Powerful, progressive, reliable even when caked in mud.","true","""2025-08-14T19:55:21.929Z"""
"7208dcd7-6c3d-42d5-bc95-e91a7f447a38","2478ea1f-fca5-4347-9634-ce55a18979ae","Charlie Bell","3","Excellent build quality","Gear range is perfect. Lowest gear handles steep hills, highest gear keeps up with traffic on flat roads.","false","""2025-11-21T19:55:21.929Z"""
"31b90444-f5be-43b0-8e3f-f30de18d8f3b","2478ea1f-fca5-4347-9634-ce55a18979ae","Bethan Davies","4","Absolutely brilliant purchase","Assembly was straightforward. Clear instructions and all necessary tools included. Was ready to ride in under half an hour.","true","""2025-07-27T19:55:21.929Z"""
"72f9cba8-a1fb-491b-8b7f-5dc701ef4163","600382aa-7fd0-47a5-b448-54217b32e632","Pavel Popov","2","Motor is very quiet","The range is no exaggeration. Did a 45-mile ride last weekend and still had battery left. Perfect for longer adventures.","true","""2025-06-13T19:55:21.965Z"""
"d32c39c4-7637-462b-9653-ddf7035d2a26","600382aa-7fd0-47a5-b448-54217b32e632","Ola Adeyemi","5","Great customer service","Surprisingly agile despite the weight. Easy to navigate through tight spaces and park conveniently.","true","""2025-07-31T19:55:21.965Z"""
"a2a8ff7d-107b-43f4-aa57-cf9af4a58eb5","600382aa-7fd0-47a5-b448-54217b32e632","Mei Kim","4","Top-notch product","Can fit in the boot of my hatchback easily. Opens up possibilities for weekend rides in the countryside.","true","""2025-11-07T19:55:21.965Z"""
"618a17f8-210a-4e9c-949e-12c293ab70b5","600382aa-7fd0-47a5-b448-54217b32e632","Bethan Hughes","5","Exceeded all expectations","Stores under my desk at work. Saves paying for cycle parking and keeps it safe. Unfolding is just as quick.","false","""2025-11-06T19:55:21.965Z"""
"5d248bb0-ca56-4b19-9df1-c0704958262f","600382aa-7fd0-47a5-b448-54217b32e632","Angus Robertson","5","Battery life is amazing","Love that I can use it as a regular bike when I want exercise, or with assistance when I'm tired. Versatility is brilliant.","true","""2025-11-22T19:55:21.965Z"""
"61efd0df-aac4-4388-957f-60d28418c00e","600382aa-7fd0-47a5-b448-54217b32e632","Noor Farouk","5","Highly recommend","Surprisingly quiet motor. My old Electric bike sounded like a lawnmower. This one is almost silent - very refined.","false","""2025-07-08T19:55:21.965Z"""
"ee3b9156-36c3-476b-95fa-5beafed86b6c","600382aa-7fd0-47a5-b448-54217b32e632","Yusuf Khan","5","Folds up nicely","Stores under my desk at work. Saves paying for cycle parking and keeps it safe. Unfolding is just as quick.","true","""2025-06-19T19:55:21.965Z"""
"28adcf27-d44a-4f67-94d9-d11a43291522","600382aa-7fd0-47a5-b448-54217b32e632","Kwame Oluwaseun","5","Perfect commuter bike","The hinges feel solid with no play. Despite folding, it rides like a regular bike - no flex or wobble whatsoever.","true","""2025-05-28T19:55:21.965Z"""
"df597eb2-7762-4a6d-99c7-8f3e78c802be","600382aa-7fd0-47a5-b448-54217b32e632","Niamh Flynn","3","Great customer service","Stores under my desk at work. Saves paying for cycle parking and keeps it safe. Unfolding is just as quick.","true","""2025-08-06T19:55:21.965Z"""
"712a170d-f5cc-4c1c-9542-a697bc5d988c","600382aa-7fd0-47a5-b448-54217b32e632","Rashid Al-Mansouri","5","Love everything about it","Puncture-resistant tyres have lived up to the name. Several months of daily use, zero flats. Impressive.","true","""2025-09-17T19:55:21.965Z"""
"f093bc00-843e-4686-8dd1-914059a8b55f","600382aa-7fd0-47a5-b448-54217b32e632","Declan O'Connor","2","Ideal for my needs","Folding mechanism is brilliant. Takes literally 15 seconds. No fumbling or forcing required - just clicks into place.","false","""2025-07-02T19:55:21.965Z"""
"f9446c2b-9008-436d-b2e5-e170f1da0808","600382aa-7fd0-47a5-b448-54217b32e632","Morgan Davies","5","Outstanding value","The integrated lights look sleek and work brilliantly. No fumbling with removable lights anymore.","true","""2025-10-21T19:55:21.965Z"""
"22db6517-ce72-4140-86b1-026780d74717","600382aa-7fd0-47a5-b448-54217b32e632","Jakub Kowalski","5","Fantastic quality","Suspension works brilliantly. Absorbs bumps effectively without feeling bouncy. Much more comfortable than my old rigid bike.","true","""2025-06-21T19:55:21.965Z"""
"68e3267e-d672-4811-b12f-23f6030707cc","600382aa-7fd0-47a5-b448-54217b32e632","Eoin O'Brien","5","Worth every penny","My colleagues have been asking about it constantly. Two have already bought one based on my recommendation.","true","""2025-10-09T19:55:21.965Z"""
"ab9f1868-c02b-49ab-a9fe-f70f143ca970","600382aa-7fd0-47a5-b448-54217b32e632","Omar Sharma","3","Game-changer for my commute","Battery life has been fantastic. I do a 12-mile round trip daily and only charge twice a week. The range indicator is very accurate too.","true","""2025-06-10T19:55:21.965Z"""
"21d402c6-8f88-43f7-831f-51be2f51c1d7","600382aa-7fd0-47a5-b448-54217b32e632","Erin Murray","5","Good for longer rides","The hinges feel solid with no play. Despite folding, it rides like a regular bike - no flex or wobble whatsoever.","false","""2025-07-16T19:55:21.965Z"""
"c2076814-fd82-4a56-88d4-83d8d28ac582","600382aa-7fd0-47a5-b448-54217b32e632","Mei Wang","5","Brilliant for city riding","Can fit in the boot of my hatchback easily. Opens up possibilities for weekend rides in the countryside.","true","""2025-11-17T19:55:21.965Z"""
"78d739cb-e48f-4f77-8520-a66e006736c6","600382aa-7fd0-47a5-b448-54217b32e632","Yasmin Al-Mansouri","5","Easy to use","This has opened up so many new routes. Places that were too far or too hilly are now easily accessible. Loving the freedom.","false","""2025-07-05T19:55:21.965Z"""
"dffa9e23-578a-4195-ab33-3f81de21489f","600382aa-7fd0-47a5-b448-54217b32e632","Chloe Green","4","Impressive performance","The bell is louder than expected - in a good way! Pedestrians actually hear it first time.","true","""2025-05-29T19:55:21.965Z"""
"5a29b13d-965c-46d6-8e78-20ea3677a0e2","600382aa-7fd0-47a5-b448-54217b32e632","Erin Cameron","5","Battery life is amazing","The throttle mode is brilliant for starting from lights. Get moving quickly without having to pedal hard in traffic.","true","""2025-09-27T19:55:21.965Z"""
"7650defc-3ebf-4a7b-b04c-59a6e76b5be0","600382aa-7fd0-47a5-b448-54217b32e632","Saoirse Ryan","3","Love the design","Stores under my desk at work. Saves paying for cycle parking and keeps it safe. Unfolding is just as quick.","true","""2025-08-23T19:55:21.965Z"""
"2987b4ef-7d74-4167-bebd-c0eb0726fc96","600382aa-7fd0-47a5-b448-54217b32e632","Saoirse Walsh","5","Feels very sturdy","Lights are bright and effective. Battery powers them without draining noticeably. Feel confident riding in darker months.","true","""2025-06-27T19:55:21.965Z"""
"79fbe597-4938-4fd9-81d6-c5ca8460aff0","600382aa-7fd0-47a5-b448-54217b32e632","Angus Stewart","5","Perfect size","Arrived perfectly adjusted. Brakes, gears, everything worked perfectly straight out of the box. Very impressed with quality control.","true","""2025-07-22T19:55:21.965Z"""
"bfd0f8e6-a60d-4b4f-818a-37bea738df08","600382aa-7fd0-47a5-b448-54217b32e632","Fraser MacLeod","3","Happy commuter here","Love the removable battery. I can charge it at my desk whilst at work. So much more convenient than wheeling the whole bike inside.","true","""2025-07-14T19:55:21.965Z"""
"ca6fe2b7-7ede-4d36-8d83-0bcc97d7fcd1","600382aa-7fd0-47a5-b448-54217b32e632","Charlie Roberts","5","Excellent starter bike","Suspension works brilliantly. Absorbs bumps effectively without feeling bouncy. Much more comfortable than my old rigid bike.","true","""2025-06-06T19:55:21.965Z"""
"084f890a-43ad-45fb-901f-7dac311cc9bb","600382aa-7fd0-47a5-b448-54217b32e632","Layla Desai","5","Folds up nicely","The hinges feel solid with no play. Despite folding, it rides like a regular bike - no flex or wobble whatsoever.","true","""2025-10-07T19:55:21.965Z"""
"6a97eaab-822b-499b-a852-19b54a2d5c13","600382aa-7fd0-47a5-b448-54217b32e632","Sakura Liu","3","Battery life is amazing","Gear range is perfect. Lowest gear handles steep hills, highest gear keeps up with traffic on flat roads.","true","""2025-08-24T19:55:21.965Z"""
"dee3b494-305b-476f-acd6-dfa3872f4b56","600382aa-7fd0-47a5-b448-54217b32e632","Mason Sanders","4","Fantastic range","The integrated lights look sleek and work brilliantly. No fumbling with removable lights anymore.","true","""2025-08-01T19:55:21.965Z"""
"ffab34bc-0986-4a8d-ab75-c047566c27d6","600382aa-7fd0-47a5-b448-54217b32e632","Jabari Mensah","5","Absolutely brilliant purchase","The range is no exaggeration. Did a 45-mile ride last weekend and still had battery left. Perfect for longer adventures.","true","""2025-07-10T19:55:21.965Z"""
"675c4845-f828-43f0-ba6d-5621c94a46a8","600382aa-7fd0-47a5-b448-54217b32e632","Katarina Nowak","5","Worth every penny","Surprisingly quiet motor. My old Electric bike sounded like a lawnmower. This one is almost silent - very refined.","true","""2025-11-05T19:55:21.965Z"""
"3af3d5ac-f7eb-4c83-a18b-1ea2d4292032","600382aa-7fd0-47a5-b448-54217b32e632","Hiroshi Wang","5","Easy to use","The craftsmanship is evident. Welds are neat, paint is flawless. This is a bike built to last.","true","""2025-07-12T19:55:21.965Z"""
"a4c2c83b-3ff0-4236-8398-0ff6c371947f","600382aa-7fd0-47a5-b448-54217b32e632","Mei Nguyen","5","Solid and reliable","Perfect for my train commute. Folds small enough that it doesn't bother other passengers during rush hour.","true","""2025-07-28T19:55:21.965Z"""
"f26ddb9b-e781-4a7b-ae55-352e7188252c","600382aa-7fd0-47a5-b448-54217b32e632","Sakura Lee","4","Superb engineering","Can fit in the boot of my hatchback easily. Opens up possibilities for weekend rides in the countryside.","true","""2025-06-25T19:55:21.965Z"""
"09822781-5cab-42fd-9656-e83ad4c8c02f","600382aa-7fd0-47a5-b448-54217b32e632","Saoirse O'Sullivan","3","Superb engineering","Surprisingly quiet motor. My old Electric bike sounded like a lawnmower. This one is almost silent - very refined.","false","""2025-11-11T19:55:21.965Z"""
"b1c685cf-34b1-4dd6-84ed-089df11f0926","600382aa-7fd0-47a5-b448-54217b32e632","Yasmin Al-Sayed","3","Fantastic quality","The hinges feel solid with no play. Despite folding, it rides like a regular bike - no flex or wobble whatsoever.","false","""2025-10-08T19:55:21.965Z"""
"d5c4310f-fb2c-4a5c-a1e1-a8fa5960fe66","600382aa-7fd0-47a5-b448-54217b32e632","Liam Murray","5","Impressive performance","The mudguards actually work. Stay clean and dry even through puddles. Small detail but makes a big difference.","true","""2025-09-01T19:55:21.965Z"""
"814f65d7-5008-4be4-b011-b5767ace14bc","600382aa-7fd0-47a5-b448-54217b32e632","Zara Boateng","5","Easy to use","The integrated lights look sleek and work brilliantly. No fumbling with removable lights anymore.","true","""2025-07-24T19:55:21.965Z"""
"7d2da293-e24d-45ab-ae2d-01d2a4cf6ad8","600382aa-7fd0-47a5-b448-54217b32e632","Tunde Ogunleye","5","Motor is very quiet","Customer service deserves special mention. Had a question about maintenance and received a detailed response within hours.","true","""2025-09-28T19:55:21.965Z"""
"d3924eb2-d2ca-486e-a06c-7a20de9cd576","600382aa-7fd0-47a5-b448-54217b32e632","Ayodele Mensah","5","Delighted with purchase","The hinges feel solid with no play. Despite folding, it rides like a regular bike - no flex or wobble whatsoever.","true","""2025-08-18T19:55:21.965Z"""
"50272e42-a618-4aa0-80e3-e27756d69a6a","600382aa-7fd0-47a5-b448-54217b32e632","Kwesi Ogunleye","5","Battery life is amazing","Can fit in the boot of my hatchback easily. Opens up possibilities for weekend rides in the countryside.","true","""2025-08-11T19:55:21.965Z"""
"a0815357-b372-4500-be8c-6855cfb32d84","600382aa-7fd0-47a5-b448-54217b32e632","Noah Watson","5","Outstanding value","Braking performance is excellent. Stops quickly and confidently even in wet conditions. Feel very safe riding in traffic.","true","""2025-06-18T19:55:21.965Z"""
"fe6c65f8-3526-4171-819c-f75e3dc93f82","600382aa-7fd0-47a5-b448-54217b32e632","Tao Wang","3","Perfect commuter bike","Kickstand is sturdy and reliable. Bike stays upright on any surface. Simple but essential feature that works perfectly.","true","""2025-11-07T19:55:21.965Z"""
"fe87a510-023e-4641-af32-6bbb531ba2a6","600382aa-7fd0-47a5-b448-54217b32e632","Sean Flynn","5","Best investment I've made","Can fit in the boot of my hatchback easily. Opens up possibilities for weekend rides in the countryside.","true","""2025-09-11T19:55:21.965Z"""
"1f958b72-78d8-486c-9545-0f2d25f655f2","600382aa-7fd0-47a5-b448-54217b32e632","Freya Campbell","4","Folds up nicely","Perfect for my train commute. Folds small enough that it doesn't bother other passengers during rush hour.","true","""2025-09-07T19:55:21.965Z"""
"05578bf9-5773-4138-8db7-fb905445a144","600382aa-7fd0-47a5-b448-54217b32e632","Kofi Oluwaseun","5","Folds up nicely","Stores under my desk at work. Saves paying for cycle parking and keeps it safe. Unfolding is just as quick.","true","""2025-08-07T19:55:21.965Z"""
"d4e08b4e-a6ff-478c-81c4-cdc4b4e469a5","600382aa-7fd0-47a5-b448-54217b32e632","Evie Long","5","Love the design","Perfect for my hilly commute. What used to take 45 minutes of sweaty pedalling now takes 25 minutes and I arrive fresh.","true","""2025-10-04T19:55:21.965Z"""
"f98ddbfe-59c7-4c2f-9411-bed2cf0a435e","600382aa-7fd0-47a5-b448-54217b32e632","Ravi Mehta","5","Ideal for my needs","The bell is louder than expected - in a good way! Pedestrians actually hear it first time.","true","""2025-09-14T19:55:21.965Z"""
"7fc9ca02-ecd9-4ea4-b650-5c151a398772","600382aa-7fd0-47a5-b448-54217b32e632","Seren Rees","4","Easy to use","The hinges feel solid with no play. Despite folding, it rides like a regular bike - no flex or wobble whatsoever.","true","""2025-06-20T19:55:21.965Z"""
"1a898c0a-8faa-444c-98ca-c3862ffd8230","600382aa-7fd0-47a5-b448-54217b32e632","Ana Kowalski","5","Superb engineering","Saddle is surprisingly comfortable. I've done 30-mile rides without any discomfort. Gear shifting is smooth and precise too.","true","""2025-08-02T19:55:21.965Z"""
"55b57656-3147-4e81-b7a6-c09b0f161328","600382aa-7fd0-47a5-b448-54217b32e632","Owain Williams","4","Fantastic quality","Perfect for my hilly commute. What used to take 45 minutes of sweaty pedalling now takes 25 minutes and I arrive fresh.","true","""2025-07-08T19:55:21.965Z"""
"94d98361-b4d8-4a72-b2f2-0f00cf9b4489","600382aa-7fd0-47a5-b448-54217b32e632","Chloe Morgan","5","Excellent starter bike","Surprisingly quiet motor. My old Electric bike sounded like a lawnmower. This one is almost silent - very refined.","true","""2025-09-19T19:55:21.965Z"""
"80d2388c-1f10-49ba-bf4d-5a69c5b06b24","600382aa-7fd0-47a5-b448-54217b32e632","Orla O'Sullivan","5","Fantastic quality","Can fit in the boot of my hatchback easily. Opens up possibilities for weekend rides in the countryside.","true","""2025-10-13T19:55:21.965Z"""
"b6dccb0c-bf67-4d11-8aa8-58793a0e53ac","600382aa-7fd0-47a5-b448-54217b32e632","Dimitri Horvath","5","Perfect for daily use","Stores under my desk at work. Saves paying for cycle parking and keeps it safe. Unfolding is just as quick.","true","""2025-11-06T19:55:21.965Z"""
"edd8c467-6651-4c3a-99d2-eea0d77ba47a","600382aa-7fd0-47a5-b448-54217b32e632","Andrei Ivanova","2","Impressive performance","Perfect for my hilly commute. What used to take 45 minutes of sweaty pedalling now takes 25 minutes and I arrive fresh.","false","""2025-08-07T19:55:21.965Z"""
"f8174ffd-0943-4d9a-b5ae-6db4e3ad6760","600382aa-7fd0-47a5-b448-54217b32e632","Cian Walsh","5","Fantastic range","The hinges feel solid with no play. Despite folding, it rides like a regular bike - no flex or wobble whatsoever.","true","""2025-09-01T19:55:21.965Z"""
"5163642d-d5ad-4bf0-90f6-dd0d8218546c","600382aa-7fd0-47a5-b448-54217b32e632","Fraser Campbell","5","Easy to use","The hinges feel solid with no play. Despite folding, it rides like a regular bike - no flex or wobble whatsoever.","true","""2025-08-26T19:55:21.965Z"""
"340fb05e-5738-49d4-9494-6f547bd57ba4","600382aa-7fd0-47a5-b448-54217b32e632","Ethan Sanders","5","Outstanding value","Stores under my desk at work. Saves paying for cycle parking and keeps it safe. Unfolding is just as quick.","true","""2025-05-29T19:55:21.965Z"""
"672a0ea1-f15d-4809-a332-54b689f6e357","600382aa-7fd0-47a5-b448-54217b32e632","Zara Mehta","5","Excellent starter bike","Exactly as described on the website. No nasty surprises. What you see is what you get, which is refreshing.","true","""2025-09-19T19:55:21.965Z"""
"eaeae0ee-50f3-441e-b560-ad5c0d40fab1","600382aa-7fd0-47a5-b448-54217b32e632","Priya Singh","5","Ideal for my needs","No buyer's remorse whatsoever. This is everything I hoped it would be and more. Absolutely delighted.","true","""2025-07-29T19:55:21.965Z"""
"30951cc9-dd5f-4514-b2b0-acfab3a10661","600382aa-7fd0-47a5-b448-54217b32e632","Aisling O'Brien","3","Perfect size","The folding mechanism is genius. Folds down in seconds and fits easily in my car boot or under my desk at work.","true","""2025-06-07T19:55:21.965Z"""
"7d203d04-19cf-40dd-a762-8c685b5159d0","600382aa-7fd0-47a5-b448-54217b32e632","Ana Ionescu","5","Love everything about it","Charges faster than expected. From empty to full in about 4-5 hours. Perfect to charge overnight.","false","""2025-08-28T19:55:21.965Z"""
"4c7b97ae-0311-4dc2-91d1-07a93452ecd8","600382aa-7fd0-47a5-b448-54217b32e632","Rory Murray","5","Comfortable ride","The hinges feel solid with no play. Despite folding, it rides like a regular bike - no flex or wobble whatsoever.","true","""2025-06-09T19:55:21.965Z"""
"db4b0cfd-f62b-4801-8431-83c9eb3aa885","600382aa-7fd0-47a5-b448-54217b32e632","Layla Malik","4","Love the design","Perfect for my train commute. Folds small enough that it doesn't bother other passengers during rush hour.","true","""2025-07-29T19:55:21.965Z"""
"1a8e3093-6fd1-4a40-afcc-01de173c0a5f","600382aa-7fd0-47a5-b448-54217b32e632","Jakub Nowak","4","Better than expected","The rear rack is solid and takes panniers perfectly. Can carry a week's shopping without any wobble.","true","""2025-07-21T19:55:21.965Z"""
"bae0ad30-9b27-4b9e-9bc5-61c1a374eff9","600382aa-7fd0-47a5-b448-54217b32e632","Niamh O'Donnell","1","Great for hills","No buyer's remorse whatsoever. This is everything I hoped it would be and more. Absolutely delighted.","true","""2025-09-16T19:55:21.965Z"""
"b8433f93-29d1-448e-ba6f-856b0e46c97b","600382aa-7fd0-47a5-b448-54217b32e632","Ayodele Kamau","5","Highly recommend","Perfect for my train commute. Folds small enough that it doesn't bother other passengers during rush hour.","true","""2025-08-25T19:55:21.965Z"""
"5b777d4c-46ff-4ae7-a53b-4e81c9f0e6eb","600382aa-7fd0-47a5-b448-54217b32e632","Ananya Malik","4","Fantastic range","No buyer's remorse whatsoever. This is everything I hoped it would be and more. Absolutely delighted.","true","""2025-05-28T19:55:21.965Z"""
"457a3422-2005-4290-9404-7525e146b3a9","600382aa-7fd0-47a5-b448-54217b32e632","George Cox","3","Happy commuter here","This has opened up so many new routes. Places that were too far or too hilly are now easily accessible. Loving the freedom.","false","""2025-08-24T19:55:21.965Z"""
"845a3118-bdba-497e-916a-53c0b7a2b3e8","600382aa-7fd0-47a5-b448-54217b32e632","Nia Mensah","5","Best investment I've made","Stores under my desk at work. Saves paying for cycle parking and keeps it safe. Unfolding is just as quick.","true","""2025-10-05T19:55:21.965Z"""
"b39076c7-26cd-4745-a303-2d8e806550b2","600382aa-7fd0-47a5-b448-54217b32e632","Diego Morales","4","Happy commuter here","Folding mechanism is brilliant. Takes literally 15 seconds. No fumbling or forcing required - just clicks into place.","true","""2025-09-28T19:55:21.965Z"""
"26d8ad77-83e4-4606-a0c3-ebd0c86c6f02","600382aa-7fd0-47a5-b448-54217b32e632","Mei Li","5","Superb engineering","Folding mechanism is brilliant. Takes literally 15 seconds. No fumbling or forcing required - just clicks into place.","true","""2025-07-11T19:55:21.965Z"""
"b8d99889-5a5a-41ef-b780-e9ceb80cd0f1","600382aa-7fd0-47a5-b448-54217b32e632","Oliver Ross","5","Great customer service","Puncture-resistant tyres have lived up to the name. Several months of daily use, zero flats. Impressive.","true","""2025-10-15T19:55:21.965Z"""
"c6c1b65e-390a-4964-8b7b-b849f05d4671","600382aa-7fd0-47a5-b448-54217b32e632","Jakub Ionescu","5","Easy to use","Battery life has been fantastic. I do a 12-mile round trip daily and only charge twice a week. The range indicator is very accurate too.","true","""2025-09-11T19:55:21.965Z"""
"e1324033-cc06-4dfb-8928-d76cb56a2d7e","600382aa-7fd0-47a5-b448-54217b32e632","Katarina Petrescu","5","Impressive performance","I'm 6'2"" and it fits me comfortably with room to adjust. My partner is 5'4"" and can also ride it comfortably. Very adjustable.","true","""2025-08-30T19:55:21.965Z"""
"3ebdc103-db5b-48c8-831a-c19070c386a1","600382aa-7fd0-47a5-b448-54217b32e632","Eilidh Campbell","5","Ideal for my needs","The integrated lights look sleek and work brilliantly. No fumbling with removable lights anymore.","true","""2025-06-04T19:55:21.965Z"""
"3bf4de7a-9aa5-4368-addf-9228b65b8424","600382aa-7fd0-47a5-b448-54217b32e632","Kenji Sato","5","Really pleased","The craftsmanship is evident. Welds are neat, paint is flawless. This is a bike built to last.","true","""2025-06-21T19:55:21.965Z"""
"20d467a7-f362-4732-9a47-4a199ef76512","600382aa-7fd0-47a5-b448-54217b32e632","Luis Santos","5","Motor is very quiet","The power levels are well-judged. Eco mode for range, Sport mode for hills. Perfect balance of options.","true","""2025-08-09T19:55:21.965Z"""
"94c0c9c2-d977-41aa-a1e9-9626b221b3e8","600382aa-7fd0-47a5-b448-54217b32e632","Fraser Fraser","5","Absolutely brilliant purchase","I was hesitant about the price initially, but this has saved me hundreds in fuel costs already. Best decision I've made this year.","true","""2025-05-28T19:55:21.965Z"""
"4a1a2c16-31c7-488d-ad5c-75932da37f78","600382aa-7fd0-47a5-b448-54217b32e632","Valentina Santos","5","Great customer service","I'm 6'2"" and it fits me comfortably with room to adjust. My partner is 5'4"" and can also ride it comfortably. Very adjustable.","true","""2025-08-09T19:55:21.965Z"""
"cf4a85f7-5faa-4fcf-bc4e-6bca608ae8ee","600382aa-7fd0-47a5-b448-54217b32e632","Hiroshi Liu","5","Battery life is amazing","Suspension works brilliantly. Absorbs bumps effectively without feeling bouncy. Much more comfortable than my old rigid bike.","true","""2025-11-10T19:55:21.965Z"""
"3634cd53-2d44-4c20-a09f-ed216af1fa0f","600382aa-7fd0-47a5-b448-54217b32e632","Omar Ali","5","Happy commuter here","After six months of daily use, I have zero complaints. No mechanical issues whatsoever. Just regular maintenance needed.","true","""2025-05-30T19:55:21.965Z"""
"57959f1c-d7ad-494d-a674-f20c758497ad","600382aa-7fd0-47a5-b448-54217b32e632","James Cox","5","Solid and reliable","Love the removable battery. I can charge it at my desk whilst at work. So much more convenient than wheeling the whole bike inside.","false","""2025-09-28T19:55:21.965Z"""
"0bba5085-67bb-49f8-8afa-ccb83ade8415","600382aa-7fd0-47a5-b448-54217b32e632","Ayodele Nwosu","4","Very impressed","Stores under my desk at work. Saves paying for cycle parking and keeps it safe. Unfolding is just as quick.","true","""2025-05-28T19:55:21.965Z"""
"d75d7890-3811-4d3b-91f5-2f1733b23524","600382aa-7fd0-47a5-b448-54217b32e632","Niamh Kennedy","5","Responsive and smooth","The mudguards actually work. Stay clean and dry even through puddles. Small detail but makes a big difference.","true","""2025-07-28T19:55:21.965Z"""
"41b12988-a774-44d0-87d4-e313f98b98bc","600382aa-7fd0-47a5-b448-54217b32e632","Sophie Long","5","Very impressed","Can fit in the boot of my hatchback easily. Opens up possibilities for weekend rides in the countryside.","false","""2025-06-18T19:55:21.965Z"""
"7b7c2cc5-23c8-4dd9-9e23-20592916fda5","600382aa-7fd0-47a5-b448-54217b32e632","Kabir Ali","5","Impressive performance","The folding mechanism is genius. Folds down in seconds and fits easily in my car boot or under my desk at work.","true","""2025-05-30T19:55:21.965Z"""
"f000d546-cab1-45d9-8a80-dbb906320bba","600382aa-7fd0-47a5-b448-54217b32e632","Ravi Shah","4","Outstanding value","Perfect for my hilly commute. What used to take 45 minutes of sweaty pedalling now takes 25 minutes and I arrive fresh.","true","""2025-07-24T19:55:21.965Z"""
"bba487e6-7e9e-4095-8a8e-fa03942bb187","600382aa-7fd0-47a5-b448-54217b32e632","Callum MacKenzie","5","Best investment I've made","Lights are bright and effective. Battery powers them without draining noticeably. Feel confident riding in darker months.","true","""2025-06-01T19:55:21.965Z"""
"dde1a74a-1286-4a34-860e-318ba8b9eb2d","600382aa-7fd0-47a5-b448-54217b32e632","Hannah Edwards","4","Excellent starter bike","Can fit in the boot of my hatchback easily. Opens up possibilities for weekend rides in the countryside.","true","""2025-07-07T19:55:21.965Z"""
"24dec016-faa9-4909-855c-0ef658e40e41","600382aa-7fd0-47a5-b448-54217b32e632","Erin Ross","5","Brilliant for city riding","The mudguards actually work. Stay clean and dry even through puddles. Small detail but makes a big difference.","false","""2025-10-22T19:55:21.965Z"""
"5f85baf6-f48a-4c5a-a068-ab9e0cf32e6a","600382aa-7fd0-47a5-b448-54217b32e632","Daniel Turner","5","Impressive performance","This has paid for itself already in saved train fares. The financial case is compelling even before health benefits.","false","""2025-11-13T19:55:21.965Z"""
"9ab5a288-b049-41dc-be07-fa856b974730","600382aa-7fd0-47a5-b448-54217b32e632","Maisie Cameron","5","Good for longer rides","Arrived perfectly adjusted. Brakes, gears, everything worked perfectly straight out of the box. Very impressed with quality control.","true","""2025-07-26T19:55:21.965Z"""
"334bed28-d513-46b1-86a3-d6ead3070ba9","600382aa-7fd0-47a5-b448-54217b32e632","Logan Gordon","5","Folds up nicely","Saddle is surprisingly comfortable. I've done 30-mile rides without any discomfort. Gear shifting is smooth and precise too.","true","""2025-08-03T19:55:21.965Z"""
"f0ef1f2c-61e6-463b-bc7e-dc9fd19fd5cb","600382aa-7fd0-47a5-b448-54217b32e632","Charlie Bennett","5","Love the design","Can fit in the boot of my hatchback easily. Opens up possibilities for weekend rides in the countryside.","false","""2025-08-22T19:55:21.965Z"""
"238a3338-c04c-4c83-85f4-230b93966341","600382aa-7fd0-47a5-b448-54217b32e632","Khalid Khalil","5","Superb engineering","The hinges feel solid with no play. Despite folding, it rides like a regular bike - no flex or wobble whatsoever.","true","""2025-09-19T19:55:21.965Z"""
"8a92aac3-46b8-474e-ae00-fd1ce0911844","600382aa-7fd0-47a5-b448-54217b32e632","Aisha Patel","5","Worth every penny","The rear rack is solid and takes panniers perfectly. Can carry a week's shopping without any wobble.","true","""2025-06-12T19:55:21.965Z"""
"099206e2-7025-4a87-b0c2-7b8abf90f8d8","600382aa-7fd0-47a5-b448-54217b32e632","Morgan Owen","5","Fantastic quality","The tyres grip well in all conditions. Confident cornering even on wet roads. Feel very planted and stable.","true","""2025-09-01T19:55:21.965Z"""
"a2f5c30c-28aa-427e-87d2-3049caf4c2b9","600382aa-7fd0-47a5-b448-54217b32e632","Sean Murphy","4","Solid and reliable","Lights are bright and effective. Battery powers them without draining noticeably. Feel confident riding in darker months.","true","""2025-07-03T19:55:21.965Z"""
"b0291971-4716-4994-9f16-1630259519e9","600382aa-7fd0-47a5-b448-54217b32e632","Conor McCarthy","5","Impressive performance","Frame design is practical. Mounting and dismounting is easy, which matters when stopping frequently in town.","false","""2025-11-18T19:55:21.965Z"""
"78ff0310-3828-4d27-aa96-e90eb53f4c70","600382aa-7fd0-47a5-b448-54217b32e632","Tao Kim","5","Motor is very quiet","I was hesitant about the price initially, but this has saved me hundreds in fuel costs already. Best decision I've made this year.","true","""2025-07-21T19:55:21.965Z"""
"f6270145-0c44-4a92-b6a5-f23b6fc9edeb","600382aa-7fd0-47a5-b448-54217b32e632","Hannah Harris","4","Perfect size","Eco mode extends the range impressively. Easily get 50+ miles if you're not rushing. Perfect for weekend rides.","true","""2025-05-30T19:55:21.965Z"""
"6466cbb7-6cf8-44d9-80b7-95d9d52028ad","600382aa-7fd0-47a5-b448-54217b32e632","Yusuf Rao","4","Fantastic quality","Brakes require minimal finger pressure. Very responsive without being grabby. Excellent modulation.","true","""2025-11-10T19:55:21.965Z"""
"3a22dcdd-6400-494e-8a22-e80efafca73c","600382aa-7fd0-47a5-b448-54217b32e632","Sofia Rodriguez","5","Better than expected","The hinges feel solid with no play. Despite folding, it rides like a regular bike - no flex or wobble whatsoever.","true","""2025-08-30T19:55:21.965Z"""
"c8afc333-0be2-4428-9be1-30c325f78d3d","600382aa-7fd0-47a5-b448-54217b32e632","Carys Jones","5","Just what I needed","Kickstand is sturdy and reliable. Bike stays upright on any surface. Simple but essential feature that works perfectly.","true","""2025-10-24T19:55:21.965Z"""
"fca35381-bbe7-4fc7-aa47-b812339e9707","600382aa-7fd0-47a5-b448-54217b32e632","Charlotte Barnes","5","Exceeded all expectations","The integrated lights look sleek and work brilliantly. No fumbling with removable lights anymore.","true","""2025-11-14T19:55:21.965Z"""
"a192f547-955c-445b-b04b-d2a4cd1a2140","600382aa-7fd0-47a5-b448-54217b32e632","Kwame Adebayo","4","Motor is very quiet","This has genuinely changed my lifestyle. Haven't driven to work in two months. Saving money and getting fitter simultaneously.","true","""2025-08-09T19:55:21.965Z"""
"1037f1d6-f1dc-43aa-8252-cb881abceffa","600382aa-7fd0-47a5-b448-54217b32e632","Jun Li","5","Very impressed","Wheels are strong and true. Haven't needed any adjustment despite some rough cycle paths and potholes.","true","""2025-06-24T19:55:21.965Z"""
"1241519b-fb09-45eb-96cc-3c0b86104554","600382aa-7fd0-47a5-b448-54217b32e632","Roisin O'Connor","5","Battery life is amazing","Brakes require minimal finger pressure. Very responsive without being grabby. Excellent modulation.","true","""2025-11-22T19:55:21.965Z"""
"ff59df4c-fb82-4a24-b3e9-1ff3e1469e37","600382aa-7fd0-47a5-b448-54217b32e632","Molly Wilson","5","Better than expected","Customer service deserves special mention. Had a question about maintenance and received a detailed response within hours.","true","""2025-07-18T19:55:21.965Z"""
"4f8b239c-ccbd-497f-b75c-ae8f2c69f514","600382aa-7fd0-47a5-b448-54217b32e632","Evie Lewis","5","Excellent build quality","Folding mechanism is brilliant. Takes literally 15 seconds. No fumbling or forcing required - just clicks into place.","false","""2025-09-27T19:55:21.965Z"""
"27f5b3a4-1eb4-4afb-96d0-c9fad9a6640e","600382aa-7fd0-47a5-b448-54217b32e632","Zofia Kowalski","5","Fantastic range","The mudguards actually work. Stay clean and dry even through puddles. Small detail but makes a big difference.","true","""2025-06-25T19:55:21.965Z"""
"d2bc786f-de71-4098-b4b1-ccfc43cf86f0","600382aa-7fd0-47a5-b448-54217b32e632","Niamh O'Brien","5","Just what I needed","Perfect for my train commute. Folds small enough that it doesn't bother other passengers during rush hour.","false","""2025-06-29T19:55:21.965Z"""
"2d399fa1-99a9-43e6-91a8-ac9b7e77208b","600382aa-7fd0-47a5-b448-54217b32e632","Cerys Jones","5","Brilliant for city riding","Brakes require minimal finger pressure. Very responsive without being grabby. Excellent modulation.","true","""2025-05-28T19:55:21.965Z"""
"579659e2-a848-49a4-abc8-9300c6b5e562","600382aa-7fd0-47a5-b448-54217b32e632","Gareth Griffiths","5","Easy to use","Gears shift smoothly under power. Some cheaper bikes require you to stop pedalling - not this one. Very convenient.","true","""2025-08-26T19:55:21.965Z"""
"c9269673-c340-4abc-a934-bbc98382d6e7","600382aa-7fd0-47a5-b448-54217b32e632","Diego Silva","5","Battery life is amazing","The craftsmanship is evident. Welds are neat, paint is flawless. This is a bike built to last.","true","""2025-09-08T19:55:21.965Z"""
"ead57032-b181-4624-8002-c18465d044b6","600382aa-7fd0-47a5-b448-54217b32e632","Liam O'Brien","4","Best investment I've made","Love the removable battery. I can charge it at my desk whilst at work. So much more convenient than wheeling the whole bike inside.","true","""2025-11-06T19:55:21.965Z"""
"6e9e89bc-b99b-4f31-a320-0ff1de471788","600382aa-7fd0-47a5-b448-54217b32e632","Hannah Davies","5","Easy to use","Perfect for my train commute. Folds small enough that it doesn't bother other passengers during rush hour.","true","""2025-07-08T19:55:21.965Z"""
"c838fa6a-3a25-40ff-bffe-cac5f66de1bf","600382aa-7fd0-47a5-b448-54217b32e632","George Young","4","Brilliant for city riding","Folding mechanism is brilliant. Takes literally 15 seconds. No fumbling or forcing required - just clicks into place.","true","""2025-07-07T19:55:21.965Z"""
"326b4e5d-3403-4d34-9b40-3ee8c2d90ed4","600382aa-7fd0-47a5-b448-54217b32e632","Chloe Bennett","5","Solid and reliable","Customer service deserves special mention. Had a question about maintenance and received a detailed response within hours.","true","""2025-08-13T19:55:21.965Z"""
"cedce779-520f-411f-ad3c-a03a5fda6d70","600382aa-7fd0-47a5-b448-54217b32e632","Megan Griffiths","4","Impressive performance","Build quality exceeded expectations at this price point. No cheap plastics or wobbly parts. Everything feels premium.","false","""2025-11-20T19:55:21.965Z"""
"5fb4c168-af5c-4a95-966c-34dd6cc4a15e","600382aa-7fd0-47a5-b448-54217b32e632","Rory Reid","5","Easy to use","Build quality exceeded expectations at this price point. No cheap plastics or wobbly parts. Everything feels premium.","true","""2025-08-29T19:55:21.965Z"""
"7cf7cc37-00ba-478e-8fd8-0479820efdb3","600382aa-7fd0-47a5-b448-54217b32e632","Ella Green","2","Excellent build quality","Folding mechanism is brilliant. Takes literally 15 seconds. No fumbling or forcing required - just clicks into place.","true","""2025-11-02T19:55:21.965Z"""
"be37ca49-5f68-4ecc-9747-61cce8656e7c","600382aa-7fd0-47a5-b448-54217b32e632","Kenji Li","4","Happy commuter here","The craftsmanship is evident. Welds are neat, paint is flawless. This is a bike built to last.","true","""2025-08-16T19:55:21.965Z"""
"bb3533b9-55c3-4d56-b447-d94d29836907","600382aa-7fd0-47a5-b448-54217b32e632","Leo Foster","5","Love everything about it","Stores under my desk at work. Saves paying for cycle parking and keeps it safe. Unfolding is just as quick.","true","""2025-11-13T19:55:21.965Z"""
"348b5d15-e3d5-4906-ab43-e00fac3b6616","600382aa-7fd0-47a5-b448-54217b32e632","Aisha Ali","5","Smooth and powerful","Gear range is perfect. Lowest gear handles steep hills, highest gear keeps up with traffic on flat roads.","true","""2025-06-15T19:55:21.965Z"""
"68aaaa8e-9e52-420d-98ef-b328085a66a0","600382aa-7fd0-47a5-b448-54217b32e632","Rohan Gupta","5","Very impressed","The range is no exaggeration. Did a 45-mile ride last weekend and still had battery left. Perfect for longer adventures.","false","""2025-09-01T19:55:21.965Z"""
"badddf7e-4bc6-413e-ae39-004a5fc87463","600382aa-7fd0-47a5-b448-54217b32e632","Skye Gordon","2","Quality exceeds the price","Frame design is practical. Mounting and dismounting is easy, which matters when stopping frequently in town.","true","""2025-09-04T19:55:21.965Z"""
"aaf43438-4089-4a2e-9121-990231b802a7","600382aa-7fd0-47a5-b448-54217b32e632","Luis Ramirez","5","Outstanding value","Can fit in the boot of my hatchback easily. Opens up possibilities for weekend rides in the countryside.","true","""2025-10-13T19:55:21.965Z"""
"21797ef6-62c4-4ba2-a246-afd00f61175a","600382aa-7fd0-47a5-b448-54217b32e632","Luis Silva","5","Better than expected","Arrived perfectly adjusted. Brakes, gears, everything worked perfectly straight out of the box. Very impressed with quality control.","true","""2025-06-18T19:55:21.965Z"""
"c4e0f20c-bd7b-4df6-815a-696e1bb8d7e7","600382aa-7fd0-47a5-b448-54217b32e632","Logan Fraser","3","Great for hills","Folding mechanism is brilliant. Takes literally 15 seconds. No fumbling or forcing required - just clicks into place.","true","""2025-11-17T19:55:21.965Z"""
"19d84f53-4e2c-4f06-8d1e-93b4437ebb21","600382aa-7fd0-47a5-b448-54217b32e632","Nia Balogun","5","Great customer service","Braking performance is excellent. Stops quickly and confidently even in wet conditions. Feel very safe riding in traffic.","true","""2025-10-20T19:55:21.965Z"""
"07f20f03-dc8a-4edf-a09c-ea08d3778d89","600382aa-7fd0-47a5-b448-54217b32e632","Kemi Adebayo","5","Responsive and smooth","This has opened up so many new routes. Places that were too far or too hilly are now easily accessible. Loving the freedom.","true","""2025-06-02T19:55:21.965Z"""
"a4227fd9-0347-4d74-8158-38a7f3b05def","600382aa-7fd0-47a5-b448-54217b32e632","Maria Garcia","5","Game-changer for my commute","Gear range is perfect. Lowest gear handles steep hills, highest gear keeps up with traffic on flat roads.","true","""2025-06-28T19:55:21.965Z"""
"88b024ae-ed3c-4cba-a61f-f1495555b64a","600382aa-7fd0-47a5-b448-54217b32e632","Kofi Adebayo","5","Excellent build quality","Can fit in the boot of my hatchback easily. Opens up possibilities for weekend rides in the countryside.","true","""2025-10-31T19:55:21.965Z"""
"1b8b9224-979c-4209-b44d-74a7b994a645","600382aa-7fd0-47a5-b448-54217b32e632","Sophie Wood","5","Brilliant for city riding","The build quality is exceptional. Everything feels solid and well-engineered. I've been using it daily for three months now and it still performs like new.","true","""2025-08-02T19:55:21.965Z"""
"3e0f6bb0-249b-4203-bd64-612798c0a80c","600382aa-7fd0-47a5-b448-54217b32e632","Ella Morris","5","Excellent starter bike","Perfect for my hilly commute. What used to take 45 minutes of sweaty pedalling now takes 25 minutes and I arrive fresh.","true","""2025-10-22T19:55:21.965Z"""
"300c4dd9-f710-4ca7-b5e0-f4a53b3c7b56","600382aa-7fd0-47a5-b448-54217b32e632","Evan Davies","5","Perfect commuter bike","Stores under my desk at work. Saves paying for cycle parking and keeps it safe. Unfolding is just as quick.","true","""2025-07-16T19:55:21.965Z"""
"54ae8b14-04f4-48ac-9ecd-3508f5c3082d","600382aa-7fd0-47a5-b448-54217b32e632","Sean O'Brien","5","Worth every penny","Suspension works brilliantly. Absorbs bumps effectively without feeling bouncy. Much more comfortable than my old rigid bike.","false","""2025-09-26T19:55:21.965Z"""
"a239ab8c-b2c6-4b61-bd3d-1f9f9ee166b5","600382aa-7fd0-47a5-b448-54217b32e632","Cerys Hughes","5","Very impressed","Suspension works brilliantly. Absorbs bumps effectively without feeling bouncy. Much more comfortable than my old rigid bike.","true","""2025-11-09T19:55:21.965Z"""
"fa39b810-25ce-46fe-ae31-33f897fc28f4","600382aa-7fd0-47a5-b448-54217b32e632","Zara Choudhury","5","Couldn't be happier","This has opened up so many new routes. Places that were too far or too hilly are now easily accessible. Loving the freedom.","true","""2025-10-03T19:55:21.965Z"""
"719ceb3a-2326-4344-ab91-e8ae448ecc6e","600382aa-7fd0-47a5-b448-54217b32e632","Hana Nguyen","5","Absolutely brilliant purchase","The hinges feel solid with no play. Despite folding, it rides like a regular bike - no flex or wobble whatsoever.","true","""2025-05-28T19:55:21.965Z"""
"0eddf1cb-d213-4599-81aa-9c1de9c492a9","600382aa-7fd0-47a5-b448-54217b32e632","Chen Li","5","Battery life is amazing","The hinges feel solid with no play. Despite folding, it rides like a regular bike - no flex or wobble whatsoever.","true","""2025-09-02T19:55:21.965Z"""
"71e0c295-04dc-4eeb-bc46-a32952379f38","600382aa-7fd0-47a5-b448-54217b32e632","Kenji Nguyen","3","Motor is very quiet","Can fit in the boot of my hatchback easily. Opens up possibilities for weekend rides in the countryside.","true","""2025-09-22T19:55:21.965Z"""
"d714af01-c5d5-4285-8ae6-4d0db7646475","600382aa-7fd0-47a5-b448-54217b32e632","Hannah Ward","5","Fantastic quality","Customer support answered all my pre-purchase questions promptly. Made the buying decision much easier.","true","""2025-08-15T19:55:21.965Z"""
"68cf6821-2e03-4ca1-bea9-240a678b954d","600382aa-7fd0-47a5-b448-54217b32e632","Declan O'Donnell","4","Love everything about it","The mudguards actually work. Stay clean and dry even through puddles. Small detail but makes a big difference.","false","""2025-07-17T19:55:21.965Z"""
"f50ca4c1-5b97-4a3c-b9b3-1738a2c6fe58","600382aa-7fd0-47a5-b448-54217b32e632","Freya Grant","5","Outstanding value","Saddle is surprisingly comfortable. I've done 30-mile rides without any discomfort. Gear shifting is smooth and precise too.","true","""2025-09-24T19:55:21.965Z"""
"5289ea96-5d1f-4d7f-8751-20e33e1684b8","600382aa-7fd0-47a5-b448-54217b32e632","Chloe Price","4","Smooth and powerful","The weight is well-balanced. Easy to manoeuvre despite being heavier than a standard bike. Handles beautifully.","true","""2025-08-08T19:55:21.965Z"""
"c7ab4fea-5f67-4455-aeb1-9a1ca7ec03c0","600382aa-7fd0-47a5-b448-54217b32e632","Kwesi Oluwaseun","5","Outstanding value","Love the removable battery. I can charge it at my desk whilst at work. So much more convenient than wheeling the whole bike inside.","true","""2025-10-22T19:55:21.965Z"""
"5f14ce8a-597e-43fc-96be-e414694be1f0","600382aa-7fd0-47a5-b448-54217b32e632","Min-Jun Tanaka","5","Superb engineering","Braking performance is excellent. Stops quickly and confidently even in wet conditions. Feel very safe riding in traffic.","true","""2025-06-16T19:55:21.965Z"""
"588238fc-8968-47bb-a1b0-d9b5c1de3f1c","804c4b9d-bd10-4c08-b5fc-a53d41a18804","Skye MacLeod","5","Outstanding value","Customer service deserves special mention. Had a question about maintenance and received a detailed response within hours.","true","""2025-06-03T19:55:21.995Z"""
"aa30303c-2fd0-497f-9ea4-00a39c303cde","804c4b9d-bd10-4c08-b5fc-a53d41a18804","James Collins","5","Great customer service","Customer service deserves special mention. Had a question about maintenance and received a detailed response within hours.","true","""2025-08-16T19:55:21.995Z"""
"8a35c840-6ba2-4580-9113-e4b575aa0697","804c4b9d-bd10-4c08-b5fc-a53d41a18804","Seren Lloyd","4","Folds up nicely","Disc brakes are essential off-road and these perform flawlessly. Powerful, progressive, reliable even when caked in mud.","true","""2025-11-02T19:55:21.995Z"""
"5da10bb8-4e60-4393-b199-c05593ba3e86","804c4b9d-bd10-4c08-b5fc-a53d41a18804","Noah Howard","5","Happy commuter here","Frame design is practical. Mounting and dismounting is easy, which matters when stopping frequently in town.","true","""2025-10-11T19:55:21.995Z"""
"4e52d752-fbda-4148-9821-899377889054","804c4b9d-bd10-4c08-b5fc-a53d41a18804","Sakura Chen","4","Love everything about it","The wide handlebars give excellent control on technical sections. Feel very planted and confident on descents.","true","""2025-10-31T19:55:21.995Z"""
"26feed29-aeb0-4e31-b962-bd4f36862b21","804c4b9d-bd10-4c08-b5fc-a53d41a18804","Omar Gupta","5","Solid and reliable","The fat tyres provide incredible grip on loose surfaces. Confident descending on gravel and mud where my road bike would slip.","true","""2025-10-05T19:55:21.995Z"""
"4be0b144-7f0a-4be3-a640-02baea5f1c3b","804c4b9d-bd10-4c08-b5fc-a53d41a18804","Elena Ionescu","5","Excellent starter bike","Assembly was straightforward. Clear instructions and all necessary tools included. Was ready to ride in under half an hour.","true","""2025-11-21T19:55:21.995Z"""
"6ed984b4-5bb0-4c49-88fd-8b5314d51ca0","804c4b9d-bd10-4c08-b5fc-a53d41a18804","Miguel Silva","5","Highly recommend","The motor provides smooth, natural assistance. You barely notice it working but hills that used to exhaust me are now effortless.","true","""2025-09-13T19:55:21.995Z"""
"33ab9f05-f496-4ef6-aae0-194a11b93a22","804c4b9d-bd10-4c08-b5fc-a53d41a18804","Aisling Kennedy","4","Perfect for daily use","Ground clearance is generous. No pedal strikes even on rocky terrain. Well thought-out geometry for actual off-road use.","true","""2025-08-09T19:55:21.995Z"""
"9ce55787-f803-4b31-9073-ad9a060c142b","804c4b9d-bd10-4c08-b5fc-a53d41a18804","Owain Evans","5","Good for longer rides","The craftsmanship is evident. Welds are neat, paint is flawless. This is a bike built to last.","true","""2025-11-01T19:55:21.995Z"""
"17624b7e-ae9c-47e8-a2a9-b54efaad9c4f","804c4b9d-bd10-4c08-b5fc-a53d41a18804","Benjamin Price","5","Perfect for daily use","Assembly was straightforward. Clear instructions and all necessary tools included. Was ready to ride in under half an hour.","true","""2025-10-08T19:55:21.995Z"""
"40e98392-8060-438a-845e-4de2df659355","804c4b9d-bd10-4c08-b5fc-a53d41a18804","Carys Griffiths","5","Just what I needed","Puncture-resistant tyres have lived up to the name. Several months of daily use, zero flats. Impressive.","true","""2025-09-09T19:55:21.995Z"""
"8b3ad188-6dd6-4c2c-9337-e8ded0331637","804c4b9d-bd10-4c08-b5fc-a53d41a18804","Celyn Price","5","Worth every penny","Gear range is perfect. Lowest gear handles steep hills, highest gear keeps up with traffic on flat roads.","true","""2025-06-11T19:55:21.995Z"""
"300734c1-c67a-4717-a503-7c41d6d78632","804c4b9d-bd10-4c08-b5fc-a53d41a18804","Seren Davies","5","Comfortable ride","The wide handlebars give excellent control on technical sections. Feel very planted and confident on descents.","true","""2025-06-22T19:55:21.995Z"""
"d20132de-60cf-4a6f-ade8-237d0686cad0","804c4b9d-bd10-4c08-b5fc-a53d41a18804","Logan Ferguson","5","Easy to use","Suspension works brilliantly. Absorbs bumps effectively without feeling bouncy. Much more comfortable than my old rigid bike.","true","""2025-06-23T19:55:21.995Z"""
"84895588-2659-41f3-9ffb-2f1d957ae326","804c4b9d-bd10-4c08-b5fc-a53d41a18804","Charlotte Murphy","5","Smooth and powerful","Rain hasn't been an issue. Everything is well-sealed and continues working perfectly. Confidence-inspiring in all weather.","true","""2025-08-18T19:55:21.995Z"""
"715dfc32-275f-4458-9f1c-a1aa8be37c37","804c4b9d-bd10-4c08-b5fc-a53d41a18804","Aryan Choudhury","4","Really pleased","This has paid for itself already in saved train fares. The financial case is compelling even before health benefits.","true","""2025-10-13T19:55:21.995Z"""
"c17dea35-c68f-43ce-8e28-ad8fb9026f06","804c4b9d-bd10-4c08-b5fc-a53d41a18804","Yuki Tanaka","5","Better than expected","My colleagues have been asking about it constantly. Two have already bought one based on my recommendation.","true","""2025-07-03T19:55:21.995Z"""
"1f5935c8-f3ea-4e32-80fe-eb3331e5658f","804c4b9d-bd10-4c08-b5fc-a53d41a18804","Ayodele Adebayo","3","Fantastic quality","Kickstand is sturdy and reliable. Bike stays upright on any surface. Simple but essential feature that works perfectly.","true","""2025-10-20T19:55:21.995Z"""
"2374012b-22d4-41a5-beea-c87643114f76","804c4b9d-bd10-4c08-b5fc-a53d41a18804","Cerys Rees","3","Great for hills","After six months of daily use, I have zero complaints. No mechanical issues whatsoever. Just regular maintenance needed.","true","""2025-06-19T19:55:21.995Z"""
"fd62eeed-4c49-4dd6-aea6-6bed2ae4d3bc","804c4b9d-bd10-4c08-b5fc-a53d41a18804","Fraser Ferguson","5","Better than expected","The craftsmanship is evident. Welds are neat, paint is flawless. This is a bike built to last.","true","""2025-06-21T19:55:21.995Z"""
"dcad010b-ce63-4233-97c0-30e585ba42ce","804c4b9d-bd10-4c08-b5fc-a53d41a18804","Viktor Nowak","5","Easy to use","The build quality is exceptional. Everything feels solid and well-engineered. I've been using it daily for three months now and it still performs like new.","true","""2025-05-28T19:55:21.995Z"""
"9d394f49-34a9-4c31-8246-6cc4bcf7a25f","804c4b9d-bd10-4c08-b5fc-a53d41a18804","Finn Walsh","5","Couldn't be happier","The wide handlebars give excellent control on technical sections. Feel very planted and confident on descents.","true","""2025-11-05T19:55:21.995Z"""
"11250891-a2f2-4f49-8e0e-c3156e6dde7e","804c4b9d-bd10-4c08-b5fc-a53d41a18804","Omar Rahman","5","Superb engineering","After six months of daily use, I have zero complaints. No mechanical issues whatsoever. Just regular maintenance needed.","true","""2025-10-21T19:55:21.995Z"""
"d4366aa7-56da-4123-b731-96c5a1c01568","804c4b9d-bd10-4c08-b5fc-a53d41a18804","Ffion Williams","5","Battery life is amazing","Ground clearance is generous. No pedal strikes even on rocky terrain. Well thought-out geometry for actual off-road use.","true","""2025-08-25T19:55:21.995Z"""
"df05be40-3980-45ba-8f0a-804058166d28","804c4b9d-bd10-4c08-b5fc-a53d41a18804","Declan McCarthy","4","Great customer service","Love that I can use it as a regular bike when I want exercise, or with assistance when I'm tired. Versatility is brilliant.","true","""2025-11-01T19:55:21.995Z"""
"4eba8a65-8c5f-49b3-80d8-ec3e26183454","804c4b9d-bd10-4c08-b5fc-a53d41a18804","Nia Nwosu","4","Superb engineering","Ground clearance is generous. No pedal strikes even on rocky terrain. Well thought-out geometry for actual off-road use.","true","""2025-08-15T19:55:21.995Z"""
"cb09c66d-377e-4c5f-a35a-09b645d0a72d","804c4b9d-bd10-4c08-b5fc-a53d41a18804","Morgan Hughes","5","Battery life is amazing","The fat tyres provide incredible grip on loose surfaces. Confident descending on gravel and mud where my road bike would slip.","true","""2025-11-05T19:55:21.995Z"""
"71f6a484-a251-4977-b539-61297c98434b","804c4b9d-bd10-4c08-b5fc-a53d41a18804","Zara Gupta","4","Perfect for daily use","The bell is louder than expected - in a good way! Pedestrians actually hear it first time.","true","""2025-10-17T19:55:21.995Z"""
"82028396-7fb8-4835-b521-dca61dccd89c","804c4b9d-bd10-4c08-b5fc-a53d41a18804","Saoirse Doyle","5","Absolutely brilliant purchase","The throttle mode is brilliant for starting from lights. Get moving quickly without having to pedal hard in traffic.","true","""2025-09-23T19:55:21.995Z"""
"d6d811c6-3270-4682-88fc-2fca53726493","804c4b9d-bd10-4c08-b5fc-a53d41a18804","Callum Fraser","5","Impressive performance","Delivery was impressively quick. Arrived within two days, well packaged. Setup took about 20 minutes following the clear instructions provided.","true","""2025-06-28T19:55:21.995Z"""
"ae724d3c-5535-4371-a964-0a884834fe5c","804c4b9d-bd10-4c08-b5fc-a53d41a18804","Skye MacKenzie","5","Worth every penny","Disc brakes are essential off-road and these perform flawlessly. Powerful, progressive, reliable even when caked in mud.","true","""2025-09-26T19:55:21.995Z"""
"2a01e324-3a90-4897-994c-118b246212d2","804c4b9d-bd10-4c08-b5fc-a53d41a18804","Freya Reid","5","Love everything about it","Disc brakes are essential off-road and these perform flawlessly. Powerful, progressive, reliable even when caked in mud.","true","""2025-10-06T19:55:21.995Z"""
"801e0493-efb4-4241-81c0-47398cb87657","804c4b9d-bd10-4c08-b5fc-a53d41a18804","Yuki Suzuki","5","Very impressed","Gears shift smoothly under power. Some cheaper bikes require you to stop pedalling - not this one. Very convenient.","true","""2025-08-26T19:55:21.995Z"""
"8a8b072c-6e2b-46c6-80ff-6ec4ab9ac19c","804c4b9d-bd10-4c08-b5fc-a53d41a18804","Kwesi Okoro","5","Love the design","This has opened up so many new routes. Places that were too far or too hilly are now easily accessible. Loving the freedom.","true","""2025-06-18T19:55:21.995Z"""
"1609c3eb-3023-4a59-b534-92e30cd78802","804c4b9d-bd10-4c08-b5fc-a53d41a18804","Jabari Adebayo","5","Solid and reliable","The wide handlebars give excellent control on technical sections. Feel very planted and confident on descents.","true","""2025-07-12T19:55:21.995Z"""
"5e3fda32-883e-4606-a897-af4acb83bb0a","804c4b9d-bd10-4c08-b5fc-a53d41a18804","Saoirse Murphy","5","Better than expected","The build quality is exceptional. Everything feels solid and well-engineered. I've been using it daily for three months now and it still performs like new.","true","""2025-10-08T19:55:21.995Z"""
"136d3328-6177-4717-b55b-40ac183b0396","804c4b9d-bd10-4c08-b5fc-a53d41a18804","Ola Ogunleye","5","Perfect for daily use","Took it on some proper trails last weekend - the suspension handled everything beautifully. Roots, rocks, drops - all absorbed smoothly.","true","""2025-11-07T19:55:21.995Z"""
"14b6b6b4-b082-49fc-9044-9cccddf7d3dd","804c4b9d-bd10-4c08-b5fc-a53d41a18804","Finn Kennedy","5","Best investment I've made","I'm 6'2"" and it fits me comfortably with room to adjust. My partner is 5'4"" and can also ride it comfortably. Very adjustable.","true","""2025-08-19T19:55:21.995Z"""
"6214189b-f2c2-414b-8020-a4e9b3757a0c","804c4b9d-bd10-4c08-b5fc-a53d41a18804","Isha Reddy","5","Brilliant for city riding","Brakes require minimal finger pressure. Very responsive without being grabby. Excellent modulation.","true","""2025-11-13T19:55:21.995Z"""
"f0bba020-9bfa-434c-85c6-85df70283c31","804c4b9d-bd10-4c08-b5fc-a53d41a18804","Ella Mitchell","5","Impressive performance","Eco mode extends the range impressively. Easily get 50+ miles if you're not rushing. Perfect for weekend rides.","true","""2025-10-02T19:55:21.995Z"""
"9add147e-d247-4044-b661-a143b92b4982","804c4b9d-bd10-4c08-b5fc-a53d41a18804","Aisling O'Donnell","5","Good for longer rides","Took it on some proper trails last weekend - the suspension handled everything beautifully. Roots, rocks, drops - all absorbed smoothly.","true","""2025-10-08T19:55:21.995Z"""
"c27069b1-7d01-4f5f-b74f-01bf519a2973","804c4b9d-bd10-4c08-b5fc-a53d41a18804","Dylan Price","5","Really pleased","Surprisingly quiet motor. My old Electric bike sounded like a lawnmower. This one is almost silent - very refined.","true","""2025-07-20T19:55:21.995Z"""
"c5bb6627-16ca-4627-8be2-0facf66d63f4","804c4b9d-bd10-4c08-b5fc-a53d41a18804","Isla MacLeod","5","Great customer service","Charges faster than expected. From empty to full in about 4-5 hours. Perfect to charge overnight.","true","""2025-09-25T19:55:21.995Z"""
"f4019e2f-8827-48f3-ae1c-df096852eaff","804c4b9d-bd10-4c08-b5fc-a53d41a18804","Ciara McCarthy","5","Fantastic range","After six months of daily use, I have zero complaints. No mechanical issues whatsoever. Just regular maintenance needed.","true","""2025-10-06T19:55:21.995Z"""
"4301ff8c-ef1d-4fca-bf1b-0c6462ddec3b","804c4b9d-bd10-4c08-b5fc-a53d41a18804","Arjun Shah","5","Outstanding value","The bell is louder than expected - in a good way! Pedestrians actually hear it first time.","true","""2025-11-07T19:55:21.995Z"""
"7b86bf89-9fb4-4f42-a8f4-96dbc3c930c0","804c4b9d-bd10-4c08-b5fc-a53d41a18804","Freya Cameron","5","Motor is very quiet","The power levels are well-judged. Eco mode for range, Sport mode for hills. Perfect balance of options.","true","""2025-10-02T19:55:21.995Z"""
"1fb033f6-269e-4033-b8d4-5be6c27ed469","804c4b9d-bd10-4c08-b5fc-a53d41a18804","Kenji Wang","5","Outstanding value","Customer support answered all my pre-purchase questions promptly. Made the buying decision much easier.","true","""2025-11-05T19:55:21.995Z"""
"5050804c-2bb1-4466-9aa7-2d4d20fd192f","804c4b9d-bd10-4c08-b5fc-a53d41a18804","Charlotte Brooks","5","Perfect for daily use","The craftsmanship is evident. Welds are neat, paint is flawless. This is a bike built to last.","true","""2025-08-12T19:55:21.995Z"""
"4dc03c04-f644-4c8b-8a0e-fedae4a9e269","804c4b9d-bd10-4c08-b5fc-a53d41a18804","Niamh O'Connor","4","Responsive and smooth","Rain hasn't been an issue. Everything is well-sealed and continues working perfectly. Confidence-inspiring in all weather.","true","""2025-10-28T19:55:21.995Z"""
"2a280a34-6678-4d94-8d5e-9c5eabf4c8b6","804c4b9d-bd10-4c08-b5fc-a53d41a18804","Gareth Evans","5","Brilliant for city riding","Arrived perfectly adjusted. Brakes, gears, everything worked perfectly straight out of the box. Very impressed with quality control.","true","""2025-08-13T19:55:21.995Z"""
"3eccf144-103c-4bc9-b6a8-f474899b1482","804c4b9d-bd10-4c08-b5fc-a53d41a18804","Ife Boateng","5","Love everything about it","The LCD display is clear and easy to read in all conditions. Love being able to monitor speed and battery at a glance.","true","""2025-09-02T19:55:21.995Z"""
"472e32ca-2041-4159-a517-f0597deaba86","804c4b9d-bd10-4c08-b5fc-a53d41a18804","Jun Nguyen","4","Brilliant for city riding","Saddle is surprisingly comfortable. I've done 30-mile rides without any discomfort. Gear shifting is smooth and precise too.","true","""2025-08-28T19:55:21.995Z"""
"73a6c8aa-89b9-49b0-a7e5-66160d62aa14","804c4b9d-bd10-4c08-b5fc-a53d41a18804","Ava Turner","5","Highly recommend","Perfect for my hilly commute. What used to take 45 minutes of sweaty pedalling now takes 25 minutes and I arrive fresh.","true","""2025-08-29T19:55:21.995Z"""
"1a133ef0-2ddc-47fb-9004-ccaf9161aedb","804c4b9d-bd10-4c08-b5fc-a53d41a18804","Eoin Kennedy","4","Better than expected","The design is sleek and modern. I get compliments on it regularly. Doesn't look like a typical Electric bike at all.","true","""2025-09-30T19:55:21.995Z"""
"10897c13-8d2f-478c-b1dd-72e42769584f","804c4b9d-bd10-4c08-b5fc-a53d41a18804","Keira Grant","5","Top-notch product","The bell is louder than expected - in a good way! Pedestrians actually hear it first time.","true","""2025-08-23T19:55:21.995Z"""
"44c844f4-2dfd-4586-b566-a9714319f5a5","804c4b9d-bd10-4c08-b5fc-a53d41a18804","Ioan Davies","4","Great for hills","The wide handlebars give excellent control on technical sections. Feel very planted and confident on descents.","true","""2025-10-02T19:55:21.995Z"""
"e867b5c3-0df9-4e6b-a0b3-e510ece85e9a","804c4b9d-bd10-4c08-b5fc-a53d41a18804","James Bennett","5","Excellent starter bike","Wheels are strong and true. Haven't needed any adjustment despite some rough cycle paths and potholes.","true","""2025-06-03T19:55:21.995Z"""
"9e51f0ee-af70-455f-b56c-a2113f83019d","804c4b9d-bd10-4c08-b5fc-a53d41a18804","Carlos Morales","5","Responsive and smooth","Assembly was straightforward. Clear instructions and all necessary tools included. Was ready to ride in under half an hour.","false","""2025-08-20T19:55:21.995Z"""
"0834d8a2-b537-4516-8407-986f488f95e3","804c4b9d-bd10-4c08-b5fc-a53d41a18804","Roisin Walsh","5","Feels very sturdy","The craftsmanship is evident. Welds are neat, paint is flawless. This is a bike built to last.","true","""2025-06-21T19:55:21.995Z"""
"b5eed9e1-fc2f-4497-8d83-4c296ac9b041","804c4b9d-bd10-4c08-b5fc-a53d41a18804","Fraser Cameron","4","Very impressed","Ground clearance is generous. No pedal strikes even on rocky terrain. Well thought-out geometry for actual off-road use.","true","""2025-06-23T19:55:21.995Z"""
"f238effa-2b74-4841-b9f5-905c87a5562f","804c4b9d-bd10-4c08-b5fc-a53d41a18804","Elena Nowak","5","Game-changer for my commute","Battery life has been fantastic. I do a 12-mile round trip daily and only charge twice a week. The range indicator is very accurate too.","false","""2025-09-24T19:55:21.995Z"""
"2e6fe886-05e7-4999-9acb-954b7ccafffc","804c4b9d-bd10-4c08-b5fc-a53d41a18804","Benjamin Barnes","4","Feels very sturdy","The integrated lights look sleek and work brilliantly. No fumbling with removable lights anymore.","true","""2025-07-04T19:55:21.995Z"""
"648d225d-5925-41e2-b3b5-5e3a72eeab0b","804c4b9d-bd10-4c08-b5fc-a53d41a18804","Mei Wong","3","Easy to use","The wide handlebars give excellent control on technical sections. Feel very planted and confident on descents.","false","""2025-09-06T19:55:21.995Z"""
"94ba5cbf-305f-4961-a46b-eac960551dce","804c4b9d-bd10-4c08-b5fc-a53d41a18804","Megan Edwards","5","Folds up nicely","Charges faster than expected. From empty to full in about 4-5 hours. Perfect to charge overnight.","false","""2025-11-14T19:55:21.995Z"""
"29a1668e-5e86-43dc-b149-a2b980c3a6b2","804c4b9d-bd10-4c08-b5fc-a53d41a18804","Poppy Brooks","5","Top-notch product","I was hesitant about the price initially, but this has saved me hundreds in fuel costs already. Best decision I've made this year.","true","""2025-08-12T19:55:21.995Z"""
"a183e42d-71b5-4dae-95ad-67b314557a57","804c4b9d-bd10-4c08-b5fc-a53d41a18804","Tariq Nassar","2","Absolutely brilliant purchase","This has paid for itself already in saved train fares. The financial case is compelling even before health benefits.","true","""2025-06-12T19:55:21.995Z"""
"bb6648b3-4124-4856-b25b-7387a95ae483","804c4b9d-bd10-4c08-b5fc-a53d41a18804","Celyn Jenkins","5","Superb engineering","Suspension works brilliantly. Absorbs bumps effectively without feeling bouncy. Much more comfortable than my old rigid bike.","false","""2025-09-28T19:55:21.995Z"""
"fa1bdb36-c55a-45bb-8f0f-0ad184766261","804c4b9d-bd10-4c08-b5fc-a53d41a18804","Duncan Ross","5","Easy to use","Took it on some proper trails last weekend - the suspension handled everything beautifully. Roots, rocks, drops - all absorbed smoothly.","false","""2025-06-05T19:55:21.995Z"""
"82909f8f-fdd6-46e5-b377-617f990c0d1b","804c4b9d-bd10-4c08-b5fc-a53d41a18804","Ella Foster","4","Ideal for my needs","Build quality exceeded expectations at this price point. No cheap plastics or wobbly parts. Everything feels premium.","true","""2025-08-27T19:55:21.995Z"""
"3385329b-2e5a-41c2-96a5-a2b5d78f4855","804c4b9d-bd10-4c08-b5fc-a53d41a18804","Oliver Ward","5","Easy to use","Took it on some proper trails last weekend - the suspension handled everything beautifully. Roots, rocks, drops - all absorbed smoothly.","true","""2025-06-13T19:55:21.995Z"""
"23a62092-1e77-415e-8c48-b75330e68272","804c4b9d-bd10-4c08-b5fc-a53d41a18804","Carys Jenkins","5","Perfect size","Build quality exceeded expectations at this price point. No cheap plastics or wobbly parts. Everything feels premium.","true","""2025-10-04T19:55:21.995Z"""
"8aa05271-f34f-41e9-b203-8350a9947e35","804c4b9d-bd10-4c08-b5fc-a53d41a18804","Finn McCarthy","5","Impressive performance","The integrated lights look sleek and work brilliantly. No fumbling with removable lights anymore.","true","""2025-06-27T19:55:21.995Z"""
"40f44a27-795c-43d5-923f-ae217ca0ce58","804c4b9d-bd10-4c08-b5fc-a53d41a18804","Joshua Davies","5","Worth every penny","Build quality exceeded expectations at this price point. No cheap plastics or wobbly parts. Everything feels premium.","true","""2025-09-27T19:55:21.995Z"""
"c4dd4c6d-9e1a-4273-9953-8e544b2af38b","804c4b9d-bd10-4c08-b5fc-a53d41a18804","Hamish Reid","5","Superb engineering","Took it on some proper trails last weekend - the suspension handled everything beautifully. Roots, rocks, drops - all absorbed smoothly.","true","""2025-07-21T19:55:21.995Z"""
"4b3d3fc3-69bf-4a53-aa55-88ea9f1bd22b","804c4b9d-bd10-4c08-b5fc-a53d41a18804","Fatima Mehta","5","Impressive performance","Eco mode extends the range impressively. Easily get 50+ miles if you're not rushing. Perfect for weekend rides.","true","""2025-06-03T19:55:21.995Z"""
"8ddb9d18-8e36-42d3-96fe-5b1124789f61","804c4b9d-bd10-4c08-b5fc-a53d41a18804","Katarina Kuznetsov","5","Smooth and powerful","Love that I can use it as a regular bike when I want exercise, or with assistance when I'm tired. Versatility is brilliant.","true","""2025-11-21T19:55:21.995Z"""
"53229adc-7a7b-4e8d-9f0b-19e5c61f7225","804c4b9d-bd10-4c08-b5fc-a53d41a18804","Angus Ross","5","Delighted with purchase","Charges faster than expected. From empty to full in about 4-5 hours. Perfect to charge overnight.","true","""2025-06-05T19:55:21.995Z"""
"12b56441-d4d3-45e2-91c1-e904d3aa04ae","804c4b9d-bd10-4c08-b5fc-a53d41a18804","Erin MacKenzie","5","Perfect size","Took it on some proper trails last weekend - the suspension handled everything beautifully. Roots, rocks, drops - all absorbed smoothly.","true","""2025-08-18T19:55:21.995Z"""
"3d9a346c-a95b-49a8-adfc-c86f85de3956","804c4b9d-bd10-4c08-b5fc-a53d41a18804","Ife Balogun","5","Battery life is amazing","I'm 6'2"" and it fits me comfortably with room to adjust. My partner is 5'4"" and can also ride it comfortably. Very adjustable.","true","""2025-06-04T19:55:21.995Z"""
"7a3213af-3aec-48c0-bd9a-81eb1292ccd6","804c4b9d-bd10-4c08-b5fc-a53d41a18804","Wei Yamamoto","5","Love the design","The build quality is exceptional. Everything feels solid and well-engineered. I've been using it daily for three months now and it still performs like new.","true","""2025-10-01T19:55:21.995Z"""
"d76a855d-6779-4bfa-a5f0-80bb58dcb563","804c4b9d-bd10-4c08-b5fc-a53d41a18804","Petra Kozlov","5","Great for hills","Assembly was straightforward. Clear instructions and all necessary tools included. Was ready to ride in under half an hour.","true","""2025-07-01T19:55:21.995Z"""
"9106b751-167d-4dbe-8bad-e0ff99e89894","804c4b9d-bd10-4c08-b5fc-a53d41a18804","Arjun Choudhury","5","Worth every penny","No buyer's remorse whatsoever. This is everything I hoped it would be and more. Absolutely delighted.","true","""2025-07-02T19:55:21.995Z"""
"5f58078e-275d-416f-915e-0cd6a1bd13d5","804c4b9d-bd10-4c08-b5fc-a53d41a18804","Harry Mitchell","4","Absolutely brilliant purchase","The wide handlebars give excellent control on technical sections. Feel very planted and confident on descents.","false","""2025-07-20T19:55:21.995Z"""
"0d6e3671-6e0f-4d35-9e81-95cc0da96ce4","804c4b9d-bd10-4c08-b5fc-a53d41a18804","Charlie Clark","5","Superb engineering","Charges faster than expected. From empty to full in about 4-5 hours. Perfect to charge overnight.","true","""2025-07-24T19:55:21.995Z"""
"e5407d85-9545-4887-9d96-ab49c9d440de","804c4b9d-bd10-4c08-b5fc-a53d41a18804","Callum MacLeod","4","Perfect commuter bike","Delivery was impressively quick. Arrived within two days, well packaged. Setup took about 20 minutes following the clear instructions provided.","true","""2025-07-09T19:55:21.995Z"""
"89979f71-54da-445f-9b75-06b97e1d634d","804c4b9d-bd10-4c08-b5fc-a53d41a18804","Kemi Boateng","5","Brilliant for city riding","Took it on some proper trails last weekend - the suspension handled everything beautifully. Roots, rocks, drops - all absorbed smoothly.","true","""2025-10-12T19:55:21.995Z"""
"8235802f-d08e-45cc-837e-5008e4ada11a","804c4b9d-bd10-4c08-b5fc-a53d41a18804","Aiko Zhang","5","Smooth and powerful","Disc brakes are essential off-road and these perform flawlessly. Powerful, progressive, reliable even when caked in mud.","true","""2025-07-11T19:55:21.995Z"""
"17cb982f-7638-4276-8131-5a8cdacfc804","804c4b9d-bd10-4c08-b5fc-a53d41a18804","Aiko Kim","4","Highly recommend","Surprisingly agile despite the weight. Easy to navigate through tight spaces and park conveniently.","true","""2025-05-28T19:55:21.995Z"""
"f8ea9575-8001-4cff-aaa5-4be5cf247abb","804c4b9d-bd10-4c08-b5fc-a53d41a18804","Finn Ryan","3","Worth every penny","I was hesitant about the price initially, but this has saved me hundreds in fuel costs already. Best decision I've made this year.","true","""2025-06-17T19:55:21.995Z"""
"37a48aae-0b3a-40d4-aed1-6e89673a3dd6","804c4b9d-bd10-4c08-b5fc-a53d41a18804","Amara Nwosu","5","Couldn't be happier","Lights are bright and effective. Battery powers them without draining noticeably. Feel confident riding in darker months.","false","""2025-06-07T19:55:21.995Z"""
"d4f2b77a-d352-4034-a494-848843a242d3","804c4b9d-bd10-4c08-b5fc-a53d41a18804","Jun Sato","3","Battery life is amazing","Exactly as described on the website. No nasty surprises. What you see is what you get, which is refreshing.","true","""2025-08-27T19:55:21.995Z"""
"9cf97f79-3524-4736-85ff-9b50af737bff","804c4b9d-bd10-4c08-b5fc-a53d41a18804","Isla Stewart","5","Responsive and smooth","Suspension works brilliantly. Absorbs bumps effectively without feeling bouncy. Much more comfortable than my old rigid bike.","true","""2025-07-13T19:55:21.995Z"""
"0279fa3e-1097-4fe3-a38a-4d8609cbc2cc","804c4b9d-bd10-4c08-b5fc-a53d41a18804","Kwame Okafor","3","Feels very sturdy","Took it on some proper trails last weekend - the suspension handled everything beautifully. Roots, rocks, drops - all absorbed smoothly.","true","""2025-06-03T19:55:21.995Z"""
"e50f5e3b-9d3e-4922-836d-6d631efc5640","804c4b9d-bd10-4c08-b5fc-a53d41a18804","Erin Stewart","5","Very impressed","The craftsmanship is evident. Welds are neat, paint is flawless. This is a bike built to last.","true","""2025-11-10T19:55:21.995Z"""
"35d067cd-8ec0-4c59-a73d-7b74ba2195ab","804c4b9d-bd10-4c08-b5fc-a53d41a18804","Samuel Jackson","5","Comfortable ride","Puncture-resistant tyres have lived up to the name. Several months of daily use, zero flats. Impressive.","true","""2025-07-29T19:55:21.995Z"""
"05ef749f-7ebc-4bf7-96e1-d9fcf644bb46","804c4b9d-bd10-4c08-b5fc-a53d41a18804","Erin Fraser","5","Outstanding value","I'm 6'2"" and it fits me comfortably with room to adjust. My partner is 5'4"" and can also ride it comfortably. Very adjustable.","true","""2025-08-06T19:55:21.995Z"""
"5feb17a7-048a-48de-9d64-86dc67759a83","804c4b9d-bd10-4c08-b5fc-a53d41a18804","Ibrahim Rao","5","Excellent starter bike","Ground clearance is generous. No pedal strikes even on rocky terrain. Well thought-out geometry for actual off-road use.","true","""2025-10-04T19:55:21.995Z"""
"f33042d3-e73d-45ca-923c-10cc38c1b1ed","804c4b9d-bd10-4c08-b5fc-a53d41a18804","Min-Jun Wang","5","Great for hills","The fat tyres provide incredible grip on loose surfaces. Confident descending on gravel and mud where my road bike would slip.","true","""2025-06-05T19:55:21.995Z"""
"46dba487-6796-4995-9db1-7bd9c1cb2da3","804c4b9d-bd10-4c08-b5fc-a53d41a18804","Aisha Sharma","4","Excellent starter bike","Disc brakes are essential off-road and these perform flawlessly. Powerful, progressive, reliable even when caked in mud.","true","""2025-11-20T19:55:21.995Z"""
"b432b4f9-b9fe-4cfc-aa32-9979bf526b46","804c4b9d-bd10-4c08-b5fc-a53d41a18804","Callum Cameron","5","Brilliant for city riding","Took it on some proper trails last weekend - the suspension handled everything beautifully. Roots, rocks, drops - all absorbed smoothly.","true","""2025-09-10T19:55:21.995Z"""
"889ec834-a36d-4382-9eac-901e4b7fc0ba","804c4b9d-bd10-4c08-b5fc-a53d41a18804","Tao Liu","5","Feels very sturdy","Ground clearance is generous. No pedal strikes even on rocky terrain. Well thought-out geometry for actual off-road use.","true","""2025-05-30T19:55:21.995Z"""
"0b1a93b4-480c-487b-944d-6dec2b1cdd3b","804c4b9d-bd10-4c08-b5fc-a53d41a18804","Jakub Ivanova","5","Delighted with purchase","The fat tyres provide incredible grip on loose surfaces. Confident descending on gravel and mud where my road bike would slip.","true","""2025-07-24T19:55:21.995Z"""
"ca51d290-c514-4fd5-8ad6-b54442898210","804c4b9d-bd10-4c08-b5fc-a53d41a18804","Oliver King","4","Superb engineering","Frame design is practical. Mounting and dismounting is easy, which matters when stopping frequently in town.","true","""2025-07-01T19:55:21.995Z"""
"020bdfac-e286-4dfe-8da4-9c2699ab2e73","804c4b9d-bd10-4c08-b5fc-a53d41a18804","Sakura Li","5","Great customer service","Customer support answered all my pre-purchase questions promptly. Made the buying decision much easier.","true","""2025-08-28T19:55:21.995Z"""
"fc739ccc-202f-4db9-b0c7-ddc54272595d","804c4b9d-bd10-4c08-b5fc-a53d41a18804","Viktor Horvath","5","Solid and reliable","Disc brakes are essential off-road and these perform flawlessly. Powerful, progressive, reliable even when caked in mud.","true","""2025-08-11T19:55:21.995Z"""
"d947694b-cbd1-4a48-96b5-0a7ea231f438","804c4b9d-bd10-4c08-b5fc-a53d41a18804","Molly Henderson","5","Outstanding value","Disc brakes are essential off-road and these perform flawlessly. Powerful, progressive, reliable even when caked in mud.","true","""2025-11-18T19:55:21.995Z"""
"1e31a039-777c-491a-85a4-df0852ce3cfa","804c4b9d-bd10-4c08-b5fc-a53d41a18804","Ravi Sharma","5","Highly recommend","The tyres grip well in all conditions. Confident cornering even on wet roads. Feel very planted and stable.","true","""2025-09-04T19:55:21.995Z"""
"dd3e4238-ebac-41c5-b622-3a581a5dfe46","804c4b9d-bd10-4c08-b5fc-a53d41a18804","Isabella Silva","5","Very impressed","Gear range is perfect. Lowest gear handles steep hills, highest gear keeps up with traffic on flat roads.","true","""2025-08-07T19:55:21.995Z"""
"434a8ccb-7c37-4da2-aa1d-aeea96fa0cc4","804c4b9d-bd10-4c08-b5fc-a53d41a18804","Seren Edwards","5","Fantastic range","The mudguards actually work. Stay clean and dry even through puddles. Small detail but makes a big difference.","true","""2025-09-04T19:55:21.995Z"""
"d5c3d18e-fda7-471b-9090-3d172531486b","804c4b9d-bd10-4c08-b5fc-a53d41a18804","Aarav Singh","5","Smooth and powerful","The LCD display is clear and easy to read in all conditions. Love being able to monitor speed and battery at a glance.","true","""2025-11-20T19:55:21.995Z"""
"912485dd-ba13-45a0-980b-c87597321ba7","804c4b9d-bd10-4c08-b5fc-a53d41a18804","Noah Morgan","5","Couldn't be happier","Saddle is surprisingly comfortable. I've done 30-mile rides without any discomfort. Gear shifting is smooth and precise too.","true","""2025-11-09T19:55:21.995Z"""
"a7faabb7-9811-4b26-af0c-c45fe7da99b4","804c4b9d-bd10-4c08-b5fc-a53d41a18804","Aoife Ryan","4","Best investment I've made","Kickstand is sturdy and reliable. Bike stays upright on any surface. Simple but essential feature that works perfectly.","true","""2025-06-06T19:55:21.995Z"""
"4da27d41-d5a1-4fee-a0db-a57cab62223b","804c4b9d-bd10-4c08-b5fc-a53d41a18804","Petra Ivanova","5","Battery life is amazing","Ground clearance is generous. No pedal strikes even on rocky terrain. Well thought-out geometry for actual off-road use.","true","""2025-10-04T19:55:21.995Z"""
"de169052-4e38-4174-9c2a-dac29d13d895","804c4b9d-bd10-4c08-b5fc-a53d41a18804","Owain Davies","5","Ideal for my needs","The craftsmanship is evident. Welds are neat, paint is flawless. This is a bike built to last.","true","""2025-05-30T19:55:21.995Z"""
"b0b410be-a7a9-4980-ab1b-a789e1a24b65","804c4b9d-bd10-4c08-b5fc-a53d41a18804","Arjun Malik","5","Perfect for daily use","Ground clearance is generous. No pedal strikes even on rocky terrain. Well thought-out geometry for actual off-road use.","true","""2025-08-09T19:55:21.995Z"""
"cd9f5f65-0c79-47bf-a5b7-9b2071fcfe64","804c4b9d-bd10-4c08-b5fc-a53d41a18804","Kofi Okafor","5","Excellent starter bike","The craftsmanship is evident. Welds are neat, paint is flawless. This is a bike built to last.","false","""2025-11-15T19:55:21.995Z"""
"c90196fa-e4d4-4528-844c-e31b5f46886f","804c4b9d-bd10-4c08-b5fc-a53d41a18804","Layla Kumar","5","Perfect size","Took it on some proper trails last weekend - the suspension handled everything beautifully. Roots, rocks, drops - all absorbed smoothly.","false","""2025-07-18T19:55:21.995Z"""
"635469ac-1aa7-445a-aca3-ef3b0fd42bb0","804c4b9d-bd10-4c08-b5fc-a53d41a18804","Freya MacLeod","5","Fantastic range","The range is no exaggeration. Did a 45-mile ride last weekend and still had battery left. Perfect for longer adventures.","true","""2025-07-06T19:55:21.995Z"""
"ac087e86-62fe-46a5-bf87-c8acb496fa91","804c4b9d-bd10-4c08-b5fc-a53d41a18804","Lin Sato","4","Love the design","Gears shift smoothly under power. Some cheaper bikes require you to stop pedalling - not this one. Very convenient.","true","""2025-10-05T19:55:21.995Z"""
"897455f5-c8f9-4829-83a8-907a98ae4920","804c4b9d-bd10-4c08-b5fc-a53d41a18804","Emily Bell","5","Comfortable ride","Delivery was impressively quick. Arrived within two days, well packaged. Setup took about 20 minutes following the clear instructions provided.","true","""2025-09-20T19:55:21.995Z"""
"3a976c5a-49eb-459b-ad91-2bdbb386ebf3","804c4b9d-bd10-4c08-b5fc-a53d41a18804","Yusuf Rahman","5","Very impressed","Disc brakes are essential off-road and these perform flawlessly. Powerful, progressive, reliable even when caked in mud.","true","""2025-09-28T19:55:21.995Z"""
"6c1b46e4-04b3-45d0-a8e6-cfe7074a46b3","804c4b9d-bd10-4c08-b5fc-a53d41a18804","Jun Park","4","Game-changer for my commute","Gear range is perfect. Lowest gear handles steep hills, highest gear keeps up with traffic on flat roads.","true","""2025-08-22T19:55:21.995Z"""
"3c08a3f4-3d58-4f86-b338-32aafbc7db39","804c4b9d-bd10-4c08-b5fc-a53d41a18804","Aisling Ryan","3","Comfortable ride","After six months of daily use, I have zero complaints. No mechanical issues whatsoever. Just regular maintenance needed.","false","""2025-11-03T19:55:21.995Z"""
"2ad82169-1e3c-4b2a-b1e1-57b242f47e01","804c4b9d-bd10-4c08-b5fc-a53d41a18804","Aryan Singh","5","Perfect commuter bike","The wide handlebars give excellent control on technical sections. Feel very planted and confident on descents.","false","""2025-07-24T19:55:21.995Z"""
"65871adb-10d6-4e97-a38d-ee372506394d","804c4b9d-bd10-4c08-b5fc-a53d41a18804","Celyn Davies","3","Smooth and powerful","Rain hasn't been an issue. Everything is well-sealed and continues working perfectly. Confidence-inspiring in all weather.","true","""2025-11-15T19:55:21.995Z"""
"7e631a14-a668-44ec-b6d2-00eacc7acb51","804c4b9d-bd10-4c08-b5fc-a53d41a18804","Duncan Gordon","1","Excellent starter bike","Saddle is surprisingly comfortable. I've done 30-mile rides without any discomfort. Gear shifting is smooth and precise too.","true","""2025-05-29T19:55:21.995Z"""
"8e338913-e3f0-45d9-a67e-e4376b0c4b15","804c4b9d-bd10-4c08-b5fc-a53d41a18804","Lily Ross","5","Perfect commuter bike","After six months of daily use, I have zero complaints. No mechanical issues whatsoever. Just regular maintenance needed.","true","""2025-11-16T19:55:21.995Z"""
"a4d50863-f20b-4fdf-b3d7-8791caa8ecc6","804c4b9d-bd10-4c08-b5fc-a53d41a18804","Jakub Kozlov","4","Love everything about it","Delivery was impressively quick. Arrived within two days, well packaged. Setup took about 20 minutes following the clear instructions provided.","true","""2025-10-30T19:55:21.995Z"""
"a3469e00-185f-4a88-856f-eabcd036b85f","804c4b9d-bd10-4c08-b5fc-a53d41a18804","Tunde Mensah","4","Fantastic range","Exactly as described on the website. No nasty surprises. What you see is what you get, which is refreshing.","true","""2025-06-07T19:55:21.995Z"""
"5a8514ed-41f1-4e75-bca2-0bf7b51cf7c7","804c4b9d-bd10-4c08-b5fc-a53d41a18804","Wei Wang","5","Best investment I've made","Braking performance is excellent. Stops quickly and confidently even in wet conditions. Feel very safe riding in traffic.","true","""2025-06-13T19:55:21.995Z"""
"535a3911-b55f-4bb7-bc2e-9edeb1b4d94f","804c4b9d-bd10-4c08-b5fc-a53d41a18804","Ruby Harris","5","Comfortable ride","Surprisingly agile despite the weight. Easy to navigate through tight spaces and park conveniently.","true","""2025-09-21T19:55:21.995Z"""
"2c79ec66-0c2d-4183-8910-3e2f1b7e41c8","804c4b9d-bd10-4c08-b5fc-a53d41a18804","Hamish Murray","5","Brilliant for city riding","Perfect for my hilly commute. What used to take 45 minutes of sweaty pedalling now takes 25 minutes and I arrive fresh.","true","""2025-08-05T19:55:21.995Z"""
"c9e406f8-f9d1-456b-9b4c-1578c027c5a6","ad931533-71ec-4192-bbfe-2f640401b177","Ciara O'Connor","5","Superb engineering","The mudguards actually work. Stay clean and dry even through puddles. Small detail but makes a big difference.","true","""2025-11-21T19:55:22.025Z"""
"7d58441b-f067-479d-982b-71541544acdc","ad931533-71ec-4192-bbfe-2f640401b177","Roisin Kennedy","5","Feels very sturdy","Lights are bright and effective. Battery powers them without draining noticeably. Feel confident riding in darker months.","true","""2025-11-09T19:55:22.025Z"""
"673e7626-e2f4-4fed-b4d7-0733977a05e9","ad931533-71ec-4192-bbfe-2f640401b177","Finn Murphy","4","Battery life is amazing","The mudguards actually work. Stay clean and dry even through puddles. Small detail but makes a big difference.","true","""2025-06-26T19:55:22.025Z"""
"1d05cae7-af39-42d0-86f8-509c5db02028","ad931533-71ec-4192-bbfe-2f640401b177","Skye MacDonald","3","Perfect size","Perfect for my train commute. Folds small enough that it doesn't bother other passengers during rush hour.","true","""2025-07-29T19:55:22.025Z"""
"8a0ce02a-221d-4391-9494-587ada68ed66","ad931533-71ec-4192-bbfe-2f640401b177","Mason Barnes","5","Comfortable ride","Can fit in the boot of my hatchback easily. Opens up possibilities for weekend rides in the countryside.","true","""2025-06-16T19:55:22.025Z"""
"71123efa-18d2-4f7c-8795-3b4409224a10","ad931533-71ec-4192-bbfe-2f640401b177","Viktor Ivanova","5","Impressive performance","Puncture-resistant tyres have lived up to the name. Several months of daily use, zero flats. Impressive.","true","""2025-08-26T19:55:22.025Z"""
"532a0bdb-62f7-4bfc-a101-6185deac6704","ad931533-71ec-4192-bbfe-2f640401b177","Freya MacDonald","4","Quality exceeds the price","Battery life has been fantastic. I do a 12-mile round trip daily and only charge twice a week. The range indicator is very accurate too.","true","""2025-11-09T19:55:22.025Z"""
"635659bc-b512-42cb-a731-f7db51165710","ad931533-71ec-4192-bbfe-2f640401b177","Kabir Patel","5","Solid and reliable","The hinges feel solid with no play. Despite folding, it rides like a regular bike - no flex or wobble whatsoever.","true","""2025-10-03T19:55:22.025Z"""
"cfd25d1e-e741-46e6-90b9-a9c1c31c5e5b","ad931533-71ec-4192-bbfe-2f640401b177","Amelia Reed","5","Comfortable ride","Customer support answered all my pre-purchase questions promptly. Made the buying decision much easier.","true","""2025-06-24T19:55:22.025Z"""
"09dfbc03-42e7-4249-a13c-e60b9a114d64","ad931533-71ec-4192-bbfe-2f640401b177","Matthew Cox","3","Feels very sturdy","The folding mechanism is genius. Folds down in seconds and fits easily in my car boot or under my desk at work.","true","""2025-11-03T19:55:22.025Z"""
"e580df11-bec1-4e93-84f5-a1970fbe0ec2","ad931533-71ec-4192-bbfe-2f640401b177","Duncan MacLeod","5","Just what I needed","I'm 6'2"" and it fits me comfortably with room to adjust. My partner is 5'4"" and can also ride it comfortably. Very adjustable.","true","""2025-11-06T19:55:22.025Z"""
"53b5ceea-8add-494e-ac93-1cf0192cb548","ad931533-71ec-4192-bbfe-2f640401b177","Eoin Ryan","5","Solid and reliable","Lights are bright and effective. Battery powers them without draining noticeably. Feel confident riding in darker months.","true","""2025-06-23T19:55:22.025Z"""
"d1189758-993b-479f-8e22-6c52a374d837","ad931533-71ec-4192-bbfe-2f640401b177","Kwesi Mensah","5","Impressive performance","The throttle mode is brilliant for starting from lights. Get moving quickly without having to pedal hard in traffic.","true","""2025-10-23T19:55:22.025Z"""
"cf39ccff-5be6-421b-8554-425abf240ead","ad931533-71ec-4192-bbfe-2f640401b177","Omar Mehta","5","Excellent starter bike","Can fit in the boot of my hatchback easily. Opens up possibilities for weekend rides in the countryside.","true","""2025-10-02T19:55:22.025Z"""
"26839ad1-59a2-4b8a-a571-c663b634c9cb","ad931533-71ec-4192-bbfe-2f640401b177","Ayodele Boateng","4","Solid and reliable","Gears shift smoothly under power. Some cheaper bikes require you to stop pedalling - not this one. Very convenient.","true","""2025-10-05T19:55:22.025Z"""
"ac81246d-037f-4662-9e11-3b42c0301680","ad931533-71ec-4192-bbfe-2f640401b177","Aryan Shah","4","Really pleased","Battery life has been fantastic. I do a 12-mile round trip daily and only charge twice a week. The range indicator is very accurate too.","true","""2025-06-20T19:55:22.025Z"""
"2c246e6e-ee90-44b4-9164-251f4f07680b","ad931533-71ec-4192-bbfe-2f640401b177","Rashid Al-Sayed","3","Great customer service","The rear rack is solid and takes panniers perfectly. Can carry a week's shopping without any wobble.","true","""2025-06-09T19:55:22.025Z"""
"1fd105ea-c76a-43fe-be1e-ab0beb95ea76","ad931533-71ec-4192-bbfe-2f640401b177","Rory Ferguson","3","Great for hills","Customer service deserves special mention. Had a question about maintenance and received a detailed response within hours.","true","""2025-09-09T19:55:22.025Z"""
"69ec92ae-7246-44de-9aed-4eee6e37df41","ad931533-71ec-4192-bbfe-2f640401b177","Elena Kowalski","3","Highly recommend","Eco mode extends the range impressively. Easily get 50+ miles if you're not rushing. Perfect for weekend rides.","true","""2025-10-29T19:55:22.025Z"""
"381ad2ab-b248-48cd-bc10-8edb897a98fd","ad931533-71ec-4192-bbfe-2f640401b177","Callum Campbell","5","Responsive and smooth","The LCD display is clear and easy to read in all conditions. Love being able to monitor speed and battery at a glance.","true","""2025-09-17T19:55:22.025Z"""
"0b8ebe64-989b-4a49-a248-ca5c3bfd34c2","ad931533-71ec-4192-bbfe-2f640401b177","Rohan Malik","3","Just what I needed","Perfect for my hilly commute. What used to take 45 minutes of sweaty pedalling now takes 25 minutes and I arrive fresh.","true","""2025-05-30T19:55:22.025Z"""
"51413a87-4cf4-4747-9b93-cf435e291d41","ad931533-71ec-4192-bbfe-2f640401b177","Liam Ross","5","Couldn't be happier","Stores under my desk at work. Saves paying for cycle parking and keeps it safe. Unfolding is just as quick.","true","""2025-08-27T19:55:22.025Z"""
"43aee33f-7cd1-4e8a-aafa-23576f7b9bfe","ad931533-71ec-4192-bbfe-2f640401b177","Chen Wang","5","Motor is very quiet","Eco mode extends the range impressively. Easily get 50+ miles if you're not rushing. Perfect for weekend rides.","true","""2025-07-08T19:55:22.025Z"""
"767457e7-956a-4676-a966-6e36479eb53f","ad931533-71ec-4192-bbfe-2f640401b177","William White","5","Good for longer rides","Kickstand is sturdy and reliable. Bike stays upright on any surface. Simple but essential feature that works perfectly.","true","""2025-05-30T19:55:22.025Z"""
"83978212-4d72-4f28-8936-9a0f10d2a56e","ad931533-71ec-4192-bbfe-2f640401b177","Leo Baker","4","Happy commuter here","This has opened up so many new routes. Places that were too far or too hilly are now easily accessible. Loving the freedom.","true","""2025-10-12T19:55:22.025Z"""
"80174312-7f7d-4d3e-8441-39ad5be7d7cb","ad931533-71ec-4192-bbfe-2f640401b177","Sakura Wong","5","Couldn't be happier","Rain hasn't been an issue. Everything is well-sealed and continues working perfectly. Confidence-inspiring in all weather.","true","""2025-07-18T19:55:22.025Z"""
"c66a6bc0-8809-4467-b9da-dc260a48cc9d","ad931533-71ec-4192-bbfe-2f640401b177","Lucas Phillips","4","Excellent build quality","Gear range is perfect. Lowest gear handles steep hills, highest gear keeps up with traffic on flat roads.","true","""2025-07-23T19:55:22.025Z"""
"54b82049-2b07-44b0-8b02-5a0528190727","ad931533-71ec-4192-bbfe-2f640401b177","Roisin Ryan","5","Battery life is amazing","Can fit in the boot of my hatchback easily. Opens up possibilities for weekend rides in the countryside.","true","""2025-08-09T19:55:22.025Z"""
"8bec8589-5241-4962-8984-44a46b5fcb19","ad931533-71ec-4192-bbfe-2f640401b177","Seren Griffiths","3","Absolutely brilliant purchase","Can fit in the boot of my hatchback easily. Opens up possibilities for weekend rides in the countryside.","true","""2025-11-09T19:55:22.025Z"""
"d990f4c1-ebcb-4276-8b16-09076c573571","ad931533-71ec-4192-bbfe-2f640401b177","Owain Jones","5","Impressive performance","Can fit in the boot of my hatchback easily. Opens up possibilities for weekend rides in the countryside.","true","""2025-06-16T19:55:22.025Z"""
"df6e0056-55f2-4259-8d8d-b484febf9f50","ad931533-71ec-4192-bbfe-2f640401b177","Thomas Long","5","Ideal for my needs","Can fit in the boot of my hatchback easily. Opens up possibilities for weekend rides in the countryside.","true","""2025-06-02T19:55:22.025Z"""
"0bd286f7-d645-4b8f-844b-29292f949560","ad931533-71ec-4192-bbfe-2f640401b177","Emma Ross","5","Brilliant for city riding","Perfect for my train commute. Folds small enough that it doesn't bother other passengers during rush hour.","false","""2025-08-19T19:55:22.025Z"""
"39faea4e-dcf6-43d2-a407-ab54918d6d9b","ad931533-71ec-4192-bbfe-2f640401b177","Ioan Lloyd","5","Easy to use","No buyer's remorse whatsoever. This is everything I hoped it would be and more. Absolutely delighted.","true","""2025-09-27T19:55:22.025Z"""
"4ffeb7c5-686a-4c54-aa23-72bf3079f743","ad931533-71ec-4192-bbfe-2f640401b177","Diya Choudhury","5","Absolutely brilliant purchase","The rear rack is solid and takes panniers perfectly. Can carry a week's shopping without any wobble.","true","""2025-11-23T19:55:22.025Z"""
"6b012dfb-6d81-45c3-a394-a9a5930660f8","ad931533-71ec-4192-bbfe-2f640401b177","Priya Choudhury","5","Quality exceeds the price","Assembly was straightforward. Clear instructions and all necessary tools included. Was ready to ride in under half an hour.","true","""2025-10-24T19:55:22.025Z"""
"b4a9f562-abe2-4acb-8e5e-086866fe9e49","ad931533-71ec-4192-bbfe-2f640401b177","Jakub Kuznetsov","5","Perfect commuter bike","The craftsmanship is evident. Welds are neat, paint is flawless. This is a bike built to last.","true","""2025-08-21T19:55:22.025Z"""
"3cd3ac95-058d-4609-95e7-5620d6cca7ee","ad931533-71ec-4192-bbfe-2f640401b177","Ibrahim Hassan","4","Really pleased","After six months of daily use, I have zero complaints. No mechanical issues whatsoever. Just regular maintenance needed.","false","""2025-09-15T19:55:22.025Z"""
"a89d6ef3-29c4-4db4-afd0-d5bcc4c85ead","ad931533-71ec-4192-bbfe-2f640401b177","Niamh Murphy","5","Fantastic quality","I was hesitant about the price initially, but this has saved me hundreds in fuel costs already. Best decision I've made this year.","false","""2025-07-23T19:55:22.025Z"""
"099edf68-1333-4621-85e5-985d48a77dcd","ad931533-71ec-4192-bbfe-2f640401b177","Khalid Aziz","5","Better than expected","The bell is louder than expected - in a good way! Pedestrians actually hear it first time.","true","""2025-09-04T19:55:22.025Z"""
"00af18db-24a0-4369-a520-483e80e3cce9","ad931533-71ec-4192-bbfe-2f640401b177","Fatima Khan","3","Responsive and smooth","The mudguards actually work. Stay clean and dry even through puddles. Small detail but makes a big difference.","true","""2025-07-31T19:55:22.025Z"""
"7278604c-985a-491b-addd-7baee7f03a5e","ad931533-71ec-4192-bbfe-2f640401b177","Charlie Murphy","5","Fantastic quality","The weight is well-balanced. Easy to manoeuvre despite being heavier than a standard bike. Handles beautifully.","true","""2025-08-18T19:55:22.025Z"""
"d41e51c1-97d8-4d5b-b30a-62e48b3bfdf1","ad931533-71ec-4192-bbfe-2f640401b177","Isla Richardson","5","Folds up nicely","Rain hasn't been an issue. Everything is well-sealed and continues working perfectly. Confidence-inspiring in all weather.","true","""2025-06-20T19:55:22.025Z"""
"a319831b-26b8-427a-a2ae-3d88bcd857a9","ad931533-71ec-4192-bbfe-2f640401b177","Molly Wright","5","Good for longer rides","Eco mode extends the range impressively. Easily get 50+ miles if you're not rushing. Perfect for weekend rides.","true","""2025-06-15T19:55:22.025Z"""
"b141f2ea-a468-4604-844d-06f68e0687c1","ad931533-71ec-4192-bbfe-2f640401b177","Rashid Khalil","5","Exceeded all expectations","Puncture-resistant tyres have lived up to the name. Several months of daily use, zero flats. Impressive.","false","""2025-09-06T19:55:22.025Z"""
"4a56f69b-11d4-4239-96eb-591421574a8c","ad931533-71ec-4192-bbfe-2f640401b177","Saoirse Kennedy","5","Good for longer rides","The hinges feel solid with no play. Despite folding, it rides like a regular bike - no flex or wobble whatsoever.","true","""2025-11-10T19:55:22.025Z"""
"82754565-0ff1-49c7-b76d-064614a4df5b","ad931533-71ec-4192-bbfe-2f640401b177","Ethan Baker","5","Fantastic range","Perfect for my train commute. Folds small enough that it doesn't bother other passengers during rush hour.","false","""2025-09-11T19:55:22.025Z"""
"ba78e6e5-1d4e-44ac-9866-cf8c803a9665","ad931533-71ec-4192-bbfe-2f640401b177","Henry Jenkins","5","Worth every penny","Can fit in the boot of my hatchback easily. Opens up possibilities for weekend rides in the countryside.","true","""2025-09-22T19:55:22.025Z"""
"fb3b589f-1c3d-41be-ab32-4ecef3c7dba8","ad931533-71ec-4192-bbfe-2f640401b177","Ruby Scott","5","Happy commuter here","The build quality is exceptional. Everything feels solid and well-engineered. I've been using it daily for three months now and it still performs like new.","true","""2025-11-04T19:55:22.025Z"""
"7d31a7b8-8526-4b60-b5ac-522356f9e3ec","ad931533-71ec-4192-bbfe-2f640401b177","Sofia Santos","5","Just what I needed","Rain hasn't been an issue. Everything is well-sealed and continues working perfectly. Confidence-inspiring in all weather.","true","""2025-10-24T19:55:22.025Z"""
"ee96424f-9717-476f-a503-e6f4cab428cd","ad931533-71ec-4192-bbfe-2f640401b177","Kenji Zhang","3","Couldn't be happier","Stores under my desk at work. Saves paying for cycle parking and keeps it safe. Unfolding is just as quick.","true","""2025-07-15T19:55:22.025Z"""
"8e0e9314-54fa-4ddc-a26f-da79242e0c42","ad931533-71ec-4192-bbfe-2f640401b177","Ioan Morgan","4","Battery life is amazing","The hinges feel solid with no play. Despite folding, it rides like a regular bike - no flex or wobble whatsoever.","false","""2025-09-23T19:55:22.025Z"""
"d14b3ec7-e98b-405b-8a7e-af7857cd003d","ad931533-71ec-4192-bbfe-2f640401b177","Bethan Lloyd","5","Highly recommend","After six months of daily use, I have zero complaints. No mechanical issues whatsoever. Just regular maintenance needed.","false","""2025-06-01T19:55:22.025Z"""
"5612c6f4-7e03-4e39-88de-37d2aa9eff8e","ad931533-71ec-4192-bbfe-2f640401b177","Hiroshi Lee","4","Great customer service","Delivery was impressively quick. Arrived within two days, well packaged. Setup took about 20 minutes following the clear instructions provided.","true","""2025-10-22T19:55:22.025Z"""
"015a930f-a5ea-4e6b-93f0-ad54b6711ef9","ad931533-71ec-4192-bbfe-2f640401b177","Oliver Wilson","4","Fantastic quality","The mudguards actually work. Stay clean and dry even through puddles. Small detail but makes a big difference.","true","""2025-08-27T19:55:22.025Z"""
"78a9177a-e487-4dac-802f-ddc174c85bb4","ad931533-71ec-4192-bbfe-2f640401b177","Dylan Hughes","5","Feels very sturdy","Braking performance is excellent. Stops quickly and confidently even in wet conditions. Feel very safe riding in traffic.","true","""2025-07-10T19:55:22.025Z"""
"bd920673-e239-4b18-a5b5-77ed1e5014a0","ad931533-71ec-4192-bbfe-2f640401b177","Tunde Boateng","4","Best investment I've made","Arrived perfectly adjusted. Brakes, gears, everything worked perfectly straight out of the box. Very impressed with quality control.","true","""2025-10-25T19:55:22.025Z"""
"fe4851ae-a6b4-4166-b63c-078c8645af37","ad931533-71ec-4192-bbfe-2f640401b177","Ananya Kumar","4","Responsive and smooth","The design is sleek and modern. I get compliments on it regularly. Doesn't look like a typical Electric bike at all.","true","""2025-11-04T19:55:22.025Z"""
"962f22f1-53f2-4718-bdfb-069e43c93b98","ad931533-71ec-4192-bbfe-2f640401b177","Kwame Mensah","4","Brilliant for city riding","I was hesitant about the price initially, but this has saved me hundreds in fuel costs already. Best decision I've made this year.","true","""2025-07-05T19:55:22.025Z"""
"f6df4255-b645-4110-86eb-fb64f813ff59","ad931533-71ec-4192-bbfe-2f640401b177","Kofi Mwangi","5","Folds up nicely","I was hesitant about the price initially, but this has saved me hundreds in fuel costs already. Best decision I've made this year.","false","""2025-08-24T19:55:22.025Z"""
"84c43304-ef16-43c5-8fb4-f99b3e92381b","ad931533-71ec-4192-bbfe-2f640401b177","Arjun Desai","2","Perfect size","Brakes require minimal finger pressure. Very responsive without being grabby. Excellent modulation.","true","""2025-08-03T19:55:22.025Z"""
"46f4d11b-ab8b-4cc5-997c-47969fba8614","ad931533-71ec-4192-bbfe-2f640401b177","Gareth Jenkins","4","Fantastic quality","Lights are bright and effective. Battery powers them without draining noticeably. Feel confident riding in darker months.","true","""2025-09-26T19:55:22.025Z"""
"af40e5cb-d833-438a-90c2-cb1e0ae0be18","ad931533-71ec-4192-bbfe-2f640401b177","Benjamin Wilson","3","Couldn't be happier","No buyer's remorse whatsoever. This is everything I hoped it would be and more. Absolutely delighted.","true","""2025-09-25T19:55:22.025Z"""
"c50bb6dc-7352-4e32-a3f8-0580d8a91681","ad931533-71ec-4192-bbfe-2f640401b177","Oliver Clark","3","Exceeded all expectations","Frame design is practical. Mounting and dismounting is easy, which matters when stopping frequently in town.","false","""2025-10-16T19:55:22.025Z"""
"5a510da7-febd-4ad1-8593-2e76b0c585ef","ad931533-71ec-4192-bbfe-2f640401b177","Kemi Okafor","5","Love everything about it","Saddle is surprisingly comfortable. I've done 30-mile rides without any discomfort. Gear shifting is smooth and precise too.","true","""2025-08-19T19:55:22.025Z"""
"c11b850b-6b82-4345-b03a-757aa6bd94e6","ad931533-71ec-4192-bbfe-2f640401b177","Alexander Morgan","4","Good for longer rides","The craftsmanship is evident. Welds are neat, paint is flawless. This is a bike built to last.","false","""2025-07-17T19:55:22.025Z"""
"4f3606df-1007-4317-9f55-53f5052bd09f","ad931533-71ec-4192-bbfe-2f640401b177","Skye Murray","5","Absolutely brilliant purchase","Perfect for my train commute. Folds small enough that it doesn't bother other passengers during rush hour.","true","""2025-08-22T19:55:22.025Z"""
"a142709b-ef9a-4ff8-be3f-72a6298bc3c3","ad931533-71ec-4192-bbfe-2f640401b177","Ruby King","4","Quality exceeds the price","Arrived perfectly adjusted. Brakes, gears, everything worked perfectly straight out of the box. Very impressed with quality control.","true","""2025-11-01T19:55:22.025Z"""
"29453856-0c1b-4420-bc2b-c44003a16e91","ad931533-71ec-4192-bbfe-2f640401b177","Keira Campbell","5","Fantastic range","Folding mechanism is brilliant. Takes literally 15 seconds. No fumbling or forcing required - just clicks into place.","true","""2025-10-11T19:55:22.025Z"""
"7d1eaae5-fcd6-4c49-8661-d1e7a66a99b6","ad931533-71ec-4192-bbfe-2f640401b177","Rory Campbell","5","Excellent build quality","Folding mechanism is brilliant. Takes literally 15 seconds. No fumbling or forcing required - just clicks into place.","true","""2025-11-05T19:55:22.025Z"""
"6533a109-b722-482b-98f7-43f1c74d73df","ad931533-71ec-4192-bbfe-2f640401b177","Megan Davies","5","Game-changer for my commute","Stores under my desk at work. Saves paying for cycle parking and keeps it safe. Unfolding is just as quick.","true","""2025-11-23T19:55:22.025Z"""
"05b56314-f6d5-41de-beca-9601435eed22","ad931533-71ec-4192-bbfe-2f640401b177","Gareth Hughes","4","Exceeded all expectations","Lights are bright and effective. Battery powers them without draining noticeably. Feel confident riding in darker months.","true","""2025-10-19T19:55:22.025Z"""
"5b19e3fb-863e-4e77-ba44-f9870ea2a121","ad931533-71ec-4192-bbfe-2f640401b177","Diya Patel","5","Very impressed","The hinges feel solid with no play. Despite folding, it rides like a regular bike - no flex or wobble whatsoever.","true","""2025-10-01T19:55:22.025Z"""
"12c6ca86-9a1d-4da6-b384-6940371e75ce","ad931533-71ec-4192-bbfe-2f640401b177","Viktor Petrescu","5","Worth every penny","Exactly as described on the website. No nasty surprises. What you see is what you get, which is refreshing.","true","""2025-07-31T19:55:22.025Z"""
"28034e71-b452-4765-bdf4-4e2db97eeb10","ad931533-71ec-4192-bbfe-2f640401b177","Niamh O'Sullivan","5","Quality exceeds the price","Love the removable battery. I can charge it at my desk whilst at work. So much more convenient than wheeling the whole bike inside.","true","""2025-07-18T19:55:22.025Z"""
"fc5e42c7-fd5d-4eba-9fcd-1b4d755feb5e","ad931533-71ec-4192-bbfe-2f640401b177","Declan Kelly","4","Couldn't be happier","The motor provides smooth, natural assistance. You barely notice it working but hills that used to exhaust me are now effortless.","true","""2025-07-18T19:55:22.025Z"""
"51a7e2b0-ab4a-4b4d-a7e0-6edad2427807","ad931533-71ec-4192-bbfe-2f640401b177","Yusuf Shah","5","Better than expected","Arrived perfectly adjusted. Brakes, gears, everything worked perfectly straight out of the box. Very impressed with quality control.","true","""2025-08-14T19:55:22.025Z"""
"3f733707-88e7-4b91-adc3-30f4899adde9","ad931533-71ec-4192-bbfe-2f640401b177","Ioan Edwards","5","Very impressed","The motor provides smooth, natural assistance. You barely notice it working but hills that used to exhaust me are now effortless.","true","""2025-06-04T19:55:22.025Z"""
"961d561a-3e43-4d12-b58b-6000be24997a","ad931533-71ec-4192-bbfe-2f640401b177","Yuki Yamamoto","5","Top-notch product","Charges faster than expected. From empty to full in about 4-5 hours. Perfect to charge overnight.","true","""2025-06-17T19:55:22.025Z"""
"3786080c-3bab-4871-a225-34eb4b580f35","ad931533-71ec-4192-bbfe-2f640401b177","Eoin O'Connor","5","Really pleased","Build quality exceeded expectations at this price point. No cheap plastics or wobbly parts. Everything feels premium.","true","""2025-08-01T19:55:22.025Z"""
"2543a620-3b20-4057-a4ee-b29634b08f60","ad931533-71ec-4192-bbfe-2f640401b177","Sofia Garcia","5","Feels very sturdy","Rain hasn't been an issue. Everything is well-sealed and continues working perfectly. Confidence-inspiring in all weather.","true","""2025-06-05T19:55:22.025Z"""
"e7717f48-953e-4c42-86fa-347fa8898a8d","ad931533-71ec-4192-bbfe-2f640401b177","Dylan Williams","3","Great customer service","Can fit in the boot of my hatchback easily. Opens up possibilities for weekend rides in the countryside.","true","""2025-10-20T19:55:22.025Z"""
"aaf04716-5537-4ac9-b8a1-d361bb3937ed","ad931533-71ec-4192-bbfe-2f640401b177","Andrei Horvath","5","Comfortable ride","The LCD display is clear and easy to read in all conditions. Love being able to monitor speed and battery at a glance.","true","""2025-06-23T19:55:22.026Z"""
"be973334-6af9-4b51-8224-e6db6a0579dd","ad931533-71ec-4192-bbfe-2f640401b177","Eilidh Ferguson","4","Highly recommend","Perfect for my train commute. Folds small enough that it doesn't bother other passengers during rush hour.","false","""2025-06-06T19:55:22.026Z"""
"76363801-2932-4912-a6ce-0282437508f0","ad931533-71ec-4192-bbfe-2f640401b177","Oliver Cooper","5","Great for hills","Saddle is surprisingly comfortable. I've done 30-mile rides without any discomfort. Gear shifting is smooth and precise too.","true","""2025-08-01T19:55:22.026Z"""
"3964f79b-066c-474a-86d4-17a38b363a44","ad931533-71ec-4192-bbfe-2f640401b177","Hamish MacLeod","5","Fantastic range","Surprisingly quiet motor. My old Electric bike sounded like a lawnmower. This one is almost silent - very refined.","true","""2025-08-16T19:55:22.026Z"""
"b22167d2-a76c-40e5-a6e0-75b3919e7fb5","ad931533-71ec-4192-bbfe-2f640401b177","Ciara Walsh","5","Excellent starter bike","This has genuinely changed my lifestyle. Haven't driven to work in two months. Saving money and getting fitter simultaneously.","true","""2025-09-01T19:55:22.026Z"""
"bab14b55-5fff-42ac-9537-692eb57164db","ad931533-71ec-4192-bbfe-2f640401b177","Isha Mehta","5","Quality exceeds the price","Perfect for my hilly commute. What used to take 45 minutes of sweaty pedalling now takes 25 minutes and I arrive fresh.","true","""2025-09-18T19:55:22.026Z"""
"d757df45-7efd-4938-8f07-d2c6fd0b33c6","ad931533-71ec-4192-bbfe-2f640401b177","Luis Rodriguez","5","Love everything about it","Surprisingly agile despite the weight. Easy to navigate through tight spaces and park conveniently.","true","""2025-08-23T19:55:22.026Z"""
"5286d910-0d95-44be-bb92-0a833f64b971","ad931533-71ec-4192-bbfe-2f640401b177","Diego Rodriguez","4","Highly recommend","The mudguards actually work. Stay clean and dry even through puddles. Small detail but makes a big difference.","true","""2025-07-01T19:55:22.026Z"""
"a16e472d-8dda-46b2-8578-a20de960adc0","ad931533-71ec-4192-bbfe-2f640401b177","Mason Price","4","Excellent starter bike","Stores under my desk at work. Saves paying for cycle parking and keeps it safe. Unfolding is just as quick.","true","""2025-10-29T19:55:22.026Z"""
"204bf347-a410-4db7-8d5f-b73e57044e17","ad931533-71ec-4192-bbfe-2f640401b177","Liam Robertson","5","Impressive performance","The weight is well-balanced. Easy to manoeuvre despite being heavier than a standard bike. Handles beautifully.","true","""2025-10-05T19:55:22.026Z"""
"f1cb8624-fce0-4e34-8fae-13d683a287a5","ad931533-71ec-4192-bbfe-2f640401b177","Fraser MacKenzie","5","Responsive and smooth","Can fit in the boot of my hatchback easily. Opens up possibilities for weekend rides in the countryside.","true","""2025-06-15T19:55:22.026Z"""
"bb493796-c1b3-42cc-a9ca-619e9eb93276","ad931533-71ec-4192-bbfe-2f640401b177","Charlie Sanders","4","Good for longer rides","Can fit in the boot of my hatchback easily. Opens up possibilities for weekend rides in the countryside.","true","""2025-09-19T19:55:22.026Z"""
"962d2c96-5139-42c8-9243-e13834847409","ad931533-71ec-4192-bbfe-2f640401b177","Pavel Kowalski","5","Just what I needed","Perfect for my train commute. Folds small enough that it doesn't bother other passengers during rush hour.","true","""2025-08-09T19:55:22.026Z"""
"fad5e08b-c74d-4e56-be51-c2bccbb9fe3e","ad931533-71ec-4192-bbfe-2f640401b177","Henry Richardson","5","Responsive and smooth","Perfect for my train commute. Folds small enough that it doesn't bother other passengers during rush hour.","true","""2025-10-05T19:55:22.026Z"""
"8a178443-7460-4842-8a28-cb94095b28a4","ad931533-71ec-4192-bbfe-2f640401b177","Rohan Ahmed","5","Responsive and smooth","Assembly was straightforward. Clear instructions and all necessary tools included. Was ready to ride in under half an hour.","true","""2025-06-18T19:55:22.026Z"""
"c146884f-d0ac-4598-90d0-f3e1fc410f71","ad931533-71ec-4192-bbfe-2f640401b177","Emily Coleman","5","Fantastic range","This has paid for itself already in saved train fares. The financial case is compelling even before health benefits.","true","""2025-11-12T19:55:22.026Z"""
"fdc241ad-0f2c-4d99-8498-1703bc2da287","ad931533-71ec-4192-bbfe-2f640401b177","Harry Reed","5","Excellent starter bike","The LCD display is clear and easy to read in all conditions. Love being able to monitor speed and battery at a glance.","true","""2025-09-16T19:55:22.026Z"""
"fe257653-f590-4ddb-8a50-348d37cc87c9","ad931533-71ec-4192-bbfe-2f640401b177","Lily Foster","5","Fantastic range","The hinges feel solid with no play. Despite folding, it rides like a regular bike - no flex or wobble whatsoever.","true","""2025-07-04T19:55:22.026Z"""
"fbc5f575-8e26-42ef-b97b-6a760f19d365","ad931533-71ec-4192-bbfe-2f640401b177","Petra Popov","5","Happy commuter here","Folding mechanism is brilliant. Takes literally 15 seconds. No fumbling or forcing required - just clicks into place.","true","""2025-07-10T19:55:22.026Z"""
"b833f9ab-30f9-4a84-a497-a86f05229b6d","ad931533-71ec-4192-bbfe-2f640401b177","Callum Gordon","5","Comfortable ride","Surprisingly quiet motor. My old Electric bike sounded like a lawnmower. This one is almost silent - very refined.","true","""2025-08-16T19:55:22.026Z"""
"a453f333-8905-468e-9bbe-4de8bf10e460","ad931533-71ec-4192-bbfe-2f640401b177","Megan Price","4","Really pleased","Perfect for my train commute. Folds small enough that it doesn't bother other passengers during rush hour.","true","""2025-07-03T19:55:22.026Z"""
"6cb0a032-a390-4eef-956b-adeb2a9dd7a1","ad931533-71ec-4192-bbfe-2f640401b177","Zara Patel","5","Comfortable ride","Suspension works brilliantly. Absorbs bumps effectively without feeling bouncy. Much more comfortable than my old rigid bike.","false","""2025-08-11T19:55:22.026Z"""
"3f4d1d62-727b-409c-bf92-583e90324e39","ad931533-71ec-4192-bbfe-2f640401b177","Aryan Sharma","5","Comfortable ride","The LCD display is clear and easy to read in all conditions. Love being able to monitor speed and battery at a glance.","false","""2025-06-06T19:55:22.026Z"""
"5cce07df-e9b7-41a3-bfac-ab989185db98","ad931533-71ec-4192-bbfe-2f640401b177","Henry Cox","5","Perfect size","Perfect for my hilly commute. What used to take 45 minutes of sweaty pedalling now takes 25 minutes and I arrive fresh.","true","""2025-11-10T19:55:22.026Z"""
"e5288223-ed48-4bc6-9474-b3c0d0454e90","ad931533-71ec-4192-bbfe-2f640401b177","Ciara Flynn","5","Impressive performance","Build quality exceeded expectations at this price point. No cheap plastics or wobbly parts. Everything feels premium.","true","""2025-10-29T19:55:22.026Z"""
"45b3be46-5403-4b65-8305-52af1f877cb1","ad931533-71ec-4192-bbfe-2f640401b177","Evan Griffiths","5","Highly recommend","Folding mechanism is brilliant. Takes literally 15 seconds. No fumbling or forcing required - just clicks into place.","true","""2025-06-19T19:55:22.026Z"""
"d7c0f577-9faa-4fb7-85c0-4c47b030aef9","ad931533-71ec-4192-bbfe-2f640401b177","Mihai Ionescu","4","Smooth and powerful","My colleagues have been asking about it constantly. Two have already bought one based on my recommendation.","true","""2025-08-27T19:55:22.026Z"""
"35e25884-c69d-4986-8b1c-503adc002b08","ad931533-71ec-4192-bbfe-2f640401b177","Emma Richardson","5","Ideal for my needs","The bell is louder than expected - in a good way! Pedestrians actually hear it first time.","true","""2025-05-29T19:55:22.026Z"""
"d4806a85-a70d-4e92-b9d1-b5f2762064ef","ad931533-71ec-4192-bbfe-2f640401b177","Layla Singh","5","Better than expected","Gears shift smoothly under power. Some cheaper bikes require you to stop pedalling - not this one. Very convenient.","true","""2025-09-15T19:55:22.026Z"""
"b9dee539-7b37-4314-ba67-200997fd998f","ad931533-71ec-4192-bbfe-2f640401b177","Chen Yamamoto","5","Great customer service","Surprisingly agile despite the weight. Easy to navigate through tight spaces and park conveniently.","true","""2025-06-08T19:55:22.026Z"""
"2e34d900-6774-483f-b704-364508507cbe","ad931533-71ec-4192-bbfe-2f640401b177","Aryan Ali","5","Quality exceeds the price","The mudguards actually work. Stay clean and dry even through puddles. Small detail but makes a big difference.","true","""2025-09-22T19:55:22.026Z"""
"bb97d79b-13e6-4e75-a80a-1ec1dd9fce3a","ad931533-71ec-4192-bbfe-2f640401b177","Amara Okoro","5","Really pleased","After six months of daily use, I have zero complaints. No mechanical issues whatsoever. Just regular maintenance needed.","true","""2025-11-03T19:55:22.026Z"""
"c4ca1e71-b965-4c2a-8f96-f3bf546b2ab7","ad931533-71ec-4192-bbfe-2f640401b177","Ravi Patel","5","Battery life is amazing","Folding mechanism is brilliant. Takes literally 15 seconds. No fumbling or forcing required - just clicks into place.","true","""2025-06-30T19:55:22.026Z"""
"2079de80-62a6-484a-b11b-d3062309ab2a","ad931533-71ec-4192-bbfe-2f640401b177","Kenji Suzuki","5","Comfortable ride","Can fit in the boot of my hatchback easily. Opens up possibilities for weekend rides in the countryside.","true","""2025-06-23T19:55:22.026Z"""
"06360600-e5d9-440e-a850-403bbeb46f89","ad931533-71ec-4192-bbfe-2f640401b177","James Barnes","5","Absolutely brilliant purchase","The throttle mode is brilliant for starting from lights. Get moving quickly without having to pedal hard in traffic.","true","""2025-07-02T19:55:22.026Z"""
"c342c898-8f3a-42ba-87c2-c5b9ee61f2c4","ad931533-71ec-4192-bbfe-2f640401b177","Min-Jun Park","5","Best investment I've made","The hinges feel solid with no play. Despite folding, it rides like a regular bike - no flex or wobble whatsoever.","false","""2025-11-08T19:55:22.026Z"""
"b7f236fe-f913-4d45-9e01-f03ff7d12ba6","ad931533-71ec-4192-bbfe-2f640401b177","Sean Doyle","2","Delighted with purchase","The integrated lights look sleek and work brilliantly. No fumbling with removable lights anymore.","true","""2025-08-10T19:55:22.026Z"""
"60c82e39-8541-4b89-a4d9-fd9309976194","ad931533-71ec-4192-bbfe-2f640401b177","Zara Ali","5","Really pleased","Stores under my desk at work. Saves paying for cycle parking and keeps it safe. Unfolding is just as quick.","true","""2025-09-01T19:55:22.026Z"""
"d31c03cb-6845-4b03-ac38-89ffc9d40571","ad931533-71ec-4192-bbfe-2f640401b177","Samuel Watson","4","Great for hills","Eco mode extends the range impressively. Easily get 50+ miles if you're not rushing. Perfect for weekend rides.","true","""2025-07-14T19:55:22.026Z"""
"eac9a0e7-5072-4953-9187-0a9b6cc088f0","ad931533-71ec-4192-bbfe-2f640401b177","Layla Hassan","5","Top-notch product","Build quality exceeded expectations at this price point. No cheap plastics or wobbly parts. Everything feels premium.","true","""2025-09-28T19:55:22.026Z"""
"a8753ef8-64dd-4df1-a429-55fc16060127","ad931533-71ec-4192-bbfe-2f640401b177","Noah Phillips","5","Battery life is amazing","The hinges feel solid with no play. Despite folding, it rides like a regular bike - no flex or wobble whatsoever.","true","""2025-06-11T19:55:22.026Z"""
"58fcad14-2196-4250-bc3c-f902a85a0d2e","ad931533-71ec-4192-bbfe-2f640401b177","Oliver Watson","2","Outstanding value","The tyres grip well in all conditions. Confident cornering even on wet roads. Feel very planted and stable.","true","""2025-06-29T19:55:22.026Z"""
"212a934e-b6ea-4540-8c98-30fe5fbb785b","ad931533-71ec-4192-bbfe-2f640401b177","Daniel Murphy","5","Really pleased","Folding mechanism is brilliant. Takes literally 15 seconds. No fumbling or forcing required - just clicks into place.","true","""2025-08-03T19:55:22.026Z"""
"d578d696-ff63-499a-8403-8c07fbac1dba","ad931533-71ec-4192-bbfe-2f640401b177","Valentina Morales","5","Great customer service","The LCD display is clear and easy to read in all conditions. Love being able to monitor speed and battery at a glance.","true","""2025-10-15T19:55:22.026Z"""
"b27e4282-8e5b-4efd-9c79-e44abb4fba31","ad931533-71ec-4192-bbfe-2f640401b177","Angus Murray","4","Comfortable ride","Delivery was impressively quick. Arrived within two days, well packaged. Setup took about 20 minutes following the clear instructions provided.","true","""2025-10-27T19:55:22.026Z"""
"3fef0266-30c0-40ca-addd-53d6d42916d0","ad931533-71ec-4192-bbfe-2f640401b177","Hana Lee","4","Absolutely brilliant purchase","Arrived perfectly adjusted. Brakes, gears, everything worked perfectly straight out of the box. Very impressed with quality control.","true","""2025-06-06T19:55:22.026Z"""
"3a5e4a83-2da4-4066-a48c-d4c96aec98ea","ad931533-71ec-4192-bbfe-2f640401b177","Evan Williams","4","Folds up nicely","Brakes require minimal finger pressure. Very responsive without being grabby. Excellent modulation.","true","""2025-08-11T19:55:22.026Z"""
"6861181e-849e-4efa-9729-49d366fa5c2a","ad931533-71ec-4192-bbfe-2f640401b177","Lily Martin","5","Great for hills","Brakes require minimal finger pressure. Very responsive without being grabby. Excellent modulation.","true","""2025-11-15T19:55:22.026Z"""
"8f81dd23-ca4b-4c0c-b566-f16e28694c77","ad931533-71ec-4192-bbfe-2f640401b177","Ji-Hoon Park","5","Love everything about it","The hinges feel solid with no play. Despite folding, it rides like a regular bike - no flex or wobble whatsoever.","true","""2025-07-23T19:55:22.026Z"""
"8f049017-a89b-4962-a09e-d0c7758c87ea","7af16635-825a-4282-bdd7-8d7c07c0184a","Priya Sharma","5","Exceeded all expectations","The tyres grip well in all conditions. Confident cornering even on wet roads. Feel very planted and stable.","true","""2025-11-07T19:55:22.053Z"""
"bc54049e-cbdb-44ad-82ad-7614a78321f0","7af16635-825a-4282-bdd7-8d7c07c0184a","Kemi Mwangi","5","Best investment I've made","Ground clearance is generous. No pedal strikes even on rocky terrain. Well thought-out geometry for actual off-road use.","true","""2025-08-04T19:55:22.053Z"""
"c21b3f9e-bea7-4955-b799-9d7981b492e5","7af16635-825a-4282-bdd7-8d7c07c0184a","Evie Hughes","5","Really pleased","Took it on some proper trails last weekend - the suspension handled everything beautifully. Roots, rocks, drops - all absorbed smoothly.","true","""2025-06-25T19:55:22.053Z"""
"eb0baacf-c4e4-447e-ae86-7c6cf6827d10","7af16635-825a-4282-bdd7-8d7c07c0184a","Viktor Kozlov","5","Top-notch product","Exactly as described on the website. No nasty surprises. What you see is what you get, which is refreshing.","true","""2025-08-11T19:55:22.053Z"""
"04a31cf5-095f-40a3-839f-8e3c01f922c2","7af16635-825a-4282-bdd7-8d7c07c0184a","Isla Reid","5","Comfortable ride","The fat tyres provide incredible grip on loose surfaces. Confident descending on gravel and mud where my road bike would slip.","true","""2025-09-03T19:55:22.053Z"""
"a8053132-cdc0-482c-b738-04986a05f8e8","7af16635-825a-4282-bdd7-8d7c07c0184a","Oliver Hall","5","Happy commuter here","The wide handlebars give excellent control on technical sections. Feel very planted and confident on descents.","true","""2025-07-16T19:55:22.053Z"""
"ff6b1ed3-3dd3-4d07-9099-ab455e34fe9b","7af16635-825a-4282-bdd7-8d7c07c0184a","Grace Richardson","5","Impressive performance","Ground clearance is generous. No pedal strikes even on rocky terrain. Well thought-out geometry for actual off-road use.","true","""2025-09-06T19:55:22.053Z"""
"e708211d-cf5e-4a7d-99b8-9ee83dc71a9e","7af16635-825a-4282-bdd7-8d7c07c0184a","Ethan Jenkins","5","Better than expected","Disc brakes are essential off-road and these perform flawlessly. Powerful, progressive, reliable even when caked in mud.","true","""2025-06-08T19:55:22.053Z"""
"64b26830-1303-4686-bf9d-f6d204ba0a0d","7af16635-825a-4282-bdd7-8d7c07c0184a","Zara Khan","5","Couldn't be happier","No buyer's remorse whatsoever. This is everything I hoped it would be and more. Absolutely delighted.","false","""2025-07-06T19:55:22.053Z"""
"dd2b9772-d1d8-4053-96f1-2a5a409e1b5b","7af16635-825a-4282-bdd7-8d7c07c0184a","Kabir Khan","5","Love everything about it","Charges faster than expected. From empty to full in about 4-5 hours. Perfect to charge overnight.","true","""2025-10-02T19:55:22.053Z"""
"4fa547a1-de75-486b-a31a-8f8eeea6d704","7af16635-825a-4282-bdd7-8d7c07c0184a","Tao Park","5","Fantastic range","The fat tyres provide incredible grip on loose surfaces. Confident descending on gravel and mud where my road bike would slip.","true","""2025-09-10T19:55:22.053Z"""
"40eb17c9-93f0-47e8-9155-17f7cb98e71b","7af16635-825a-4282-bdd7-8d7c07c0184a","Conor O'Sullivan","5","Excellent build quality","Perfect for my hilly commute. What used to take 45 minutes of sweaty pedalling now takes 25 minutes and I arrive fresh.","true","""2025-06-30T19:55:22.053Z"""
"94d90b55-b80d-4901-97b8-2ab611674949","7af16635-825a-4282-bdd7-8d7c07c0184a","Amara Adeyemi","5","Easy to use","The integrated lights look sleek and work brilliantly. No fumbling with removable lights anymore.","true","""2025-09-20T19:55:22.053Z"""
"eaeb171a-47e1-4227-bc33-75bb546f3c12","7af16635-825a-4282-bdd7-8d7c07c0184a","Ava Wright","1","Smooth and powerful","The wide handlebars give excellent control on technical sections. Feel very planted and confident on descents.","true","""2025-06-27T19:55:22.053Z"""
"9541688b-7c4a-4eed-8f43-09f405b7d64b","7af16635-825a-4282-bdd7-8d7c07c0184a","Isha Ali","5","Worth every penny","Took it on some proper trails last weekend - the suspension handled everything beautifully. Roots, rocks, drops - all absorbed smoothly.","true","""2025-08-25T19:55:22.053Z"""
"82940414-0ea0-4d78-9ad5-e02c82bacd62","7af16635-825a-4282-bdd7-8d7c07c0184a","Noah Ross","5","Just what I needed","Rain hasn't been an issue. Everything is well-sealed and continues working perfectly. Confidence-inspiring in all weather.","false","""2025-05-30T19:55:22.053Z"""
"7c096913-d749-4093-b0ba-06712df134d2","7af16635-825a-4282-bdd7-8d7c07c0184a","Dylan Davies","1","Battery life is amazing","Gears shift smoothly under power. Some cheaper bikes require you to stop pedalling - not this one. Very convenient.","false","""2025-10-15T19:55:22.053Z"""
"6c585d5e-da62-49f8-92dc-edb6494e5230","7af16635-825a-4282-bdd7-8d7c07c0184a","Arjun Gupta","5","Exceeded all expectations","Disc brakes are essential off-road and these perform flawlessly. Powerful, progressive, reliable even when caked in mud.","true","""2025-08-07T19:55:22.053Z"""
"2b44d642-0ba6-465a-9e4f-2a37315fe2f2","7af16635-825a-4282-bdd7-8d7c07c0184a","Aisling Murphy","5","Fantastic range","The wide handlebars give excellent control on technical sections. Feel very planted and confident on descents.","true","""2025-05-28T19:55:22.053Z"""
"9f3ef062-c07f-46bc-922f-963bf0b24313","7af16635-825a-4282-bdd7-8d7c07c0184a","Hiroshi Suzuki","5","Best investment I've made","Charges faster than expected. From empty to full in about 4-5 hours. Perfect to charge overnight.","false","""2025-07-21T19:55:22.053Z"""
"3e2b689c-1cfa-44bd-bbf5-0de2875631f8","7af16635-825a-4282-bdd7-8d7c07c0184a","Isha Rao","5","Feels very sturdy","The folding mechanism is genius. Folds down in seconds and fits easily in my car boot or under my desk at work.","true","""2025-09-10T19:55:22.053Z"""
"8a5ae71d-1137-4565-b9e7-c9cbccb566df","7af16635-825a-4282-bdd7-8d7c07c0184a","Leo Cook","5","Folds up nicely","Gear range is perfect. Lowest gear handles steep hills, highest gear keeps up with traffic on flat roads.","true","""2025-09-25T19:55:22.053Z"""
"0fb51e11-c951-4ab7-bc84-23fe92c7ac6c","7af16635-825a-4282-bdd7-8d7c07c0184a","Bethan Evans","5","Absolutely brilliant purchase","Delivery was impressively quick. Arrived within two days, well packaged. Setup took about 20 minutes following the clear instructions provided.","true","""2025-07-13T19:55:22.053Z"""
"895a056c-f42b-42ee-a5b7-4557028d42d9","7af16635-825a-4282-bdd7-8d7c07c0184a","Logan MacDonald","5","Folds up nicely","This has genuinely changed my lifestyle. Haven't driven to work in two months. Saving money and getting fitter simultaneously.","true","""2025-10-28T19:55:22.053Z"""
"9b92706e-2de3-4897-97d6-684c102751ad","7af16635-825a-4282-bdd7-8d7c07c0184a","Duncan Fraser","5","Great for hills","Took it on some proper trails last weekend - the suspension handled everything beautifully. Roots, rocks, drops - all absorbed smoothly.","true","""2025-09-23T19:55:22.054Z"""
"c19a35a7-47b5-4ed3-922f-d40ab325d057","7af16635-825a-4282-bdd7-8d7c07c0184a","Fraser Reid","5","Impressive performance","The fat tyres provide incredible grip on loose surfaces. Confident descending on gravel and mud where my road bike would slip.","true","""2025-05-28T19:55:22.054Z"""
"556611fd-77fa-41ac-b69b-492665957e2b","7af16635-825a-4282-bdd7-8d7c07c0184a","James Morris","5","Couldn't be happier","The mudguards actually work. Stay clean and dry even through puddles. Small detail but makes a big difference.","true","""2025-08-09T19:55:22.054Z"""
"b59435da-540c-4a96-b0d3-8d098365e5b9","7af16635-825a-4282-bdd7-8d7c07c0184a","George Walker","5","Responsive and smooth","Customer service deserves special mention. Had a question about maintenance and received a detailed response within hours.","true","""2025-10-06T19:55:22.054Z"""
"dca0cc51-7b9c-46e1-853d-ebf3835e0be2","7af16635-825a-4282-bdd7-8d7c07c0184a","Layla Patel","5","Smooth and powerful","The wide handlebars give excellent control on technical sections. Feel very planted and confident on descents.","true","""2025-07-30T19:55:22.054Z"""
"f71ac1c0-385d-48eb-8e15-3a1fff36f673","7af16635-825a-4282-bdd7-8d7c07c0184a","Ruby Baker","5","Exceeded all expectations","The integrated lights look sleek and work brilliantly. No fumbling with removable lights anymore.","false","""2025-11-20T19:55:22.054Z"""
"48ea6858-277c-4b1b-9c1d-9dc57eb0c4cd","7af16635-825a-4282-bdd7-8d7c07c0184a","Eilidh Reid","5","Love everything about it","The rear rack is solid and takes panniers perfectly. Can carry a week's shopping without any wobble.","true","""2025-08-15T19:55:22.054Z"""
"06277518-e5c0-4b7d-9e44-24d6416a76a1","7af16635-825a-4282-bdd7-8d7c07c0184a","Emily Phillips","5","Great for hills","Love the removable battery. I can charge it at my desk whilst at work. So much more convenient than wheeling the whole bike inside.","true","""2025-09-23T19:55:22.054Z"""
"8e574692-7659-493b-b40d-d144acf8d473","7af16635-825a-4282-bdd7-8d7c07c0184a","Dylan Jones","5","Best investment I've made","Ground clearance is generous. No pedal strikes even on rocky terrain. Well thought-out geometry for actual off-road use.","true","""2025-09-21T19:55:22.054Z"""
"bfe89cc5-edc2-42f3-a249-217dce561764","7af16635-825a-4282-bdd7-8d7c07c0184a","Kemi Ogunleye","4","Excellent starter bike","The wide handlebars give excellent control on technical sections. Feel very planted and confident on descents.","true","""2025-07-11T19:55:22.054Z"""
"5edb7f7c-0039-4f57-b974-a42496014db5","7af16635-825a-4282-bdd7-8d7c07c0184a","Cian Byrne","5","Good for longer rides","Disc brakes are essential off-road and these perform flawlessly. Powerful, progressive, reliable even when caked in mud.","true","""2025-05-31T19:55:22.054Z"""
"fe4ee135-51d5-48fb-9811-10fb889aa96b","7af16635-825a-4282-bdd7-8d7c07c0184a","Yuki Liu","1","Ideal for my needs","The tyres grip well in all conditions. Confident cornering even on wet roads. Feel very planted and stable.","false","""2025-06-03T19:55:22.054Z"""
"b49b8c3b-f17b-4490-982a-f84ef8925d45","7af16635-825a-4282-bdd7-8d7c07c0184a","Alexander Barnes","4","Great for hills","Surprisingly quiet motor. My old Electric bike sounded like a lawnmower. This one is almost silent - very refined.","true","""2025-11-08T19:55:22.054Z"""
"7d0b9482-7ece-40d1-8f84-c4bee1048a19","7af16635-825a-4282-bdd7-8d7c07c0184a","Matthew Richardson","5","Highly recommend","The fat tyres provide incredible grip on loose surfaces. Confident descending on gravel and mud where my road bike would slip.","false","""2025-11-04T19:55:22.054Z"""
"ad2659df-7592-46f2-9616-ca192fbcd3ec","7af16635-825a-4282-bdd7-8d7c07c0184a","Freya Fraser","5","Excellent starter bike","Rain hasn't been an issue. Everything is well-sealed and continues working perfectly. Confidence-inspiring in all weather.","true","""2025-06-04T19:55:22.054Z"""
"fb91e96d-5e1a-45dc-ab7c-0e379474b462","7af16635-825a-4282-bdd7-8d7c07c0184a","Logan Murray","5","Very impressed","The rear rack is solid and takes panniers perfectly. Can carry a week's shopping without any wobble.","true","""2025-08-03T19:55:22.054Z"""
"5697fd4f-0181-4bea-9e1e-fe2bf10041eb","7af16635-825a-4282-bdd7-8d7c07c0184a","Lucas Scott","4","Love the design","The craftsmanship is evident. Welds are neat, paint is flawless. This is a bike built to last.","true","""2025-06-22T19:55:22.054Z"""
"2c89390c-e18a-4e69-bbd9-f05221632a70","7af16635-825a-4282-bdd7-8d7c07c0184a","Tariq Khalil","5","Battery life is amazing","No buyer's remorse whatsoever. This is everything I hoped it would be and more. Absolutely delighted.","true","""2025-08-07T19:55:22.054Z"""
"020ccd27-ce0d-4274-bb71-9c8d81cda3c2","7af16635-825a-4282-bdd7-8d7c07c0184a","Amelia Young","5","Excellent build quality","Took it on some proper trails last weekend - the suspension handled everything beautifully. Roots, rocks, drops - all absorbed smoothly.","true","""2025-07-21T19:55:22.054Z"""
"57ef5588-9a47-4d65-85f4-44feea6c2787","7af16635-825a-4282-bdd7-8d7c07c0184a","Aarav Khan","5","Exceeded all expectations","Took it on some proper trails last weekend - the suspension handled everything beautifully. Roots, rocks, drops - all absorbed smoothly.","true","""2025-08-22T19:55:22.054Z"""
"080fbd9b-7b7a-424d-b390-125683ce0a74","7af16635-825a-4282-bdd7-8d7c07c0184a","Ruby Barnes","5","Folds up nicely","I'm 6'2"" and it fits me comfortably with room to adjust. My partner is 5'4"" and can also ride it comfortably. Very adjustable.","true","""2025-09-17T19:55:22.054Z"""
"6cd62ade-e473-440b-8d02-8ab4b671d6ea","7af16635-825a-4282-bdd7-8d7c07c0184a","Diya Shah","5","Delighted with purchase","Took it on some proper trails last weekend - the suspension handled everything beautifully. Roots, rocks, drops - all absorbed smoothly.","true","""2025-07-22T19:55:22.054Z"""
"02e780f9-c540-4977-bb7e-5cd864e8f120","7af16635-825a-4282-bdd7-8d7c07c0184a","Mihai Kuznetsov","5","Very impressed","Gear range is perfect. Lowest gear handles steep hills, highest gear keeps up with traffic on flat roads.","true","""2025-08-11T19:55:22.054Z"""
"df2f350c-d6c9-4007-90e9-46993ee994bb","7af16635-825a-4282-bdd7-8d7c07c0184a","Diya Mehta","2","Perfect commuter bike","The wide handlebars give excellent control on technical sections. Feel very planted and confident on descents.","false","""2025-06-02T19:55:22.054Z"""
"1b45a878-ec3d-40c3-8a81-f6e16e1f63f7","7af16635-825a-4282-bdd7-8d7c07c0184a","Aoife Doyle","5","Good for longer rides","Charges faster than expected. From empty to full in about 4-5 hours. Perfect to charge overnight.","true","""2025-10-11T19:55:22.054Z"""
"82e5fe8b-f50a-4d67-aa00-facc29ed0fa4","7af16635-825a-4282-bdd7-8d7c07c0184a","Aisling O'Connor","5","Superb engineering","Surprisingly quiet motor. My old Electric bike sounded like a lawnmower. This one is almost silent - very refined.","true","""2025-09-22T19:55:22.054Z"""
"3091f122-cc2e-4952-a1ab-cac6904727f2","7af16635-825a-4282-bdd7-8d7c07c0184a","Natalia Novak","5","Great customer service","Perfect for my hilly commute. What used to take 45 minutes of sweaty pedalling now takes 25 minutes and I arrive fresh.","true","""2025-08-27T19:55:22.054Z"""
"52dedf08-f8cd-416c-867b-ec28345b861a","7af16635-825a-4282-bdd7-8d7c07c0184a","Diya Rao","3","Ideal for my needs","Gear range is perfect. Lowest gear handles steep hills, highest gear keeps up with traffic on flat roads.","true","""2025-10-04T19:55:22.054Z"""
"d6f44ebd-91af-400a-9523-c50b948aff7e","7af16635-825a-4282-bdd7-8d7c07c0184a","Aoife Byrne","5","Brilliant for city riding","I was hesitant about the price initially, but this has saved me hundreds in fuel costs already. Best decision I've made this year.","true","""2025-10-08T19:55:22.054Z"""
"7a2e6a34-c3de-4bc2-8b4f-20278f3f0e8f","7af16635-825a-4282-bdd7-8d7c07c0184a","Celyn Evans","5","Fantastic quality","Saddle is surprisingly comfortable. I've done 30-mile rides without any discomfort. Gear shifting is smooth and precise too.","true","""2025-11-07T19:55:22.054Z"""
"5ba39068-cabd-4624-ba39-ceb9dabdc192","7af16635-825a-4282-bdd7-8d7c07c0184a","Morgan Evans","5","Fantastic range","Disc brakes are essential off-road and these perform flawlessly. Powerful, progressive, reliable even when caked in mud.","true","""2025-09-22T19:55:22.054Z"""
"d3bde601-be1b-4e57-bb8e-7d1603fb084e","7af16635-825a-4282-bdd7-8d7c07c0184a","Ravi Reddy","4","Smooth and powerful","Arrived perfectly adjusted. Brakes, gears, everything worked perfectly straight out of the box. Very impressed with quality control.","true","""2025-08-24T19:55:22.054Z"""
"f6af7cdb-43a7-454c-a2a9-e1d724e99249","7af16635-825a-4282-bdd7-8d7c07c0184a","Aarav Ali","5","Impressive performance","Love that I can use it as a regular bike when I want exercise, or with assistance when I'm tired. Versatility is brilliant.","true","""2025-06-12T19:55:22.054Z"""
"d981936a-afb4-40b4-a278-50df49254efd","7af16635-825a-4282-bdd7-8d7c07c0184a","Isla Bennett","5","Highly recommend","Perfect for my hilly commute. What used to take 45 minutes of sweaty pedalling now takes 25 minutes and I arrive fresh.","true","""2025-07-24T19:55:22.054Z"""
"e856470d-ca4f-4e4e-a4d5-c95f8f02e97a","7af16635-825a-4282-bdd7-8d7c07c0184a","Hana Sato","4","Best investment I've made","Battery life has been fantastic. I do a 12-mile round trip daily and only charge twice a week. The range indicator is very accurate too.","true","""2025-09-27T19:55:22.054Z"""
"2e5098e0-6909-4a12-9b8e-0e2c1c27d36e","7af16635-825a-4282-bdd7-8d7c07c0184a","Ayodele Adeyemi","5","Folds up nicely","The motor provides smooth, natural assistance. You barely notice it working but hills that used to exhaust me are now effortless.","true","""2025-11-15T19:55:22.054Z"""
"6c580e86-c7db-45ac-8bd8-461973788114","7af16635-825a-4282-bdd7-8d7c07c0184a","Henry Reed","4","Fantastic range","Braking performance is excellent. Stops quickly and confidently even in wet conditions. Feel very safe riding in traffic.","true","""2025-08-11T19:55:22.054Z"""
"abcd76fe-6f53-4ab0-9d56-26a618dd631f","7af16635-825a-4282-bdd7-8d7c07c0184a","Keira Cameron","3","Motor is very quiet","Delivery was impressively quick. Arrived within two days, well packaged. Setup took about 20 minutes following the clear instructions provided.","true","""2025-09-01T19:55:22.054Z"""
"f1a36524-d6a3-4aec-812b-6104c0d36e19","7af16635-825a-4282-bdd7-8d7c07c0184a","Roisin O'Donnell","4","Ideal for my needs","Suspension works brilliantly. Absorbs bumps effectively without feeling bouncy. Much more comfortable than my old rigid bike.","true","""2025-11-11T19:55:22.054Z"""
"2792e3be-b79c-427b-aae9-4f73647a1ffb","7af16635-825a-4282-bdd7-8d7c07c0184a","Ruby Price","5","Folds up nicely","Gear range is perfect. Lowest gear handles steep hills, highest gear keeps up with traffic on flat roads.","true","""2025-10-10T19:55:22.054Z"""
"1852d867-5e84-431d-8ed2-327c41685eec","7af16635-825a-4282-bdd7-8d7c07c0184a","Daniel Sanders","5","Battery life is amazing","Assembly was straightforward. Clear instructions and all necessary tools included. Was ready to ride in under half an hour.","true","""2025-11-09T19:55:22.054Z"""
"450fde5d-c7f1-4c38-85b4-9248e3167d43","7af16635-825a-4282-bdd7-8d7c07c0184a","Hamish Ferguson","4","Love the design","Frame design is practical. Mounting and dismounting is easy, which matters when stopping frequently in town.","true","""2025-11-06T19:55:22.054Z"""
"06755493-8b26-442b-ace0-0506b9f1d7ea","7af16635-825a-4282-bdd7-8d7c07c0184a","Ife Adeyemi","4","Delighted with purchase","Customer service deserves special mention. Had a question about maintenance and received a detailed response within hours.","true","""2025-10-03T19:55:22.054Z"""
"7bd4c5d0-543e-4837-a8de-7c79f7a36034","7af16635-825a-4282-bdd7-8d7c07c0184a","Finn Kelly","4","Quality exceeds the price","Ground clearance is generous. No pedal strikes even on rocky terrain. Well thought-out geometry for actual off-road use.","true","""2025-06-25T19:55:22.054Z"""
"62f77ec8-fb5a-4578-a02b-97501995e4ec","7af16635-825a-4282-bdd7-8d7c07c0184a","Sean Walsh","5","Feels very sturdy","Took it on some proper trails last weekend - the suspension handled everything beautifully. Roots, rocks, drops - all absorbed smoothly.","true","""2025-08-11T19:55:22.054Z"""
"41d90aec-a3bb-4d60-9f0c-0883beb44931","7af16635-825a-4282-bdd7-8d7c07c0184a","Kwame Adeyemi","5","Better than expected","The rear rack is solid and takes panniers perfectly. Can carry a week's shopping without any wobble.","true","""2025-10-02T19:55:22.054Z"""
"18039a33-2a43-4a7a-8e5b-9b76b6d15713","7af16635-825a-4282-bdd7-8d7c07c0184a","Benjamin Scott","5","Happy commuter here","The fat tyres provide incredible grip on loose surfaces. Confident descending on gravel and mud where my road bike would slip.","true","""2025-09-22T19:55:22.054Z"""
"70f2b67a-8540-4df6-876d-bcda867126e9","7af16635-825a-4282-bdd7-8d7c07c0184a","Roisin Byrne","5","Delighted with purchase","Lights are bright and effective. Battery powers them without draining noticeably. Feel confident riding in darker months.","false","""2025-09-05T19:55:22.054Z"""
"9a778285-8108-4bb5-8a36-b93d8f06261a","7af16635-825a-4282-bdd7-8d7c07c0184a","Niamh McCarthy","5","Smooth and powerful","Took it on some proper trails last weekend - the suspension handled everything beautifully. Roots, rocks, drops - all absorbed smoothly.","true","""2025-07-13T19:55:22.054Z"""
"07aef700-e7fb-4f4e-ad7b-4164316baecd","7af16635-825a-4282-bdd7-8d7c07c0184a","Omar Reddy","4","Impressive performance","Love that I can use it as a regular bike when I want exercise, or with assistance when I'm tired. Versatility is brilliant.","true","""2025-08-21T19:55:22.054Z"""
"c95638d6-5c07-45d9-b233-c8190371280f","7af16635-825a-4282-bdd7-8d7c07c0184a","Meera Kumar","5","Absolutely brilliant purchase","Battery life has been fantastic. I do a 12-mile round trip daily and only charge twice a week. The range indicator is very accurate too.","true","""2025-10-30T19:55:22.054Z"""
"75c0a7ef-592c-4c2b-8eff-3bdd5fd6403a","7af16635-825a-4282-bdd7-8d7c07c0184a","Ananya Hassan","4","Folds up nicely","Arrived perfectly adjusted. Brakes, gears, everything worked perfectly straight out of the box. Very impressed with quality control.","true","""2025-07-12T19:55:22.054Z"""
"f95e477d-85b8-4566-99a8-4f2f742fc51d","7af16635-825a-4282-bdd7-8d7c07c0184a","Tunde Okafor","5","Responsive and smooth","Frame design is practical. Mounting and dismounting is easy, which matters when stopping frequently in town.","true","""2025-08-24T19:55:22.054Z"""
"ea60c6a3-6c3b-4517-8218-5f04a6dd229d","7af16635-825a-4282-bdd7-8d7c07c0184a","Diya Sharma","5","Top-notch product","Braking performance is excellent. Stops quickly and confidently even in wet conditions. Feel very safe riding in traffic.","true","""2025-10-21T19:55:22.054Z"""
"a700b634-7416-4b71-b87a-54af626e35c9","7af16635-825a-4282-bdd7-8d7c07c0184a","Isla Walker","5","Fantastic range","Puncture-resistant tyres have lived up to the name. Several months of daily use, zero flats. Impressive.","false","""2025-06-16T19:55:22.054Z"""
"7ecb04b8-07ef-4439-a1e8-2e40b18d25ab","7af16635-825a-4282-bdd7-8d7c07c0184a","Poppy King","4","Smooth and powerful","This has genuinely changed my lifestyle. Haven't driven to work in two months. Saving money and getting fitter simultaneously.","false","""2025-07-09T19:55:22.054Z"""
"ac0c04b6-2341-4592-a325-03932b3782cb","7af16635-825a-4282-bdd7-8d7c07c0184a","Ravi Ahmed","5","Fantastic quality","Disc brakes are essential off-road and these perform flawlessly. Powerful, progressive, reliable even when caked in mud.","true","""2025-08-10T19:55:22.054Z"""
"1c8901eb-77b7-41b1-8aad-830979f8d50c","7af16635-825a-4282-bdd7-8d7c07c0184a","Ciara O'Donnell","5","Best investment I've made","Delivery was impressively quick. Arrived within two days, well packaged. Setup took about 20 minutes following the clear instructions provided.","false","""2025-10-20T19:55:22.054Z"""
"df69ede5-53aa-4c2d-951a-1668488866b8","7af16635-825a-4282-bdd7-8d7c07c0184a","Matthew Price","5","Excellent starter bike","The tyres grip well in all conditions. Confident cornering even on wet roads. Feel very planted and stable.","true","""2025-08-02T19:55:22.054Z"""
"fad2df17-ef3e-49d4-9d33-9caae6f30324","7af16635-825a-4282-bdd7-8d7c07c0184a","Priya Desai","5","Fantastic quality","Build quality exceeded expectations at this price point. No cheap plastics or wobbly parts. Everything feels premium.","true","""2025-10-02T19:55:22.054Z"""
"9589cfc0-86de-4220-af85-b44167373e70","7af16635-825a-4282-bdd7-8d7c07c0184a","Ava White","5","Couldn't be happier","Customer support answered all my pre-purchase questions promptly. Made the buying decision much easier.","true","""2025-09-18T19:55:22.054Z"""
"869b2d16-8701-4be5-bd1a-b0b48bd9dae4","7af16635-825a-4282-bdd7-8d7c07c0184a","Owain Lloyd","4","Quality exceeds the price","The range is no exaggeration. Did a 45-mile ride last weekend and still had battery left. Perfect for longer adventures.","true","""2025-09-06T19:55:22.054Z"""
"7a75c3b6-0a3d-4e00-a080-933acf2efe3f","7af16635-825a-4282-bdd7-8d7c07c0184a","Ravi Rahman","5","Great for hills","Rain hasn't been an issue. Everything is well-sealed and continues working perfectly. Confidence-inspiring in all weather.","true","""2025-08-29T19:55:22.054Z"""
"22c4e8b6-d4b4-42a0-a8f7-00efb24b4123","7af16635-825a-4282-bdd7-8d7c07c0184a","Hiroshi Tanaka","5","Excellent starter bike","The wide handlebars give excellent control on technical sections. Feel very planted and confident on descents.","true","""2025-08-18T19:55:22.054Z"""
"40b810f4-c198-4af3-bfe2-3839d65e1b6c","7af16635-825a-4282-bdd7-8d7c07c0184a","Megan Lloyd","4","Perfect for daily use","This has paid for itself already in saved train fares. The financial case is compelling even before health benefits.","true","""2025-11-05T19:55:22.054Z"""
"647de6d5-8e37-44a9-9811-52f7c8eb0d6e","7af16635-825a-4282-bdd7-8d7c07c0184a","Rhys Edwards","5","Highly recommend","Lights are bright and effective. Battery powers them without draining noticeably. Feel confident riding in darker months.","true","""2025-10-13T19:55:22.054Z"""
"8d3c0519-bf75-449f-ba64-19fe7116ed53","7af16635-825a-4282-bdd7-8d7c07c0184a","Ji-Hoon Zhang","3","Perfect commuter bike","Suspension works brilliantly. Absorbs bumps effectively without feeling bouncy. Much more comfortable than my old rigid bike.","true","""2025-08-02T19:55:22.054Z"""
"091d7535-dfec-4f97-8c54-7d851598581e","7af16635-825a-4282-bdd7-8d7c07c0184a","William Coleman","5","Folds up nicely","Battery life has been fantastic. I do a 12-mile round trip daily and only charge twice a week. The range indicator is very accurate too.","true","""2025-08-12T19:55:22.054Z"""
"5ede897b-f7ef-49f8-8bcf-786415b1eb3d","7af16635-825a-4282-bdd7-8d7c07c0184a","Cerys Griffiths","5","Happy commuter here","The rear rack is solid and takes panniers perfectly. Can carry a week's shopping without any wobble.","true","""2025-09-05T19:55:22.054Z"""
"63f6c1ec-9208-40dc-88af-9905cc9c8aa7","7af16635-825a-4282-bdd7-8d7c07c0184a","Pavel Ivanova","4","Battery life is amazing","The tyres grip well in all conditions. Confident cornering even on wet roads. Feel very planted and stable.","true","""2025-09-24T19:55:22.054Z"""
"886b166b-847f-480e-b346-1ba9dfd4252e","7af16635-825a-4282-bdd7-8d7c07c0184a","Matthew King","5","Feels very sturdy","The mudguards actually work. Stay clean and dry even through puddles. Small detail but makes a big difference.","true","""2025-11-17T19:55:22.054Z"""
"cc239a9e-5245-48f7-8843-84959574a137","7af16635-825a-4282-bdd7-8d7c07c0184a","Amina Farouk","5","Quality exceeds the price","The folding mechanism is genius. Folds down in seconds and fits easily in my car boot or under my desk at work.","false","""2025-10-04T19:55:22.054Z"""
"dfae372c-50d4-41fb-bade-86ab31344735","7af16635-825a-4282-bdd7-8d7c07c0184a","Aoife Kennedy","5","Folds up nicely","I was hesitant about the price initially, but this has saved me hundreds in fuel costs already. Best decision I've made this year.","true","""2025-08-26T19:55:22.054Z"""
"84867f05-e91d-42c4-9a34-94d256d330b2","7af16635-825a-4282-bdd7-8d7c07c0184a","Oliver Barnes","4","Feels very sturdy","Perfect for my hilly commute. What used to take 45 minutes of sweaty pedalling now takes 25 minutes and I arrive fresh.","true","""2025-08-23T19:55:22.054Z"""
"9191d479-5509-4433-a0a4-df63e04f63ec","7af16635-825a-4282-bdd7-8d7c07c0184a","Maisie Ross","5","Happy commuter here","Braking performance is excellent. Stops quickly and confidently even in wet conditions. Feel very safe riding in traffic.","true","""2025-11-02T19:55:22.054Z"""
"80665107-f68d-4970-8522-16080e1cdcdc","7af16635-825a-4282-bdd7-8d7c07c0184a","Ananya Shah","5","Game-changer for my commute","Brakes require minimal finger pressure. Very responsive without being grabby. Excellent modulation.","true","""2025-11-10T19:55:22.054Z"""
"395c5887-3ec3-491d-b9a5-0030fa401e37","7af16635-825a-4282-bdd7-8d7c07c0184a","Mason Green","4","Excellent starter bike","The fat tyres provide incredible grip on loose surfaces. Confident descending on gravel and mud where my road bike would slip.","true","""2025-09-26T19:55:22.054Z"""
"5304ef0b-ca5d-4eaa-a171-e02e87e5f513","7af16635-825a-4282-bdd7-8d7c07c0184a","Henry Thompson","4","Easy to use","The wide handlebars give excellent control on technical sections. Feel very planted and confident on descents.","true","""2025-09-08T19:55:22.054Z"""
"9b045c39-dd50-45cf-8920-5470c652fe1a","7af16635-825a-4282-bdd7-8d7c07c0184a","Amelia Davies","5","Love the design","The throttle mode is brilliant for starting from lights. Get moving quickly without having to pedal hard in traffic.","true","""2025-11-01T19:55:22.054Z"""
"75d98f5d-d1cb-4142-846c-83a070790a53","7af16635-825a-4282-bdd7-8d7c07c0184a","Leo Phillips","5","Highly recommend","Took it on some proper trails last weekend - the suspension handled everything beautifully. Roots, rocks, drops - all absorbed smoothly.","true","""2025-09-05T19:55:22.054Z"""
"ec87a08c-ab7a-442c-88ac-74fe8a9fe10b","7af16635-825a-4282-bdd7-8d7c07c0184a","Yuki Wang","4","Superb engineering","The wide handlebars give excellent control on technical sections. Feel very planted and confident on descents.","true","""2025-10-06T19:55:22.054Z"""
"e77f618d-4e82-486c-8288-cb78a7084b49","7af16635-825a-4282-bdd7-8d7c07c0184a","Henry Sanders","5","Top-notch product","The build quality is exceptional. Everything feels solid and well-engineered. I've been using it daily for three months now and it still performs like new.","true","""2025-09-12T19:55:22.054Z"""
"35ec1b42-0575-4add-a182-77d63b998dfc","7af16635-825a-4282-bdd7-8d7c07c0184a","Aisha Malik","5","Better than expected","This has opened up so many new routes. Places that were too far or too hilly are now easily accessible. Loving the freedom.","true","""2025-07-11T19:55:22.054Z"""
"9f5f55c4-9ff8-4419-9547-71d82b7ce29f","7af16635-825a-4282-bdd7-8d7c07c0184a","Evan Evans","5","Love everything about it","Customer support answered all my pre-purchase questions promptly. Made the buying decision much easier.","true","""2025-08-31T19:55:22.054Z"""
"bf33f2e3-91b4-4d01-ae63-e6ad61beee9b","7af16635-825a-4282-bdd7-8d7c07c0184a","Layla Ahmed","4","Couldn't be happier","Customer support answered all my pre-purchase questions promptly. Made the buying decision much easier.","true","""2025-09-04T19:55:22.054Z"""
"21212f8a-afab-410f-97d9-77a1c25c5d65","7af16635-825a-4282-bdd7-8d7c07c0184a","Yuki Li","5","Feels very sturdy","Surprisingly agile despite the weight. Easy to navigate through tight spaces and park conveniently.","true","""2025-06-04T19:55:22.054Z"""
"aa334fde-5b38-4a05-ae01-38fcc2496005","7af16635-825a-4282-bdd7-8d7c07c0184a","Khalid Al-Sayed","3","Quality exceeds the price","Lights are bright and effective. Battery powers them without draining noticeably. Feel confident riding in darker months.","true","""2025-09-06T19:55:22.054Z"""
"39993478-1119-4fd4-9d5a-13289d5a7e2b","7af16635-825a-4282-bdd7-8d7c07c0184a","Kofi Nwosu","5","Better than expected","Disc brakes are essential off-road and these perform flawlessly. Powerful, progressive, reliable even when caked in mud.","true","""2025-06-02T19:55:22.054Z"""
"b5032121-870f-4148-b86e-6cf11497bc0c","7af16635-825a-4282-bdd7-8d7c07c0184a","Zara Okoro","5","Just what I needed","Puncture-resistant tyres have lived up to the name. Several months of daily use, zero flats. Impressive.","true","""2025-10-11T19:55:22.054Z"""
"02b957ba-74c6-4b32-97a9-7aeb6f51e824","7af16635-825a-4282-bdd7-8d7c07c0184a","Sakura Zhang","5","Fantastic quality","This has genuinely changed my lifestyle. Haven't driven to work in two months. Saving money and getting fitter simultaneously.","true","""2025-10-16T19:55:22.054Z"""
"48df66aa-d0be-4ff2-8d23-dcfd6f011df1","7af16635-825a-4282-bdd7-8d7c07c0184a","Roisin McCarthy","4","Superb engineering","The weight is well-balanced. Easy to manoeuvre despite being heavier than a standard bike. Handles beautifully.","true","""2025-05-29T19:55:22.054Z"""
"189ff679-8440-45bd-b9a2-1bfa8565d524","7af16635-825a-4282-bdd7-8d7c07c0184a","Eoin Murphy","5","Perfect size","This has opened up so many new routes. Places that were too far or too hilly are now easily accessible. Loving the freedom.","true","""2025-07-29T19:55:22.054Z"""
"718f1011-14fc-4fed-9874-3a9ebbdcd97e","7af16635-825a-4282-bdd7-8d7c07c0184a","Evan Jenkins","5","Good for longer rides","Disc brakes are essential off-road and these perform flawlessly. Powerful, progressive, reliable even when caked in mud.","true","""2025-10-14T19:55:22.054Z"""
"11da953b-4bd3-494d-b5a0-eea6b77d1e82","7af16635-825a-4282-bdd7-8d7c07c0184a","Megan Jenkins","5","Ideal for my needs","My colleagues have been asking about it constantly. Two have already bought one based on my recommendation.","true","""2025-08-21T19:55:22.054Z"""
"a1ad8de6-6b41-4260-98c8-91dbf13e9751","7af16635-825a-4282-bdd7-8d7c07c0184a","Declan O'Sullivan","4","Battery life is amazing","Assembly was straightforward. Clear instructions and all necessary tools included. Was ready to ride in under half an hour.","true","""2025-06-26T19:55:22.054Z"""
"cfaacaa7-faa3-46fc-bb8d-14ba40909248","7af16635-825a-4282-bdd7-8d7c07c0184a","Lin Chen","4","Just what I needed","Arrived perfectly adjusted. Brakes, gears, everything worked perfectly straight out of the box. Very impressed with quality control.","true","""2025-08-31T19:55:22.054Z"""
"7e18ac0d-2264-4ca4-a898-640ca0facc95","7af16635-825a-4282-bdd7-8d7c07c0184a","Min-Jun Zhang","4","Love the design","Saddle is surprisingly comfortable. I've done 30-mile rides without any discomfort. Gear shifting is smooth and precise too.","true","""2025-09-18T19:55:22.054Z"""
"6889ab13-ae26-432f-87d2-037ae959c679","7af16635-825a-4282-bdd7-8d7c07c0184a","Henry Morris","5","Love the design","Build quality exceeded expectations at this price point. No cheap plastics or wobbly parts. Everything feels premium.","true","""2025-11-13T19:55:22.054Z"""
"6982c2ec-967b-4bcc-8e01-9385e4a0d21a","7af16635-825a-4282-bdd7-8d7c07c0184a","Zofia Nowak","5","Excellent build quality","Frame design is practical. Mounting and dismounting is easy, which matters when stopping frequently in town.","true","""2025-09-04T19:55:22.054Z"""
"ada9afd2-5066-4a11-9b25-fba27fd73c7c","7af16635-825a-4282-bdd7-8d7c07c0184a","Aryan Rahman","5","Good for longer rides","Customer support answered all my pre-purchase questions promptly. Made the buying decision much easier.","true","""2025-11-02T19:55:22.054Z"""
"8f6c5937-7fa7-4c28-b20a-2085b215050c","7af16635-825a-4282-bdd7-8d7c07c0184a","William Evans","5","Game-changer for my commute","Build quality exceeded expectations at this price point. No cheap plastics or wobbly parts. Everything feels premium.","true","""2025-11-12T19:55:22.054Z"""
"a4944e9c-657f-4615-858f-39b49dfc4d3a","7af16635-825a-4282-bdd7-8d7c07c0184a","Tao Lee","2","Battery life is amazing","Brakes require minimal finger pressure. Very responsive without being grabby. Excellent modulation.","true","""2025-07-13T19:55:22.054Z"""
"4bc7e17d-2802-48d1-9b38-2c7f290fa988","7af16635-825a-4282-bdd7-8d7c07c0184a","Poppy Foster","5","Worth every penny","Eco mode extends the range impressively. Easily get 50+ miles if you're not rushing. Perfect for weekend rides.","true","""2025-06-17T19:55:22.054Z"""
"87af918d-2520-4d7b-91f1-f7f6dedbfaef","7af16635-825a-4282-bdd7-8d7c07c0184a","Chinwe Mwangi","5","Quality exceeds the price","Disc brakes are essential off-road and these perform flawlessly. Powerful, progressive, reliable even when caked in mud.","true","""2025-06-04T19:55:22.054Z"""
"42ff4e03-0821-4220-8553-e81d8098071e","7af16635-825a-4282-bdd7-8d7c07c0184a","Ioan Evans","3","Smooth and powerful","Kickstand is sturdy and reliable. Bike stays upright on any surface. Simple but essential feature that works perfectly.","true","""2025-11-01T19:55:22.054Z"""
"1e031111-7476-49b4-819f-981eef0b3bdc","7af16635-825a-4282-bdd7-8d7c07c0184a","Kemi Mensah","5","Solid and reliable","Ground clearance is generous. No pedal strikes even on rocky terrain. Well thought-out geometry for actual off-road use.","true","""2025-11-08T19:55:22.054Z"""
"3db87c6a-f714-45d3-8359-fd2ae56df543","7af16635-825a-4282-bdd7-8d7c07c0184a","Zofia Horvath","4","Excellent build quality","Kickstand is sturdy and reliable. Bike stays upright on any surface. Simple but essential feature that works perfectly.","true","""2025-10-24T19:55:22.054Z"""
"be3759bb-0816-490c-b508-8354786c667e","7af16635-825a-4282-bdd7-8d7c07c0184a","Rhys Lloyd","5","Perfect commuter bike","Disc brakes are essential off-road and these perform flawlessly. Powerful, progressive, reliable even when caked in mud.","true","""2025-08-27T19:55:22.054Z"""
"f8a12496-9550-4a8f-a45b-764ad7c5aed1","7af16635-825a-4282-bdd7-8d7c07c0184a","Samuel Barnes","5","Just what I needed","The throttle mode is brilliant for starting from lights. Get moving quickly without having to pedal hard in traffic.","true","""2025-11-02T19:55:22.054Z"""
"fa12ffb2-a424-4661-acc1-85c8d95d238a","7af16635-825a-4282-bdd7-8d7c07c0184a","Isabella Martin","5","Very impressed","The wide handlebars give excellent control on technical sections. Feel very planted and confident on descents.","false","""2025-09-11T19:55:22.054Z"""
"9379c1b0-b721-4b1f-9408-3b5f58c0eea7","7af16635-825a-4282-bdd7-8d7c07c0184a","Declan Byrne","4","Perfect size","Arrived perfectly adjusted. Brakes, gears, everything worked perfectly straight out of the box. Very impressed with quality control.","true","""2025-05-31T19:55:22.054Z"""
"2fd1c2ef-93e4-4ad5-98ba-9256770783de","7af16635-825a-4282-bdd7-8d7c07c0184a","Chloe Murphy","5","Ideal for my needs","Lights are bright and effective. Battery powers them without draining noticeably. Feel confident riding in darker months.","true","""2025-09-25T19:55:22.054Z"""
"ba7fa592-5633-4f74-adfc-f6733964744d","7af16635-825a-4282-bdd7-8d7c07c0184a","Fatima Reddy","4","Outstanding value","Took it on some proper trails last weekend - the suspension handled everything beautifully. Roots, rocks, drops - all absorbed smoothly.","false","""2025-06-23T19:55:22.054Z"""
"3ac2af5d-d69e-4e8d-8177-b11ded1a6f25","7af16635-825a-4282-bdd7-8d7c07c0184a","Eoin Walsh","5","Smooth and powerful","Frame design is practical. Mounting and dismounting is easy, which matters when stopping frequently in town.","true","""2025-07-28T19:55:22.054Z"""
"16f19f27-0a6d-4bfd-ad92-8d06481aa35e","7af16635-825a-4282-bdd7-8d7c07c0184a","Hana Zhang","5","Worth every penny","The wide handlebars give excellent control on technical sections. Feel very planted and confident on descents.","true","""2025-08-24T19:55:22.054Z"""
"c45abcd7-8b19-4246-ac7f-0e838d32aeba","7af16635-825a-4282-bdd7-8d7c07c0184a","Emily Jenkins","5","Battery life is amazing","The LCD display is clear and easy to read in all conditions. Love being able to monitor speed and battery at a glance.","false","""2025-06-12T19:55:22.054Z"""
"52af78ea-25e8-4138-8247-409e83d71194","7af16635-825a-4282-bdd7-8d7c07c0184a","Ffion Edwards","4","Perfect for daily use","Took it on some proper trails last weekend - the suspension handled everything beautifully. Roots, rocks, drops - all absorbed smoothly.","true","""2025-08-05T19:55:22.054Z"""
"b9ab38a8-1009-48fe-a77e-122f3bb5122e","7af16635-825a-4282-bdd7-8d7c07c0184a","Maisie Fraser","3","Perfect size","Charges faster than expected. From empty to full in about 4-5 hours. Perfect to charge overnight.","true","""2025-06-23T19:55:22.054Z"""
"7edc28af-1a6d-48b2-9db0-53a9c0973403","7af16635-825a-4282-bdd7-8d7c07c0184a","Sofia Martinez","5","Fantastic range","Eco mode extends the range impressively. Easily get 50+ miles if you're not rushing. Perfect for weekend rides.","true","""2025-11-01T19:55:22.054Z"""
"9d95f087-365e-4b7d-8db6-ad83e0679985","7af16635-825a-4282-bdd7-8d7c07c0184a","Bethan Owen","5","Perfect size","The weight is well-balanced. Easy to manoeuvre despite being heavier than a standard bike. Handles beautifully.","false","""2025-08-28T19:55:22.054Z"""
"83a04ee6-be31-4374-9dcd-b32ad8a6ebc3","7af16635-825a-4282-bdd7-8d7c07c0184a","Grace Bell","5","Perfect for daily use","After six months of daily use, I have zero complaints. No mechanical issues whatsoever. Just regular maintenance needed.","true","""2025-09-10T19:55:22.054Z"""
"ce80f281-90e9-4e25-80cd-57e22af812d2","7af16635-825a-4282-bdd7-8d7c07c0184a","Kabir Sharma","1","Comfortable ride","The LCD display is clear and easy to read in all conditions. Love being able to monitor speed and battery at a glance.","true","""2025-09-06T19:55:22.054Z"""
"afe38f4f-9837-418e-b3e8-43e76ff4bf54","7af16635-825a-4282-bdd7-8d7c07c0184a","Mei Suzuki","5","Motor is very quiet","Build quality exceeded expectations at this price point. No cheap plastics or wobbly parts. Everything feels premium.","true","""2025-10-04T19:55:22.054Z"""
"8c9e907a-546f-4cf5-bad0-e58b00ac7f81","9a7fe494-eeaf-4b47-939d-233bfbd01cff","Meera Gupta","5","Perfect for daily use","Surprisingly agile despite the weight. Easy to navigate through tight spaces and park conveniently.","true","""2025-09-16T19:55:22.089Z"""
"816c81a3-b87b-4e40-ad5c-84924feaa8e1","9a7fe494-eeaf-4b47-939d-233bfbd01cff","Aryan Patel","5","Perfect size","Perfect for my hilly commute. What used to take 45 minutes of sweaty pedalling now takes 25 minutes and I arrive fresh.","true","""2025-09-22T19:55:22.089Z"""
"0da411d2-1e87-40a0-9aa5-349068b689c1","9a7fe494-eeaf-4b47-939d-233bfbd01cff","Rhys Morgan","4","Impressive performance","The motor provides smooth, natural assistance. You barely notice it working but hills that used to exhaust me are now effortless.","true","""2025-08-30T19:55:22.089Z"""
"933f5612-16b1-4040-b32d-571bc1455c59","9a7fe494-eeaf-4b47-939d-233bfbd01cff","Poppy Wood","5","Best investment I've made","The range is no exaggeration. Did a 45-mile ride last weekend and still had battery left. Perfect for longer adventures.","true","""2025-09-07T19:55:22.089Z"""
"9be6a4e5-d4eb-4785-a2de-dcc5f4a186cd","9a7fe494-eeaf-4b47-939d-233bfbd01cff","Noah Evans","5","Top-notch product","Delivery was impressively quick. Arrived within two days, well packaged. Setup took about 20 minutes following the clear instructions provided.","true","""2025-08-20T19:55:22.089Z"""
"7bfc2042-69aa-465d-8bee-b496afcd02c1","9a7fe494-eeaf-4b47-939d-233bfbd01cff","Harry Ward","4","Easy to use","Frame design is practical. Mounting and dismounting is easy, which matters when stopping frequently in town.","true","""2025-09-08T19:55:22.089Z"""
"daf7dea0-8dc5-4f6b-86cb-55bbde110c22","9a7fe494-eeaf-4b47-939d-233bfbd01cff","Jack Hughes","5","Game-changer for my commute","Perfect for my hilly commute. What used to take 45 minutes of sweaty pedalling now takes 25 minutes and I arrive fresh.","true","""2025-07-08T19:55:22.089Z"""
"769c4551-58f8-41af-b54d-94f9cc08e129","9a7fe494-eeaf-4b47-939d-233bfbd01cff","Leila Al-Sayed","5","Folds up nicely","The craftsmanship is evident. Welds are neat, paint is flawless. This is a bike built to last.","false","""2025-06-27T19:55:22.089Z"""
"7ea07126-3946-4cb7-a672-9693f31f2dd3","9a7fe494-eeaf-4b47-939d-233bfbd01cff","Lin Yamamoto","5","Motor is very quiet","Kickstand is sturdy and reliable. Bike stays upright on any surface. Simple but essential feature that works perfectly.","true","""2025-06-19T19:55:22.089Z"""
"5dd296bb-318c-4f18-8548-585971cbeb04","9a7fe494-eeaf-4b47-939d-233bfbd01cff","Hana Park","4","Couldn't be happier","Can fit in the boot of my hatchback easily. Opens up possibilities for weekend rides in the countryside.","true","""2025-08-08T19:55:22.089Z"""
"37ddd50b-8b19-4af6-b451-e24f487dd303","9a7fe494-eeaf-4b47-939d-233bfbd01cff","Kofi Balogun","5","Feels very sturdy","I was hesitant about the price initially, but this has saved me hundreds in fuel costs already. Best decision I've made this year.","true","""2025-10-10T19:55:22.089Z"""
"3f63675f-3efc-4e2c-ad5e-108e8c767a01","9a7fe494-eeaf-4b47-939d-233bfbd01cff","Emma Reed","5","Couldn't be happier","Folding mechanism is brilliant. Takes literally 15 seconds. No fumbling or forcing required - just clicks into place.","true","""2025-06-24T19:55:22.089Z"""
"c387e133-613c-4fb6-9867-91e619095a05","9a7fe494-eeaf-4b47-939d-233bfbd01cff","Isla Cooper","5","Quality exceeds the price","The rear rack is solid and takes panniers perfectly. Can carry a week's shopping without any wobble.","false","""2025-07-22T19:55:22.089Z"""
"775b0086-484d-4380-ab4e-9fc64d2b041d","9a7fe494-eeaf-4b47-939d-233bfbd01cff","Eoin O'Sullivan","5","Good for longer rides","Build quality exceeded expectations at this price point. No cheap plastics or wobbly parts. Everything feels premium.","true","""2025-10-10T19:55:22.089Z"""
"187be2b8-78da-46f6-b39c-7b7e4c054361","9a7fe494-eeaf-4b47-939d-233bfbd01cff","Lucas Brooks","5","Quality exceeds the price","Surprisingly quiet motor. My old Electric bike sounded like a lawnmower. This one is almost silent - very refined.","false","""2025-10-25T19:55:22.089Z"""
"cbef8a41-337d-44a5-860e-03b0adae892f","9a7fe494-eeaf-4b47-939d-233bfbd01cff","Duncan Reid","5","Outstanding value","Exactly as described on the website. No nasty surprises. What you see is what you get, which is refreshing.","true","""2025-10-01T19:55:22.089Z"""
"060a2f63-5b32-4ca9-8659-6e616adcd7b2","9a7fe494-eeaf-4b47-939d-233bfbd01cff","Dylan Evans","3","Top-notch product","Charges faster than expected. From empty to full in about 4-5 hours. Perfect to charge overnight.","true","""2025-06-03T19:55:22.089Z"""
"d11053dc-bb98-4c9e-8f01-ab6a34903744","9a7fe494-eeaf-4b47-939d-233bfbd01cff","Henry Clark","5","Quality exceeds the price","Folding mechanism is brilliant. Takes literally 15 seconds. No fumbling or forcing required - just clicks into place.","true","""2025-09-06T19:55:22.089Z"""
"cefe5d9a-1a26-4971-b2f8-6c8c5867394f","9a7fe494-eeaf-4b47-939d-233bfbd01cff","Aisling O'Sullivan","5","Just what I needed","Customer service deserves special mention. Had a question about maintenance and received a detailed response within hours.","true","""2025-06-27T19:55:22.089Z"""
"c7ba8a22-b022-4184-933b-23d0aafcd3c4","9a7fe494-eeaf-4b47-939d-233bfbd01cff","Aryan Desai","5","Just what I needed","Eco mode extends the range impressively. Easily get 50+ miles if you're not rushing. Perfect for weekend rides.","true","""2025-09-23T19:55:22.089Z"""
"3e97b6e2-d4f5-4c51-9a93-da1a3ea9eb04","9a7fe494-eeaf-4b47-939d-233bfbd01cff","Skye Stewart","5","Easy to use","This has paid for itself already in saved train fares. The financial case is compelling even before health benefits.","true","""2025-11-12T19:55:22.089Z"""
"91c4d5c9-539a-48a9-bc22-9419017c219b","9a7fe494-eeaf-4b47-939d-233bfbd01cff","Ffion Rees","5","Absolutely brilliant purchase","The folding mechanism is genius. Folds down in seconds and fits easily in my car boot or under my desk at work.","true","""2025-09-26T19:55:22.089Z"""
"a1b323c7-149a-4969-83dc-46a6a15dcc85","9a7fe494-eeaf-4b47-939d-233bfbd01cff","Gareth Owen","5","Absolutely brilliant purchase","The craftsmanship is evident. Welds are neat, paint is flawless. This is a bike built to last.","true","""2025-06-08T19:55:22.089Z"""
"62cfc139-2aed-4bce-a266-aa6f5f250122","9a7fe494-eeaf-4b47-939d-233bfbd01cff","Petra Ionescu","5","Really pleased","Perfect for my hilly commute. What used to take 45 minutes of sweaty pedalling now takes 25 minutes and I arrive fresh.","true","""2025-10-20T19:55:22.089Z"""
"7e60e034-02b9-495a-8983-e029d5aa7632","9a7fe494-eeaf-4b47-939d-233bfbd01cff","Fatima Singh","4","Great customer service","Love the removable battery. I can charge it at my desk whilst at work. So much more convenient than wheeling the whole bike inside.","true","""2025-08-26T19:55:22.089Z"""
"df8b56b2-05ca-454a-ac46-12c2c6c47583","9a7fe494-eeaf-4b47-939d-233bfbd01cff","Aarav Ahmed","4","Ideal for my needs","Folding mechanism is brilliant. Takes literally 15 seconds. No fumbling or forcing required - just clicks into place.","true","""2025-08-08T19:55:22.089Z"""
"a4f69dca-4015-48bb-9bdc-63fa2e119d9b","9a7fe494-eeaf-4b47-939d-233bfbd01cff","Zara Kumar","5","Exceeded all expectations","Surprisingly agile despite the weight. Easy to navigate through tight spaces and park conveniently.","true","""2025-11-13T19:55:22.089Z"""
"7232f778-fb0e-4c8f-83e7-e3d0525abe2a","9a7fe494-eeaf-4b47-939d-233bfbd01cff","Duncan MacKenzie","5","Just what I needed","The hinges feel solid with no play. Despite folding, it rides like a regular bike - no flex or wobble whatsoever.","true","""2025-10-14T19:55:22.089Z"""
"0f8bffaf-47c0-4eb5-b6a4-ed25adfec04a","9a7fe494-eeaf-4b47-939d-233bfbd01cff","Conor Walsh","5","Great customer service","Love that I can use it as a regular bike when I want exercise, or with assistance when I'm tired. Versatility is brilliant.","true","""2025-10-23T19:55:22.089Z"""
"edd78d14-9829-42e2-bc75-78f91ad22ce5","9a7fe494-eeaf-4b47-939d-233bfbd01cff","Lily Barnes","5","Impressive performance","The tyres grip well in all conditions. Confident cornering even on wet roads. Feel very planted and stable.","true","""2025-08-10T19:55:22.089Z"""
"dae5a200-a5c7-4b26-95d8-0f381d80daca","9a7fe494-eeaf-4b47-939d-233bfbd01cff","Liam Walsh","4","Fantastic range","Puncture-resistant tyres have lived up to the name. Several months of daily use, zero flats. Impressive.","true","""2025-11-21T19:55:22.089Z"""
"ca2d1b3d-19b3-4da7-83bb-aa3bc94d0b4d","9a7fe494-eeaf-4b47-939d-233bfbd01cff","Benjamin Watson","5","Better than expected","Braking performance is excellent. Stops quickly and confidently even in wet conditions. Feel very safe riding in traffic.","true","""2025-07-04T19:55:22.089Z"""
"c6c3661c-6be1-48ab-abcb-abb36b1fb0b8","9a7fe494-eeaf-4b47-939d-233bfbd01cff","Ruby Reed","5","Superb engineering","Brakes require minimal finger pressure. Very responsive without being grabby. Excellent modulation.","false","""2025-10-10T19:55:22.089Z"""
"c2ed578b-0613-41dc-a3b6-2df920bcb127","9a7fe494-eeaf-4b47-939d-233bfbd01cff","Charlotte Price","5","Delighted with purchase","The bell is louder than expected - in a good way! Pedestrians actually hear it first time.","true","""2025-09-11T19:55:22.089Z"""
"961fb313-88ea-4a13-8e83-b3aa290cae2e","9a7fe494-eeaf-4b47-939d-233bfbd01cff","Mihai Volkov","4","Responsive and smooth","Eco mode extends the range impressively. Easily get 50+ miles if you're not rushing. Perfect for weekend rides.","true","""2025-09-25T19:55:22.089Z"""
"570e71fd-2bb8-4c69-b14b-921287afcdf4","9a7fe494-eeaf-4b47-939d-233bfbd01cff","Emma Mitchell","4","Worth every penny","The tyres grip well in all conditions. Confident cornering even on wet roads. Feel very planted and stable.","true","""2025-09-18T19:55:22.089Z"""
"aeb602c4-d3fe-4338-a986-1ec6e3ed777a","9a7fe494-eeaf-4b47-939d-233bfbd01cff","Daniel Foster","5","Good for longer rides","The craftsmanship is evident. Welds are neat, paint is flawless. This is a bike built to last.","true","""2025-09-27T19:55:22.089Z"""
"a2c3d99c-029a-4139-b91b-74b9f1d82bea","9a7fe494-eeaf-4b47-939d-233bfbd01cff","Ruby Bennett","5","Motor is very quiet","The hinges feel solid with no play. Despite folding, it rides like a regular bike - no flex or wobble whatsoever.","false","""2025-06-12T19:55:22.089Z"""
"f5e5c988-b442-4ace-968a-4ae517ec5d1f","9a7fe494-eeaf-4b47-939d-233bfbd01cff","Isla Turner","5","Exceeded all expectations","This has paid for itself already in saved train fares. The financial case is compelling even before health benefits.","true","""2025-06-30T19:55:22.089Z"""
"f7435ae6-e94a-4837-bd96-370928190269","9a7fe494-eeaf-4b47-939d-233bfbd01cff","Rhys Williams","5","Ideal for my needs","The craftsmanship is evident. Welds are neat, paint is flawless. This is a bike built to last.","true","""2025-09-18T19:55:22.089Z"""
"84226a22-7d11-414d-9e9e-0547a1b7e0f3","9a7fe494-eeaf-4b47-939d-233bfbd01cff","Meera Reddy","5","Very impressed","Saddle is surprisingly comfortable. I've done 30-mile rides without any discomfort. Gear shifting is smooth and precise too.","true","""2025-09-01T19:55:22.089Z"""
"fbda1a8c-7cf3-433d-96ee-6f095038422a","9a7fe494-eeaf-4b47-939d-233bfbd01cff","Lin Lee","4","Superb engineering","The hinges feel solid with no play. Despite folding, it rides like a regular bike - no flex or wobble whatsoever.","true","""2025-08-18T19:55:22.089Z"""
"cb82ef40-0834-440a-973e-0144c18791d5","9a7fe494-eeaf-4b47-939d-233bfbd01cff","Kwesi Balogun","5","Absolutely brilliant purchase","Stores under my desk at work. Saves paying for cycle parking and keeps it safe. Unfolding is just as quick.","true","""2025-09-24T19:55:22.089Z"""
"147a029b-85fe-4c8e-9b86-4dafb932a9f7","9a7fe494-eeaf-4b47-939d-233bfbd01cff","Eoin O'Donnell","1","Better than expected","Battery life has been fantastic. I do a 12-mile round trip daily and only charge twice a week. The range indicator is very accurate too.","false","""2025-05-31T19:55:22.089Z"""
"64c1a1cb-8ba1-4f80-9c7a-499216568a68","9a7fe494-eeaf-4b47-939d-233bfbd01cff","Amara Mwangi","5","Happy commuter here","Eco mode extends the range impressively. Easily get 50+ miles if you're not rushing. Perfect for weekend rides.","true","""2025-06-09T19:55:22.089Z"""
"7a0b3bcf-370f-412e-a7e0-b64c00231eb4","9a7fe494-eeaf-4b47-939d-233bfbd01cff","Roisin Kelly","5","Top-notch product","Suspension works brilliantly. Absorbs bumps effectively without feeling bouncy. Much more comfortable than my old rigid bike.","true","""2025-10-01T19:55:22.089Z"""
"e71fb3a0-2c4f-43b4-9f69-71bd9cdce029","9a7fe494-eeaf-4b47-939d-233bfbd01cff","Gareth Jones","3","Excellent build quality","Kickstand is sturdy and reliable. Bike stays upright on any surface. Simple but essential feature that works perfectly.","false","""2025-08-09T19:55:22.089Z"""
"0ec53d12-d45a-4d76-8cb5-77c44e813d5a","9a7fe494-eeaf-4b47-939d-233bfbd01cff","Cerys Price","5","Motor is very quiet","The throttle mode is brilliant for starting from lights. Get moving quickly without having to pedal hard in traffic.","true","""2025-09-12T19:55:22.089Z"""
"706d8379-2c53-43af-a09f-a377901408b9","9a7fe494-eeaf-4b47-939d-233bfbd01cff","Ayodele Oluwaseun","2","Better than expected","The throttle mode is brilliant for starting from lights. Get moving quickly without having to pedal hard in traffic.","false","""2025-08-02T19:55:22.089Z"""
"a288ae00-74d6-4589-8126-8d2868d98562","9a7fe494-eeaf-4b47-939d-233bfbd01cff","Aoife Walsh","5","Best investment I've made","The bell is louder than expected - in a good way! Pedestrians actually hear it first time.","true","""2025-07-04T19:55:22.089Z"""
"b6334e48-59d4-4081-93de-c84f9a5ae301","9a7fe494-eeaf-4b47-939d-233bfbd01cff","Freya Ferguson","5","Folds up nicely","Love that I can use it as a regular bike when I want exercise, or with assistance when I'm tired. Versatility is brilliant.","true","""2025-09-14T19:55:22.089Z"""
"0b986bab-0cd2-4e6c-8ba8-ecdc6a2022fa","9a7fe494-eeaf-4b47-939d-233bfbd01cff","Min-Jun Nguyen","5","Impressive performance","Love the removable battery. I can charge it at my desk whilst at work. So much more convenient than wheeling the whole bike inside.","true","""2025-11-23T19:55:22.089Z"""
"8373f96b-7413-41ec-ab46-b461eaa25def","9a7fe494-eeaf-4b47-939d-233bfbd01cff","Elena Petrescu","4","Smooth and powerful","Perfect for my train commute. Folds small enough that it doesn't bother other passengers during rush hour.","true","""2025-08-15T19:55:22.089Z"""
"d9598357-f714-48e0-bdee-23833361a894","9a7fe494-eeaf-4b47-939d-233bfbd01cff","Tariq Al-Sayed","5","Delighted with purchase","Perfect for my train commute. Folds small enough that it doesn't bother other passengers during rush hour.","true","""2025-10-24T19:55:22.089Z"""
"6f30ba86-f93c-4f5f-a40b-9963fb218ee8","9a7fe494-eeaf-4b47-939d-233bfbd01cff","Owain Hughes","5","Feels very sturdy","Rain hasn't been an issue. Everything is well-sealed and continues working perfectly. Confidence-inspiring in all weather.","true","""2025-09-02T19:55:22.089Z"""
"1ece4f9c-76b8-4156-8d9e-98b052ac4b8e","9a7fe494-eeaf-4b47-939d-233bfbd01cff","Samuel Scott","5","Solid and reliable","Can fit in the boot of my hatchback easily. Opens up possibilities for weekend rides in the countryside.","true","""2025-09-29T19:55:22.089Z"""
"0f1a84f8-feb2-4e5f-a323-409eed15a225","9a7fe494-eeaf-4b47-939d-233bfbd01cff","Isha Singh","5","Fantastic quality","Can fit in the boot of my hatchback easily. Opens up possibilities for weekend rides in the countryside.","true","""2025-10-30T19:55:22.089Z"""
"2e56faf0-c41f-4760-836e-6929c797190a","9a7fe494-eeaf-4b47-939d-233bfbd01cff","Morgan Williams","4","Couldn't be happier","Can fit in the boot of my hatchback easily. Opens up possibilities for weekend rides in the countryside.","true","""2025-11-21T19:55:22.089Z"""
"6265f36e-7a38-410f-ba87-48123bb62e14","9a7fe494-eeaf-4b47-939d-233bfbd01cff","Chinwe Ogunleye","3","Impressive performance","The power levels are well-judged. Eco mode for range, Sport mode for hills. Perfect balance of options.","true","""2025-06-21T19:55:22.089Z"""
"d4564def-84cb-4ece-b8ff-fb5b2b330438","9a7fe494-eeaf-4b47-939d-233bfbd01cff","Isla Murray","5","Game-changer for my commute","The build quality is exceptional. Everything feels solid and well-engineered. I've been using it daily for three months now and it still performs like new.","true","""2025-08-22T19:55:22.089Z"""
"0c9f185d-eb18-4ce4-87ce-76f6d33bd776","9a7fe494-eeaf-4b47-939d-233bfbd01cff","Meera Mehta","5","Better than expected","Customer support answered all my pre-purchase questions promptly. Made the buying decision much easier.","true","""2025-05-28T19:55:22.089Z"""
"84f72fd3-99a9-48de-be7f-463eb13ad468","9a7fe494-eeaf-4b47-939d-233bfbd01cff","Omar Shah","4","Really pleased","The weight is well-balanced. Easy to manoeuvre despite being heavier than a standard bike. Handles beautifully.","true","""2025-07-29T19:55:22.089Z"""
"17a16f26-b1ef-4282-86a9-7095db55ecff","9a7fe494-eeaf-4b47-939d-233bfbd01cff","Meera Choudhury","5","Folds up nicely","Braking performance is excellent. Stops quickly and confidently even in wet conditions. Feel very safe riding in traffic.","true","""2025-08-15T19:55:22.089Z"""
"281b2f40-d74a-457e-9c63-5644952baca6","9a7fe494-eeaf-4b47-939d-233bfbd01cff","Kemi Okoro","3","Love everything about it","Wheels are strong and true. Haven't needed any adjustment despite some rough cycle paths and potholes.","true","""2025-07-01T19:55:22.089Z"""
"36f7e399-8a29-4991-bb85-fe999142428b","9a7fe494-eeaf-4b47-939d-233bfbd01cff","Cerys Evans","5","Outstanding value","Saddle is surprisingly comfortable. I've done 30-mile rides without any discomfort. Gear shifting is smooth and precise too.","true","""2025-08-27T19:55:22.089Z"""
"cdd96053-9c9e-4b3b-bd19-4099d412c276","9a7fe494-eeaf-4b47-939d-233bfbd01cff","Charlie Thomas","4","Love everything about it","Frame design is practical. Mounting and dismounting is easy, which matters when stopping frequently in town.","true","""2025-09-13T19:55:22.089Z"""
"51fa0517-c058-42a6-81fc-2dc022b42ea0","9a7fe494-eeaf-4b47-939d-233bfbd01cff","Zara Shah","5","Love the design","Braking performance is excellent. Stops quickly and confidently even in wet conditions. Feel very safe riding in traffic.","true","""2025-07-18T19:55:22.089Z"""
"46740ab3-45f7-481c-8b88-ac456ce8d761","9a7fe494-eeaf-4b47-939d-233bfbd01cff","Liam MacKenzie","4","Brilliant for city riding","After six months of daily use, I have zero complaints. No mechanical issues whatsoever. Just regular maintenance needed.","true","""2025-06-14T19:55:22.089Z"""
"62574e99-eb2e-4d5a-a241-15082e060240","9a7fe494-eeaf-4b47-939d-233bfbd01cff","Sophie White","5","Motor is very quiet","The design is sleek and modern. I get compliments on it regularly. Doesn't look like a typical Electric bike at all.","true","""2025-07-28T19:55:22.089Z"""
"3c4298a4-aa2c-4816-88be-c2137eda3edf","9a7fe494-eeaf-4b47-939d-233bfbd01cff","Alexander Bell","3","Smooth and powerful","Can fit in the boot of my hatchback easily. Opens up possibilities for weekend rides in the countryside.","true","""2025-11-11T19:55:22.089Z"""
"e54957dd-54d0-421d-8dc6-0766889f3a99","9a7fe494-eeaf-4b47-939d-233bfbd01cff","Conor Kelly","5","Perfect size","The LCD display is clear and easy to read in all conditions. Love being able to monitor speed and battery at a glance.","true","""2025-08-16T19:55:22.089Z"""
"dcc57ca6-e615-4939-81da-87e1c2addc2b","9a7fe494-eeaf-4b47-939d-233bfbd01cff","Liam Gordon","5","Fantastic range","Arrived perfectly adjusted. Brakes, gears, everything worked perfectly straight out of the box. Very impressed with quality control.","true","""2025-11-20T19:55:22.089Z"""
"75d5a64a-308f-4887-be49-338a0f7d6c50","9a7fe494-eeaf-4b47-939d-233bfbd01cff","Erin Ferguson","4","Impressive performance","Arrived perfectly adjusted. Brakes, gears, everything worked perfectly straight out of the box. Very impressed with quality control.","true","""2025-08-30T19:55:22.089Z"""
"06381d18-6cb6-42e6-a120-4c3a1e3d4809","9a7fe494-eeaf-4b47-939d-233bfbd01cff","Katarina Popov","4","Great customer service","Can fit in the boot of my hatchback easily. Opens up possibilities for weekend rides in the countryside.","true","""2025-11-06T19:55:22.089Z"""
"517439b5-9fc2-43eb-a8dc-5e1999957bf4","9a7fe494-eeaf-4b47-939d-233bfbd01cff","Callum Robertson","5","Comfortable ride","Puncture-resistant tyres have lived up to the name. Several months of daily use, zero flats. Impressive.","false","""2025-10-26T19:55:22.089Z"""
"bc44289c-aa0c-4aa6-92f9-bbb040193192","9a7fe494-eeaf-4b47-939d-233bfbd01cff","Jun Tanaka","5","Excellent build quality","The hinges feel solid with no play. Despite folding, it rides like a regular bike - no flex or wobble whatsoever.","true","""2025-07-19T19:55:22.089Z"""
"3de33f22-651a-4761-b659-04aab287fc19","9a7fe494-eeaf-4b47-939d-233bfbd01cff","Roisin Murphy","4","Excellent build quality","The range is no exaggeration. Did a 45-mile ride last weekend and still had battery left. Perfect for longer adventures.","true","""2025-09-29T19:55:22.089Z"""
"634125eb-c1d3-464f-812f-570340b04e7c","9a7fe494-eeaf-4b47-939d-233bfbd01cff","Amelia Thompson","5","Really pleased","The rear rack is solid and takes panniers perfectly. Can carry a week's shopping without any wobble.","false","""2025-07-18T19:55:22.089Z"""
"fe0c3890-ae3d-4513-b927-6c6968048dc5","9a7fe494-eeaf-4b47-939d-233bfbd01cff","Ayodele Ogunleye","5","Folds up nicely","Eco mode extends the range impressively. Easily get 50+ miles if you're not rushing. Perfect for weekend rides.","true","""2025-09-19T19:55:22.089Z"""
"88a6c874-4dbd-4d46-ae97-ed7e3a09f308","9a7fe494-eeaf-4b47-939d-233bfbd01cff","Oliver Murphy","5","Smooth and powerful","The LCD display is clear and easy to read in all conditions. Love being able to monitor speed and battery at a glance.","true","""2025-11-07T19:55:22.089Z"""
"1b0bb096-0230-4208-8435-d254bc8daacd","9a7fe494-eeaf-4b47-939d-233bfbd01cff","Evan Morgan","5","Responsive and smooth","I was hesitant about the price initially, but this has saved me hundreds in fuel costs already. Best decision I've made this year.","true","""2025-09-19T19:55:22.089Z"""
"9724b756-2572-441c-b68e-561c9cfeb4ed","9a7fe494-eeaf-4b47-939d-233bfbd01cff","Finn O'Brien","5","Just what I needed","Surprisingly agile despite the weight. Easy to navigate through tight spaces and park conveniently.","true","""2025-09-11T19:55:22.089Z"""
"12f872bb-32cd-40f6-a9d5-c9edeb018085","9a7fe494-eeaf-4b47-939d-233bfbd01cff","Molly Ross","5","Highly recommend","Surprisingly quiet motor. My old Electric bike sounded like a lawnmower. This one is almost silent - very refined.","true","""2025-09-12T19:55:22.089Z"""
"5e9c931e-4174-4097-8644-5725e6e38370","9a7fe494-eeaf-4b47-939d-233bfbd01cff","Henry Cook","5","Easy to use","Perfect for my train commute. Folds small enough that it doesn't bother other passengers during rush hour.","true","""2025-08-12T19:55:22.089Z"""
"a16fd81f-cc44-42e9-a532-351a7b1405b5","9a7fe494-eeaf-4b47-939d-233bfbd01cff","Liam Flynn","4","Happy commuter here","Can fit in the boot of my hatchback easily. Opens up possibilities for weekend rides in the countryside.","true","""2025-08-10T19:55:22.089Z"""
"21a35aee-52f7-45fc-8a74-6f7d4bea88ec","9a7fe494-eeaf-4b47-939d-233bfbd01cff","Oscar Hughes","4","Absolutely brilliant purchase","Stores under my desk at work. Saves paying for cycle parking and keeps it safe. Unfolding is just as quick.","true","""2025-08-03T19:55:22.089Z"""
"7b578f57-e7a2-49b3-bcd6-966d19e06937","9a7fe494-eeaf-4b47-939d-233bfbd01cff","Elena Volkov","4","Smooth and powerful","Love the removable battery. I can charge it at my desk whilst at work. So much more convenient than wheeling the whole bike inside.","true","""2025-10-22T19:55:22.089Z"""
"d7780e45-471c-474d-b530-c15e4cdeb66c","9a7fe494-eeaf-4b47-939d-233bfbd01cff","Noah Sanders","3","Happy commuter here","The build quality is exceptional. Everything feels solid and well-engineered. I've been using it daily for three months now and it still performs like new.","true","""2025-06-26T19:55:22.089Z"""
"792105b6-7b7f-494b-8467-f84f5b0de492","9a7fe494-eeaf-4b47-939d-233bfbd01cff","Zara Rao","5","Worth every penny","Surprisingly quiet motor. My old Electric bike sounded like a lawnmower. This one is almost silent - very refined.","true","""2025-07-01T19:55:22.089Z"""
"a43b8d44-5413-4b36-8f29-a194507933c8","9a7fe494-eeaf-4b47-939d-233bfbd01cff","Ruby Watson","4","Motor is very quiet","Love that I can use it as a regular bike when I want exercise, or with assistance when I'm tired. Versatility is brilliant.","true","""2025-09-22T19:55:22.089Z"""
"b3887ce3-73a7-4c1e-8e60-f269fe367339","9a7fe494-eeaf-4b47-939d-233bfbd01cff","Ethan Walker","5","Responsive and smooth","Surprisingly agile despite the weight. Easy to navigate through tight spaces and park conveniently.","true","""2025-09-29T19:55:22.089Z"""
"0be551bb-f8d1-4090-b897-8171b61b1fe4","9a7fe494-eeaf-4b47-939d-233bfbd01cff","William Murphy","4","Great customer service","Puncture-resistant tyres have lived up to the name. Several months of daily use, zero flats. Impressive.","true","""2025-05-31T19:55:22.089Z"""
"51e9370b-c7a6-45fd-bea9-8a4f44c6f12c","9a7fe494-eeaf-4b47-939d-233bfbd01cff","Poppy Scott","5","Couldn't be happier","Perfect for my train commute. Folds small enough that it doesn't bother other passengers during rush hour.","true","""2025-09-10T19:55:22.089Z"""
"3a9dbdd4-b76a-4b1d-94d4-2789eaff1229","9a7fe494-eeaf-4b47-939d-233bfbd01cff","Miguel Santos","4","Excellent build quality","This has genuinely changed my lifestyle. Haven't driven to work in two months. Saving money and getting fitter simultaneously.","true","""2025-11-11T19:55:22.089Z"""
"6c7a28f0-3ea4-4fe5-b86d-46e4579ecea4","9a7fe494-eeaf-4b47-939d-233bfbd01cff","Thomas Foster","5","Solid and reliable","Battery life has been fantastic. I do a 12-mile round trip daily and only charge twice a week. The range indicator is very accurate too.","true","""2025-07-03T19:55:22.089Z"""
"091bd45c-ecde-4a3d-aa40-294229810947","9a7fe494-eeaf-4b47-939d-233bfbd01cff","Ibrahim Mehta","4","Love everything about it","The hinges feel solid with no play. Despite folding, it rides like a regular bike - no flex or wobble whatsoever.","true","""2025-06-21T19:55:22.089Z"""
"1901d49c-8ad0-46f5-a535-f46ec7aff17f","9a7fe494-eeaf-4b47-939d-233bfbd01cff","Andrei Volkov","5","Just what I needed","Arrived perfectly adjusted. Brakes, gears, everything worked perfectly straight out of the box. Very impressed with quality control.","true","""2025-09-18T19:55:22.089Z"""
"24629a79-a28a-475f-a0f7-627632f7d82f","9a7fe494-eeaf-4b47-939d-233bfbd01cff","Omar Desai","5","Quality exceeds the price","Kickstand is sturdy and reliable. Bike stays upright on any surface. Simple but essential feature that works perfectly.","false","""2025-06-07T19:55:22.089Z"""
"74c507cf-0450-438a-aa33-66f1f44d3703","9a7fe494-eeaf-4b47-939d-233bfbd01cff","Ava King","5","Solid and reliable","The folding mechanism is genius. Folds down in seconds and fits easily in my car boot or under my desk at work.","true","""2025-07-11T19:55:22.089Z"""
"d927f91e-234b-4755-a4a9-1a2359480bbf","9a7fe494-eeaf-4b47-939d-233bfbd01cff","Isha Desai","5","Solid and reliable","Love the removable battery. I can charge it at my desk whilst at work. So much more convenient than wheeling the whole bike inside.","false","""2025-09-06T19:55:22.089Z"""
"42d92207-f385-4a42-a9e3-931367340aa8","9a7fe494-eeaf-4b47-939d-233bfbd01cff","Pavel Ionescu","5","Delighted with purchase","Puncture-resistant tyres have lived up to the name. Several months of daily use, zero flats. Impressive.","true","""2025-09-24T19:55:22.089Z"""
"589af27d-c84e-441e-a5c8-2a39cbcccc4e","9a7fe494-eeaf-4b47-939d-233bfbd01cff","Isla Coleman","5","Great customer service","Lights are bright and effective. Battery powers them without draining noticeably. Feel confident riding in darker months.","true","""2025-09-05T19:55:22.089Z"""
"85409423-6e1c-4b68-9983-ca0e5f9d719a","9a7fe494-eeaf-4b47-939d-233bfbd01cff","Hana Tanaka","5","Happy commuter here","The mudguards actually work. Stay clean and dry even through puddles. Small detail but makes a big difference.","true","""2025-10-14T19:55:22.089Z"""
"e50bf9ea-90de-4a3f-8c2e-3a634b0d5972","9a7fe494-eeaf-4b47-939d-233bfbd01cff","Jack Robinson","3","Love the design","The folding mechanism is genius. Folds down in seconds and fits easily in my car boot or under my desk at work.","true","""2025-11-10T19:55:22.089Z"""
"9febe076-a275-4301-a7a5-c34aafd3a97d","9a7fe494-eeaf-4b47-939d-233bfbd01cff","Isla Taylor","2","Best investment I've made","The hinges feel solid with no play. Despite folding, it rides like a regular bike - no flex or wobble whatsoever.","true","""2025-09-14T19:55:22.089Z"""
"80e2598f-49aa-4ac2-b2a1-17571d04b2cb","9a7fe494-eeaf-4b47-939d-233bfbd01cff","Henry Price","5","Happy commuter here","The hinges feel solid with no play. Despite folding, it rides like a regular bike - no flex or wobble whatsoever.","true","""2025-06-05T19:55:22.089Z"""
"ceda9cfb-c81c-47ce-b563-2f843bf2e985","9a7fe494-eeaf-4b47-939d-233bfbd01cff","Freya Robertson","5","Feels very sturdy","Build quality exceeded expectations at this price point. No cheap plastics or wobbly parts. Everything feels premium.","true","""2025-08-12T19:55:22.089Z"""
"73aa5632-c132-403e-95ce-a88d8a3ce81a","9a7fe494-eeaf-4b47-939d-233bfbd01cff","Wei Wong","4","Highly recommend","Stores under my desk at work. Saves paying for cycle parking and keeps it safe. Unfolding is just as quick.","true","""2025-09-08T19:55:22.089Z"""
"7e7fffa2-c72d-4c00-9ad3-d618d72f7740","9a7fe494-eeaf-4b47-939d-233bfbd01cff","George Edwards","5","Delighted with purchase","The craftsmanship is evident. Welds are neat, paint is flawless. This is a bike built to last.","true","""2025-07-24T19:55:22.089Z"""
"4e6e4e9f-7dfb-4d7d-92b1-5f8f95be71be","9a7fe494-eeaf-4b47-939d-233bfbd01cff","Duncan Ferguson","2","Great customer service","The throttle mode is brilliant for starting from lights. Get moving quickly without having to pedal hard in traffic.","true","""2025-06-21T19:55:22.089Z"""
"b95eb467-3162-4ec5-a13e-3487ea02e728","9a7fe494-eeaf-4b47-939d-233bfbd01cff","Eilidh Cameron","4","Battery life is amazing","The mudguards actually work. Stay clean and dry even through puddles. Small detail but makes a big difference.","true","""2025-07-09T19:55:22.089Z"""
"7300e12b-af8d-4d2b-bdd8-062961267980","9a7fe494-eeaf-4b47-939d-233bfbd01cff","Daniel Wood","4","Excellent starter bike","Can fit in the boot of my hatchback easily. Opens up possibilities for weekend rides in the countryside.","true","""2025-08-24T19:55:22.089Z"""
"252fa840-da19-4985-b966-638b10539ef3","9a7fe494-eeaf-4b47-939d-233bfbd01cff","Petra Volkov","5","Excellent starter bike","Folding mechanism is brilliant. Takes literally 15 seconds. No fumbling or forcing required - just clicks into place.","true","""2025-11-21T19:55:22.089Z"""
"e649b68b-40da-4ea6-a328-db10f451e680","9a7fe494-eeaf-4b47-939d-233bfbd01cff","Samuel Young","5","Motor is very quiet","Customer support answered all my pre-purchase questions promptly. Made the buying decision much easier.","true","""2025-08-19T19:55:22.089Z"""
"563c7d29-4347-46c7-8f4b-16e69782995f","9a7fe494-eeaf-4b47-939d-233bfbd01cff","Poppy Jenkins","5","Good for longer rides","The LCD display is clear and easy to read in all conditions. Love being able to monitor speed and battery at a glance.","true","""2025-09-12T19:55:22.089Z"""
"d1d0111f-e899-4c4a-b00f-d286a86dcf82","9a7fe494-eeaf-4b47-939d-233bfbd01cff","Meera Hassan","3","Delighted with purchase","Folding mechanism is brilliant. Takes literally 15 seconds. No fumbling or forcing required - just clicks into place.","true","""2025-11-09T19:55:22.089Z"""
"b69c4076-3840-47c1-b90d-c32502df1930","9a7fe494-eeaf-4b47-939d-233bfbd01cff","Priya Ahmed","5","Perfect commuter bike","Brakes require minimal finger pressure. Very responsive without being grabby. Excellent modulation.","true","""2025-07-22T19:55:22.089Z"""
"07828cd8-2059-42b4-9f76-894fac8176b4","9a7fe494-eeaf-4b47-939d-233bfbd01cff","Roisin Doyle","5","Excellent build quality","Perfect for my hilly commute. What used to take 45 minutes of sweaty pedalling now takes 25 minutes and I arrive fresh.","true","""2025-08-15T19:55:22.089Z"""
"52f235a4-2d30-44ce-9060-e4ab3ed228bd","9a7fe494-eeaf-4b47-939d-233bfbd01cff","Daniel Mitchell","4","Motor is very quiet","Folding mechanism is brilliant. Takes literally 15 seconds. No fumbling or forcing required - just clicks into place.","false","""2025-06-20T19:55:22.089Z"""
"602d0a59-d622-4bf3-ada3-545e1996c7e5","9a7fe494-eeaf-4b47-939d-233bfbd01cff","Erin Gordon","5","Fantastic quality","Braking performance is excellent. Stops quickly and confidently even in wet conditions. Feel very safe riding in traffic.","true","""2025-07-20T19:55:22.089Z"""
"f634a51f-ba39-4afd-85d8-ce9f8899ee75","9a7fe494-eeaf-4b47-939d-233bfbd01cff","Samuel Robinson","5","Top-notch product","The motor provides smooth, natural assistance. You barely notice it working but hills that used to exhaust me are now effortless.","true","""2025-07-18T19:55:22.089Z"""
"64295f69-44f3-4420-b615-9138932ef3a0","9a7fe494-eeaf-4b47-939d-233bfbd01cff","Layla Rahman","5","Best investment I've made","Delivery was impressively quick. Arrived within two days, well packaged. Setup took about 20 minutes following the clear instructions provided.","true","""2025-05-31T19:55:22.089Z"""
"55bc9031-bc33-43f1-a5a8-7035e10724dc","9a7fe494-eeaf-4b47-939d-233bfbd01cff","Benjamin Murphy","3","Great customer service","Stores under my desk at work. Saves paying for cycle parking and keeps it safe. Unfolding is just as quick.","true","""2025-10-18T19:55:22.089Z"""
"ee6cfade-4802-4686-b208-52345030d70c","9a7fe494-eeaf-4b47-939d-233bfbd01cff","Carys Price","3","Worth every penny","No buyer's remorse whatsoever. This is everything I hoped it would be and more. Absolutely delighted.","true","""2025-09-27T19:55:22.089Z"""
"a7063181-4dd0-4abe-a119-83501125129e","9a7fe494-eeaf-4b47-939d-233bfbd01cff","Henry Martin","5","Really pleased","The folding mechanism is genius. Folds down in seconds and fits easily in my car boot or under my desk at work.","true","""2025-08-26T19:55:22.089Z"""
"7edc12d7-c053-48ac-a4e5-f84f6921aaf3","9a7fe494-eeaf-4b47-939d-233bfbd01cff","Bethan Jenkins","4","Fantastic range","Love the removable battery. I can charge it at my desk whilst at work. So much more convenient than wheeling the whole bike inside.","false","""2025-07-27T19:55:22.089Z"""
"3bd6e958-e04f-48d2-8aee-f8d47d98f96a","9a7fe494-eeaf-4b47-939d-233bfbd01cff","Ava Howard","5","Responsive and smooth","Can fit in the boot of my hatchback easily. Opens up possibilities for weekend rides in the countryside.","true","""2025-08-27T19:55:22.089Z"""
"edf5ecf6-abc0-4a7a-ae44-d3666154dc2e","9a7fe494-eeaf-4b47-939d-233bfbd01cff","Harry Morris","5","Quality exceeds the price","Stores under my desk at work. Saves paying for cycle parking and keeps it safe. Unfolding is just as quick.","true","""2025-11-15T19:55:22.089Z"""
"add0738c-6156-40d9-a6eb-b3fc73e617de","9a7fe494-eeaf-4b47-939d-233bfbd01cff","Eilidh Murray","5","Perfect size","No buyer's remorse whatsoever. This is everything I hoped it would be and more. Absolutely delighted.","true","""2025-06-26T19:55:22.089Z"""
"22539d55-da74-49bb-ba67-c461ac6a0d08","9a7fe494-eeaf-4b47-939d-233bfbd01cff","Lily Bennett","5","Exceeded all expectations","The craftsmanship is evident. Welds are neat, paint is flawless. This is a bike built to last.","true","""2025-08-15T19:55:22.089Z"""
"af6abf65-6a03-4b6f-b404-a0e6297eeeea","9a7fe494-eeaf-4b47-939d-233bfbd01cff","Leo Young","4","Love the design","The integrated lights look sleek and work brilliantly. No fumbling with removable lights anymore.","true","""2025-06-04T19:55:22.089Z"""
"dca62373-7998-4215-9309-c4b5b0a19327","9a7fe494-eeaf-4b47-939d-233bfbd01cff","Maisie Grant","5","Best investment I've made","Charges faster than expected. From empty to full in about 4-5 hours. Perfect to charge overnight.","true","""2025-09-07T19:55:22.089Z"""
"f204ee55-15a4-42ac-b562-022c9537aa02","9a7fe494-eeaf-4b47-939d-233bfbd01cff","Noah Harris","4","Perfect commuter bike","Frame design is practical. Mounting and dismounting is easy, which matters when stopping frequently in town.","true","""2025-07-13T19:55:22.089Z"""
"37469271-c57c-4728-919a-697e18de5398","9a7fe494-eeaf-4b47-939d-233bfbd01cff","Seren Jenkins","5","Excellent build quality","The craftsmanship is evident. Welds are neat, paint is flawless. This is a bike built to last.","true","""2025-09-26T19:55:22.089Z"""
"02cd74f4-6f98-4fbb-b6ae-3c728b017d79","9a7fe494-eeaf-4b47-939d-233bfbd01cff","Gareth Price","3","Responsive and smooth","The hinges feel solid with no play. Despite folding, it rides like a regular bike - no flex or wobble whatsoever.","true","""2025-06-23T19:55:22.089Z"""
"1457868f-f8eb-400a-a9d0-132bc00ca5fd","9a7fe494-eeaf-4b47-939d-233bfbd01cff","Alexander Cooper","5","Superb engineering","Braking performance is excellent. Stops quickly and confidently even in wet conditions. Feel very safe riding in traffic.","true","""2025-06-19T19:55:22.089Z"""
"4455abb0-c6d3-4888-a14d-d10329d2f800","9a7fe494-eeaf-4b47-939d-233bfbd01cff","Liam Kelly","5","Fantastic range","Braking performance is excellent. Stops quickly and confidently even in wet conditions. Feel very safe riding in traffic.","true","""2025-07-05T19:55:22.089Z"""
"30ff89ca-36da-4181-ae77-9404e5650e43","9a7fe494-eeaf-4b47-939d-233bfbd01cff","Wei Zhang","5","Quality exceeds the price","Perfect for my train commute. Folds small enough that it doesn't bother other passengers during rush hour.","true","""2025-11-16T19:55:22.089Z"""
"1ecb25dd-d411-4c4d-9650-1d9b8080efae","9a7fe494-eeaf-4b47-939d-233bfbd01cff","Aarav Sharma","5","Highly recommend","Wheels are strong and true. Haven't needed any adjustment despite some rough cycle paths and potholes.","true","""2025-08-22T19:55:22.089Z"""
"c1185c1c-d0f8-47df-aaeb-746e0fb135de","9a7fe494-eeaf-4b47-939d-233bfbd01cff","Grace Taylor","3","Motor is very quiet","Assembly was straightforward. Clear instructions and all necessary tools included. Was ready to ride in under half an hour.","true","""2025-07-11T19:55:22.089Z"""
"5d6358ba-8815-4832-a30c-37fab534a7ed","9a7fe494-eeaf-4b47-939d-233bfbd01cff","Molly Hughes","2","Perfect commuter bike","The hinges feel solid with no play. Despite folding, it rides like a regular bike - no flex or wobble whatsoever.","true","""2025-06-25T19:55:22.089Z"""
"b3577047-af9f-46d8-9fa8-06de76b22777","9a7fe494-eeaf-4b47-939d-233bfbd01cff","Rohan Sharma","4","Comfortable ride","Stores under my desk at work. Saves paying for cycle parking and keeps it safe. Unfolding is just as quick.","true","""2025-07-06T19:55:22.089Z"""
"4c080060-153d-46a0-a616-4e14c845f882","9a7fe494-eeaf-4b47-939d-233bfbd01cff","Matthew Reed","5","Quality exceeds the price","Assembly was straightforward. Clear instructions and all necessary tools included. Was ready to ride in under half an hour.","true","""2025-11-11T19:55:22.089Z"""
"dc4f4428-7d63-4310-99fa-dc89a64d3389","9a7fe494-eeaf-4b47-939d-233bfbd01cff","Omar Hassan","5","Folds up nicely","The throttle mode is brilliant for starting from lights. Get moving quickly without having to pedal hard in traffic.","true","""2025-05-28T19:55:22.089Z"""
"69a7dfdc-d696-401c-aba1-27a6095aafbf","9a7fe494-eeaf-4b47-939d-233bfbd01cff","Owain Jenkins","4","Best investment I've made","The bell is louder than expected - in a good way! Pedestrians actually hear it first time.","false","""2025-08-06T19:55:22.089Z"""
"db7d8962-ed00-47f7-aff1-083251a4036f","5584ed28-86c4-4061-b1a4-a751ac0320e0","Mason Jackson","5","Folds up nicely","The craftsmanship is evident. Welds are neat, paint is flawless. This is a bike built to last.","true","""2025-06-14T19:55:22.130Z"""
"5f6da22d-9ad5-4ef9-a175-cca6b3c7533d","5584ed28-86c4-4061-b1a4-a751ac0320e0","Carys Evans","5","Feels very sturdy","Customer support answered all my pre-purchase questions promptly. Made the buying decision much easier.","true","""2025-09-15T19:55:22.130Z"""
"96035601-8570-4a6d-b534-e40017cb7ffa","5584ed28-86c4-4061-b1a4-a751ac0320e0","Ruby Thomas","3","Comfortable ride","Took it on some proper trails last weekend - the suspension handled everything beautifully. Roots, rocks, drops - all absorbed smoothly.","true","""2025-07-05T19:55:22.130Z"""
"416cfbe1-4fc2-4852-a41a-bc91a3081581","5584ed28-86c4-4061-b1a4-a751ac0320e0","Evie Harris","5","Folds up nicely","Surprisingly agile despite the weight. Easy to navigate through tight spaces and park conveniently.","true","""2025-06-09T19:55:22.130Z"""
"7f6e09bd-dcfd-4fa1-bc32-d52964bd643b","5584ed28-86c4-4061-b1a4-a751ac0320e0","Ola Kamau","3","Responsive and smooth","Took it on some proper trails last weekend - the suspension handled everything beautifully. Roots, rocks, drops - all absorbed smoothly.","true","""2025-07-19T19:55:22.130Z"""
"ce4f4571-3a89-46b5-adcb-4fcda1540b01","5584ed28-86c4-4061-b1a4-a751ac0320e0","Mia Martin","5","Couldn't be happier","Disc brakes are essential off-road and these perform flawlessly. Powerful, progressive, reliable even when caked in mud.","true","""2025-10-25T19:55:22.130Z"""
"35cc466a-16f6-4dd3-918f-f110be7646c9","5584ed28-86c4-4061-b1a4-a751ac0320e0","Jun Yamamoto","5","Comfortable ride","No buyer's remorse whatsoever. This is everything I hoped it would be and more. Absolutely delighted.","true","""2025-11-08T19:55:22.130Z"""
"fb2a4208-8e45-472b-9862-d0f0ad4fad29","5584ed28-86c4-4061-b1a4-a751ac0320e0","Omar Choudhury","5","Love everything about it","Disc brakes are essential off-road and these perform flawlessly. Powerful, progressive, reliable even when caked in mud.","true","""2025-09-15T19:55:22.130Z"""
"8327ecf7-7f46-4a09-8453-ec541697b634","5584ed28-86c4-4061-b1a4-a751ac0320e0","Morgan Morgan","4","Better than expected","This has paid for itself already in saved train fares. The financial case is compelling even before health benefits.","true","""2025-06-06T19:55:22.130Z"""
"f8039e5d-bb4a-461a-b081-670e3f416801","5584ed28-86c4-4061-b1a4-a751ac0320e0","Finn O'Donnell","4","Exceeded all expectations","Gear range is perfect. Lowest gear handles steep hills, highest gear keeps up with traffic on flat roads.","false","""2025-10-04T19:55:22.130Z"""
"98480a04-0de4-4357-8ed8-aad708c1f686","5584ed28-86c4-4061-b1a4-a751ac0320e0","Elena Popov","3","Perfect commuter bike","Disc brakes are essential off-road and these perform flawlessly. Powerful, progressive, reliable even when caked in mud.","true","""2025-08-30T19:55:22.130Z"""
"cd717513-60f2-48d7-9120-50a6bb726e7d","5584ed28-86c4-4061-b1a4-a751ac0320e0","Dylan Lloyd","5","Good for longer rides","The fat tyres provide incredible grip on loose surfaces. Confident descending on gravel and mud where my road bike would slip.","true","""2025-08-04T19:55:22.130Z"""
"13a1426b-abd6-456e-acbe-4ba531296f7f","5584ed28-86c4-4061-b1a4-a751ac0320e0","Ioan Jenkins","5","Excellent starter bike","Delivery was impressively quick. Arrived within two days, well packaged. Setup took about 20 minutes following the clear instructions provided.","true","""2025-08-30T19:55:22.130Z"""
"fad380d4-cf1b-4bd9-875f-fd55d761fd60","5584ed28-86c4-4061-b1a4-a751ac0320e0","Gareth Edwards","5","Comfortable ride","The folding mechanism is genius. Folds down in seconds and fits easily in my car boot or under my desk at work.","true","""2025-10-13T19:55:22.130Z"""
"ebb3af97-60fa-44de-a806-c526146cb2c4","5584ed28-86c4-4061-b1a4-a751ac0320e0","Ethan Clark","4","Absolutely brilliant purchase","The fat tyres provide incredible grip on loose surfaces. Confident descending on gravel and mud where my road bike would slip.","true","""2025-11-09T19:55:22.130Z"""
"92b7ebbb-9c3d-4354-8c5e-9d2ef6a63ad3","5584ed28-86c4-4061-b1a4-a751ac0320e0","Alexander Collins","5","Couldn't be happier","Surprisingly quiet motor. My old Electric bike sounded like a lawnmower. This one is almost silent - very refined.","true","""2025-11-18T19:55:22.130Z"""
"0f2bb0d7-62fd-4c2b-abe4-330ad9b2f0c9","5584ed28-86c4-4061-b1a4-a751ac0320e0","Aisha Rao","5","Absolutely brilliant purchase","Wheels are strong and true. Haven't needed any adjustment despite some rough cycle paths and potholes.","true","""2025-07-28T19:55:22.130Z"""
"baacb014-8ac3-4c9b-b241-701261ddd974","5584ed28-86c4-4061-b1a4-a751ac0320e0","Alexander Thomas","3","Excellent starter bike","Battery life has been fantastic. I do a 12-mile round trip daily and only charge twice a week. The range indicator is very accurate too.","true","""2025-06-30T19:55:22.130Z"""
"5eaa0e45-e0f7-4504-a8a7-6bf4f266b8db","5584ed28-86c4-4061-b1a4-a751ac0320e0","Ravi Hassan","5","Outstanding value","Arrived perfectly adjusted. Brakes, gears, everything worked perfectly straight out of the box. Very impressed with quality control.","true","""2025-06-14T19:55:22.130Z"""
"22d40402-97f3-44e9-bb85-98b2a96ee75d","5584ed28-86c4-4061-b1a4-a751ac0320e0","Yuki Park","5","Very impressed","The bell is louder than expected - in a good way! Pedestrians actually hear it first time.","true","""2025-09-30T19:55:22.130Z"""
"799eeef8-8e44-4b31-8a48-a8eb003c617b","5584ed28-86c4-4061-b1a4-a751ac0320e0","Grace Jackson","2","Perfect size","Gears shift smoothly under power. Some cheaper bikes require you to stop pedalling - not this one. Very convenient.","true","""2025-06-03T19:55:22.130Z"""
"45032126-4444-4270-aa43-b01f77536e39","5584ed28-86c4-4061-b1a4-a751ac0320e0","Leo Reed","5","Feels very sturdy","Surprisingly quiet motor. My old Electric bike sounded like a lawnmower. This one is almost silent - very refined.","true","""2025-07-14T19:55:22.130Z"""
"14666635-facc-487f-83a9-4355d64ea5bf","5584ed28-86c4-4061-b1a4-a751ac0320e0","Olivia Morris","5","Feels very sturdy","The rear rack is solid and takes panniers perfectly. Can carry a week's shopping without any wobble.","true","""2025-09-01T19:55:22.130Z"""
"46bf2d77-c616-47cd-b1e9-1ec23272eeb4","5584ed28-86c4-4061-b1a4-a751ac0320e0","Yusuf Kumar","5","Delighted with purchase","The wide handlebars give excellent control on technical sections. Feel very planted and confident on descents.","false","""2025-09-03T19:55:22.130Z"""
"b85cf4a7-8173-4e5e-8808-0410b89a9116","5584ed28-86c4-4061-b1a4-a751ac0320e0","Ava Roberts","5","Perfect commuter bike","The integrated lights look sleek and work brilliantly. No fumbling with removable lights anymore.","true","""2025-06-04T19:55:22.130Z"""
"2910e34e-6086-4ddf-81ef-84e35956686b","5584ed28-86c4-4061-b1a4-a751ac0320e0","Benjamin Edwards","4","Ideal for my needs","Braking performance is excellent. Stops quickly and confidently even in wet conditions. Feel very safe riding in traffic.","true","""2025-10-07T19:55:22.130Z"""
"41c45a7c-fbb4-41e3-a73e-e21a2913d3f3","5584ed28-86c4-4061-b1a4-a751ac0320e0","Duncan Stewart","5","Couldn't be happier","Took it on some proper trails last weekend - the suspension handled everything beautifully. Roots, rocks, drops - all absorbed smoothly.","true","""2025-06-22T19:55:22.130Z"""
"2b47c312-45c0-4c56-a817-2a85c43aff62","5584ed28-86c4-4061-b1a4-a751ac0320e0","Seren Evans","5","Solid and reliable","The craftsmanship is evident. Welds are neat, paint is flawless. This is a bike built to last.","true","""2025-09-25T19:55:22.130Z"""
"91289e08-94c1-4380-8029-9348f8a10ba3","5584ed28-86c4-4061-b1a4-a751ac0320e0","Emma Foster","5","Motor is very quiet","The fat tyres provide incredible grip on loose surfaces. Confident descending on gravel and mud where my road bike would slip.","false","""2025-11-07T19:55:22.130Z"""
"7eba8d39-2f6f-446f-95e8-95a1ff255676","5584ed28-86c4-4061-b1a4-a751ac0320e0","Oliver Cook","5","Quality exceeds the price","The fat tyres provide incredible grip on loose surfaces. Confident descending on gravel and mud where my road bike would slip.","true","""2025-06-12T19:55:22.130Z"""
"bfca593e-f110-4f47-badf-30e97b054bea","5584ed28-86c4-4061-b1a4-a751ac0320e0","George Ross","5","Worth every penny","The range is no exaggeration. Did a 45-mile ride last weekend and still had battery left. Perfect for longer adventures.","true","""2025-06-28T19:55:22.130Z"""
"b1678a38-6d6c-424f-a08c-71a0c86a5a46","5584ed28-86c4-4061-b1a4-a751ac0320e0","Priya Malik","5","Love the design","The range is no exaggeration. Did a 45-mile ride last weekend and still had battery left. Perfect for longer adventures.","true","""2025-09-15T19:55:22.130Z"""
"68d5ea03-ebf7-4c54-afbd-ac3e1012abea","5584ed28-86c4-4061-b1a4-a751ac0320e0","Isabella Clark","5","Responsive and smooth","The wide handlebars give excellent control on technical sections. Feel very planted and confident on descents.","true","""2025-08-22T19:55:22.130Z"""
"a48e32c2-a88f-45ab-b930-32bf9ea618e0","5584ed28-86c4-4061-b1a4-a751ac0320e0","Amelia Barnes","5","Perfect for daily use","The tyres grip well in all conditions. Confident cornering even on wet roads. Feel very planted and stable.","true","""2025-08-01T19:55:22.130Z"""
"9ddb4bfc-a469-45e0-bd09-e60bb4c00401","5584ed28-86c4-4061-b1a4-a751ac0320e0","Isla Robertson","5","Impressive performance","Kickstand is sturdy and reliable. Bike stays upright on any surface. Simple but essential feature that works perfectly.","true","""2025-09-23T19:55:22.130Z"""
"0309cb93-5ee5-49a0-9d19-5b3920267703","5584ed28-86c4-4061-b1a4-a751ac0320e0","Ava Barnes","5","Highly recommend","Customer service deserves special mention. Had a question about maintenance and received a detailed response within hours.","true","""2025-08-28T19:55:22.130Z"""
"00aadf3b-caf1-4a7e-a05b-304f02b2450e","5584ed28-86c4-4061-b1a4-a751ac0320e0","Rory Fraser","4","Motor is very quiet","Took it on some proper trails last weekend - the suspension handled everything beautifully. Roots, rocks, drops - all absorbed smoothly.","true","""2025-11-11T19:55:22.130Z"""
"e353088e-adff-4014-b722-c94a8888e05d","5584ed28-86c4-4061-b1a4-a751ac0320e0","Kofi Ogunleye","5","Great customer service","Love the removable battery. I can charge it at my desk whilst at work. So much more convenient than wheeling the whole bike inside.","true","""2025-10-10T19:55:22.130Z"""
"b0f0c4c5-60cd-4168-af97-e4eae1cfaf23","5584ed28-86c4-4061-b1a4-a751ac0320e0","Ji-Hoon Lee","3","Absolutely brilliant purchase","Surprisingly agile despite the weight. Easy to navigate through tight spaces and park conveniently.","true","""2025-09-05T19:55:22.130Z"""
"e643a60c-130c-435b-a511-f5b876bdf767","5584ed28-86c4-4061-b1a4-a751ac0320e0","Sophie Morris","4","Excellent build quality","Customer support answered all my pre-purchase questions promptly. Made the buying decision much easier.","true","""2025-08-15T19:55:22.130Z"""
"573aeb00-c5ab-4cfa-8fb8-45d38ad17362","5584ed28-86c4-4061-b1a4-a751ac0320e0","Mei Sato","3","Absolutely brilliant purchase","This has genuinely changed my lifestyle. Haven't driven to work in two months. Saving money and getting fitter simultaneously.","true","""2025-08-17T19:55:22.130Z"""
"51ed3130-8148-468b-b6fd-15ac3de30ac1","5584ed28-86c4-4061-b1a4-a751ac0320e0","Mia Turner","1","Perfect for daily use","Disc brakes are essential off-road and these perform flawlessly. Powerful, progressive, reliable even when caked in mud.","true","""2025-06-20T19:55:22.130Z"""
"6bb5bf87-3ea0-4bb9-8e24-2c8752d1c0e2","5584ed28-86c4-4061-b1a4-a751ac0320e0","Dimitri Novak","5","Responsive and smooth","Eco mode extends the range impressively. Easily get 50+ miles if you're not rushing. Perfect for weekend rides.","false","""2025-11-06T19:55:22.130Z"""
"8b91fd10-b3ef-4415-a435-9653fdf3b460","5584ed28-86c4-4061-b1a4-a751ac0320e0","Ella Ross","3","Brilliant for city riding","Customer support answered all my pre-purchase questions promptly. Made the buying decision much easier.","true","""2025-10-14T19:55:22.130Z"""
"a8a5fe40-293e-4e16-a26b-f1abca7ce30e","5584ed28-86c4-4061-b1a4-a751ac0320e0","Fatima Choudhury","4","Smooth and powerful","The wide handlebars give excellent control on technical sections. Feel very planted and confident on descents.","true","""2025-06-11T19:55:22.130Z"""
"62f7bd74-52f9-4057-9025-2810682fe41a","5584ed28-86c4-4061-b1a4-a751ac0320e0","Fraser MacDonald","5","Top-notch product","Delivery was impressively quick. Arrived within two days, well packaged. Setup took about 20 minutes following the clear instructions provided.","true","""2025-08-17T19:55:22.130Z"""
"a8ce80b9-d31c-4c52-bd91-534f3efd3519","5584ed28-86c4-4061-b1a4-a751ac0320e0","Saoirse O'Donnell","5","Excellent build quality","No buyer's remorse whatsoever. This is everything I hoped it would be and more. Absolutely delighted.","true","""2025-11-18T19:55:22.130Z"""
"62013bf2-b9ff-4fd6-bed4-8cbf61604af1","5584ed28-86c4-4061-b1a4-a751ac0320e0","Jack Anderson","5","Highly recommend","Customer support answered all my pre-purchase questions promptly. Made the buying decision much easier.","true","""2025-06-15T19:55:22.130Z"""
"67b85553-7f7f-47c4-9af0-aa5d52f2d40e","5584ed28-86c4-4061-b1a4-a751ac0320e0","Charlie Henderson","5","Perfect for daily use","Brakes require minimal finger pressure. Very responsive without being grabby. Excellent modulation.","true","""2025-06-23T19:55:22.130Z"""
"bac2a4dd-7c42-4903-ad09-b37e49870279","5584ed28-86c4-4061-b1a4-a751ac0320e0","Keira Stewart","5","Fantastic quality","Build quality exceeded expectations at this price point. No cheap plastics or wobbly parts. Everything feels premium.","true","""2025-11-12T19:55:22.130Z"""
"f020fdda-43cf-4040-85ed-71e170b4c293","5584ed28-86c4-4061-b1a4-a751ac0320e0","Seren Williams","3","Folds up nicely","This has genuinely changed my lifestyle. Haven't driven to work in two months. Saving money and getting fitter simultaneously.","true","""2025-05-28T19:55:22.130Z"""
"e4ed6a68-8967-4e27-bbc4-ea4386ea3696","5584ed28-86c4-4061-b1a4-a751ac0320e0","Hamish Ross","5","Feels very sturdy","The tyres grip well in all conditions. Confident cornering even on wet roads. Feel very planted and stable.","false","""2025-08-29T19:55:22.130Z"""
"9aa753df-5b9d-4610-af4a-22f296d006b3","5584ed28-86c4-4061-b1a4-a751ac0320e0","Aiko Park","5","Responsive and smooth","Perfect for my hilly commute. What used to take 45 minutes of sweaty pedalling now takes 25 minutes and I arrive fresh.","true","""2025-06-16T19:55:22.130Z"""
"2e7b2c34-5595-4869-944c-3b1a4cd4df51","5584ed28-86c4-4061-b1a4-a751ac0320e0","Benjamin Bell","5","Superb engineering","Puncture-resistant tyres have lived up to the name. Several months of daily use, zero flats. Impressive.","true","""2025-09-27T19:55:22.130Z"""
"62ea7cc4-0a24-4182-9709-f2e8886eed71","5584ed28-86c4-4061-b1a4-a751ac0320e0","Joshua Richardson","4","Good for longer rides","Brakes require minimal finger pressure. Very responsive without being grabby. Excellent modulation.","true","""2025-10-18T19:55:22.130Z"""
"3e44605c-f4b6-4fc4-80ad-c8dbc2d4baf6","5584ed28-86c4-4061-b1a4-a751ac0320e0","Aoife O'Brien","5","Smooth and powerful","Took it on some proper trails last weekend - the suspension handled everything beautifully. Roots, rocks, drops - all absorbed smoothly.","true","""2025-10-22T19:55:22.130Z"""
"5330e3ae-7f0e-4833-a85a-0508c3064f07","5584ed28-86c4-4061-b1a4-a751ac0320e0","Charlotte Wright","5","Exceeded all expectations","The integrated lights look sleek and work brilliantly. No fumbling with removable lights anymore.","true","""2025-07-17T19:55:22.130Z"""
"cd348cb9-b263-4ec2-a961-a09054893838","5584ed28-86c4-4061-b1a4-a751ac0320e0","Keira Robertson","5","Game-changer for my commute","This has paid for itself already in saved train fares. The financial case is compelling even before health benefits.","true","""2025-07-13T19:55:22.130Z"""
"c3a03b4a-b3a7-4c3e-8b43-9a0fbd73eb56","5584ed28-86c4-4061-b1a4-a751ac0320e0","Ibrahim Choudhury","5","Couldn't be happier","Eco mode extends the range impressively. Easily get 50+ miles if you're not rushing. Perfect for weekend rides.","false","""2025-06-12T19:55:22.130Z"""
"7b850bbe-698a-44bd-b7ff-f1dd9a6fd084","5584ed28-86c4-4061-b1a4-a751ac0320e0","Ruby Edwards","5","Feels very sturdy","Puncture-resistant tyres have lived up to the name. Several months of daily use, zero flats. Impressive.","true","""2025-10-18T19:55:22.130Z"""
"a2cbde6b-b9ac-43d4-9bc5-bd8c363cbcf0","5584ed28-86c4-4061-b1a4-a751ac0320e0","Erin Robertson","5","Easy to use","Disc brakes are essential off-road and these perform flawlessly. Powerful, progressive, reliable even when caked in mud.","true","""2025-08-28T19:55:22.130Z"""
"93894f4c-fc08-47f0-97b4-a4b9c4ab5247","5584ed28-86c4-4061-b1a4-a751ac0320e0","Sakura Nguyen","5","Couldn't be happier","Gear range is perfect. Lowest gear handles steep hills, highest gear keeps up with traffic on flat roads.","true","""2025-08-01T19:55:22.130Z"""
"9cd9acfa-5e85-43cd-b2e0-bc12fd798fb8","5584ed28-86c4-4061-b1a4-a751ac0320e0","Mason Walker","5","Quality exceeds the price","Charges faster than expected. From empty to full in about 4-5 hours. Perfect to charge overnight.","true","""2025-09-14T19:55:22.130Z"""
"284b719a-874b-4cac-a7a8-2dc448645b7f","5584ed28-86c4-4061-b1a4-a751ac0320e0","Isha Choudhury","3","Delighted with purchase","The weight is well-balanced. Easy to manoeuvre despite being heavier than a standard bike. Handles beautifully.","true","""2025-06-27T19:55:22.130Z"""
"3fc30150-37c3-4f89-aa4c-c2917bed8322","5584ed28-86c4-4061-b1a4-a751ac0320e0","Chen Liu","5","Impressive performance","Ground clearance is generous. No pedal strikes even on rocky terrain. Well thought-out geometry for actual off-road use.","true","""2025-08-31T19:55:22.130Z"""
"54a20301-feb5-432f-a77e-b9b2fa03d9c5","5584ed28-86c4-4061-b1a4-a751ac0320e0","Charlotte Thompson","5","Worth every penny","Customer support answered all my pre-purchase questions promptly. Made the buying decision much easier.","true","""2025-07-19T19:55:22.130Z"""
"386dafb6-02a5-47ae-8eed-de1175c3ec5d","5584ed28-86c4-4061-b1a4-a751ac0320e0","Ruby Lewis","4","Folds up nicely","The weight is well-balanced. Easy to manoeuvre despite being heavier than a standard bike. Handles beautifully.","true","""2025-07-21T19:55:22.130Z"""
"992c1d83-7f30-49b1-a6ca-8333048e441d","5584ed28-86c4-4061-b1a4-a751ac0320e0","Hana Chen","5","Couldn't be happier","The range is no exaggeration. Did a 45-mile ride last weekend and still had battery left. Perfect for longer adventures.","true","""2025-05-31T19:55:22.130Z"""
"85dc08d6-e66a-48d0-8cf0-bca4ec0b3c01","5584ed28-86c4-4061-b1a4-a751ac0320e0","Sophie Henderson","3","Top-notch product","Brakes require minimal finger pressure. Very responsive without being grabby. Excellent modulation.","true","""2025-11-22T19:55:22.130Z"""
"87227599-f17f-4363-8d93-7344c99e692f","5584ed28-86c4-4061-b1a4-a751ac0320e0","Sophie Robinson","5","Superb engineering","Suspension works brilliantly. Absorbs bumps effectively without feeling bouncy. Much more comfortable than my old rigid bike.","true","""2025-08-28T19:55:22.130Z"""
"16131673-3a47-4b7f-b77a-433fff7a1706","5584ed28-86c4-4061-b1a4-a751ac0320e0","Olivia Cook","4","Worth every penny","My colleagues have been asking about it constantly. Two have already bought one based on my recommendation.","true","""2025-06-12T19:55:22.130Z"""
"a6bd96de-52f2-4b90-a647-f4687a4acacb","5584ed28-86c4-4061-b1a4-a751ac0320e0","Ola Adebayo","3","Worth every penny","The LCD display is clear and easy to read in all conditions. Love being able to monitor speed and battery at a glance.","true","""2025-05-28T19:55:22.130Z"""
"fd1c6d30-248b-40df-899c-5e0f01c9466c","5584ed28-86c4-4061-b1a4-a751ac0320e0","Benjamin Green","5","Very impressed","Love that I can use it as a regular bike when I want exercise, or with assistance when I'm tired. Versatility is brilliant.","true","""2025-10-02T19:55:22.130Z"""
"635d27c9-2e0d-4574-8096-eb1d001e5da2","5584ed28-86c4-4061-b1a4-a751ac0320e0","Hana Suzuki","5","Exceeded all expectations","The throttle mode is brilliant for starting from lights. Get moving quickly without having to pedal hard in traffic.","true","""2025-08-20T19:55:22.130Z"""
"2fb46d49-9e0a-4ed2-bc91-5c6cc15bebf8","5584ed28-86c4-4061-b1a4-a751ac0320e0","Harry Walker","5","Ideal for my needs","Lights are bright and effective. Battery powers them without draining noticeably. Feel confident riding in darker months.","true","""2025-06-06T19:55:22.130Z"""
"53241b28-309b-411c-98b9-7d52bcf1c4a6","5584ed28-86c4-4061-b1a4-a751ac0320e0","Hannah Ross","5","Perfect size","The power levels are well-judged. Eco mode for range, Sport mode for hills. Perfect balance of options.","true","""2025-11-05T19:55:22.130Z"""
"583b15e5-f288-4d1b-8b52-99aebfaa8c72","5584ed28-86c4-4061-b1a4-a751ac0320e0","Layla Rao","5","Love everything about it","The tyres grip well in all conditions. Confident cornering even on wet roads. Feel very planted and stable.","true","""2025-06-14T19:55:22.130Z"""
"7137f1ba-e9fd-4975-b19c-f45415eff00f","5584ed28-86c4-4061-b1a4-a751ac0320e0","Rory Ross","5","Great customer service","Ground clearance is generous. No pedal strikes even on rocky terrain. Well thought-out geometry for actual off-road use.","true","""2025-08-25T19:55:22.130Z"""
"674bcc05-b2cb-495d-9a09-e8fac65a496b","5584ed28-86c4-4061-b1a4-a751ac0320e0","Isha Gupta","5","Game-changer for my commute","After six months of daily use, I have zero complaints. No mechanical issues whatsoever. Just regular maintenance needed.","true","""2025-10-24T19:55:22.130Z"""
"4a0a1943-a0bb-4102-a7e4-23f89098b411","5584ed28-86c4-4061-b1a4-a751ac0320e0","Noah Wilson","4","Superb engineering","Gears shift smoothly under power. Some cheaper bikes require you to stop pedalling - not this one. Very convenient.","true","""2025-10-06T19:55:22.130Z"""
"c01b3858-9a95-4539-beed-ebd6fa09e277","5584ed28-86c4-4061-b1a4-a751ac0320e0","Fraser Grant","3","Fantastic range","Ground clearance is generous. No pedal strikes even on rocky terrain. Well thought-out geometry for actual off-road use.","true","""2025-07-04T19:55:22.130Z"""
"60ab2ca9-aae2-4983-9b47-62c9a49f0a08","5584ed28-86c4-4061-b1a4-a751ac0320e0","Evie Coleman","5","Quality exceeds the price","Customer support answered all my pre-purchase questions promptly. Made the buying decision much easier.","true","""2025-07-23T19:55:22.130Z"""
"b71203e2-388e-48d4-8aa3-e6b2cac31873","5584ed28-86c4-4061-b1a4-a751ac0320e0","Lily Richardson","5","Excellent starter bike","The fat tyres provide incredible grip on loose surfaces. Confident descending on gravel and mud where my road bike would slip.","true","""2025-09-19T19:55:22.130Z"""
"74f3c13e-1836-473c-8fad-0f61808768e0","5584ed28-86c4-4061-b1a4-a751ac0320e0","Ravi Rao","5","Motor is very quiet","The bell is louder than expected - in a good way! Pedestrians actually hear it first time.","false","""2025-10-19T19:55:22.130Z"""
"48f39ee1-acf7-40e1-abdb-52bc0df635a7","5584ed28-86c4-4061-b1a4-a751ac0320e0","Emily Henderson","5","Exceeded all expectations","Charges faster than expected. From empty to full in about 4-5 hours. Perfect to charge overnight.","true","""2025-09-10T19:55:22.130Z"""
"73cfebb7-79c8-4f76-b9a3-a513ab52f626","5584ed28-86c4-4061-b1a4-a751ac0320e0","Samuel Roberts","5","Love everything about it","Suspension works brilliantly. Absorbs bumps effectively without feeling bouncy. Much more comfortable than my old rigid bike.","true","""2025-10-05T19:55:22.130Z"""
"35e42499-2c37-4334-ac90-b11b8b4ba619","5584ed28-86c4-4061-b1a4-a751ac0320e0","Molly Cox","5","Excellent build quality","Surprisingly agile despite the weight. Easy to navigate through tight spaces and park conveniently.","true","""2025-08-04T19:55:22.130Z"""
"ce72509c-5ccd-46b8-a973-5d1c23e39b52","5584ed28-86c4-4061-b1a4-a751ac0320e0","Aoife Flynn","4","Exceeded all expectations","Build quality exceeded expectations at this price point. No cheap plastics or wobbly parts. Everything feels premium.","false","""2025-11-09T19:55:22.130Z"""
"7a9323b0-5993-4887-819e-4cbbe7ac6540","5584ed28-86c4-4061-b1a4-a751ac0320e0","Amina Aziz","4","Ideal for my needs","Disc brakes are essential off-road and these perform flawlessly. Powerful, progressive, reliable even when caked in mud.","false","""2025-07-12T19:55:22.130Z"""
"dd7c47d9-03b4-4813-9417-0b758f6879b3","5584ed28-86c4-4061-b1a4-a751ac0320e0","Amara Adebayo","5","Happy commuter here","Brakes require minimal finger pressure. Very responsive without being grabby. Excellent modulation.","false","""2025-08-28T19:55:22.130Z"""
"ea5cbc79-2801-4385-8021-ed50a2d8fd70","5584ed28-86c4-4061-b1a4-a751ac0320e0","Mia Robinson","5","Outstanding value","The fat tyres provide incredible grip on loose surfaces. Confident descending on gravel and mud where my road bike would slip.","true","""2025-07-13T19:55:22.130Z"""
"83dcb39a-8ea0-4661-b864-9022d9481371","5584ed28-86c4-4061-b1a4-a751ac0320e0","Liam O'Sullivan","5","Great customer service","Gear range is perfect. Lowest gear handles steep hills, highest gear keeps up with traffic on flat roads.","true","""2025-09-22T19:55:22.130Z"""
"df5f5e8e-e4a3-4b34-accb-645ea7277556","5584ed28-86c4-4061-b1a4-a751ac0320e0","Kabir Reddy","5","Love the design","I'm 6'2"" and it fits me comfortably with room to adjust. My partner is 5'4"" and can also ride it comfortably. Very adjustable.","true","""2025-10-03T19:55:22.130Z"""
"250c0712-8bbd-4f84-a6b4-edac86d8e4e9","5584ed28-86c4-4061-b1a4-a751ac0320e0","Conor O'Connor","5","Superb engineering","Ground clearance is generous. No pedal strikes even on rocky terrain. Well thought-out geometry for actual off-road use.","true","""2025-06-17T19:55:22.130Z"""
"501499b3-4646-4d08-9f62-9c69005ae06a","5584ed28-86c4-4061-b1a4-a751ac0320e0","Daniel Wright","4","Just what I needed","Perfect for my hilly commute. What used to take 45 minutes of sweaty pedalling now takes 25 minutes and I arrive fresh.","true","""2025-09-15T19:55:22.130Z"""
"9ec8e6d0-c38b-4f4a-94b2-d579972823d7","5584ed28-86c4-4061-b1a4-a751ac0320e0","William Young","5","Outstanding value","Disc brakes are essential off-road and these perform flawlessly. Powerful, progressive, reliable even when caked in mud.","true","""2025-06-28T19:55:22.130Z"""
"1cea59c4-44eb-462e-82d9-bdb53dc795ba","5584ed28-86c4-4061-b1a4-a751ac0320e0","Thomas Bennett","5","Excellent build quality","Surprisingly quiet motor. My old Electric bike sounded like a lawnmower. This one is almost silent - very refined.","true","""2025-10-25T19:55:22.130Z"""
"50c07372-8daa-41b0-a54a-abeee5a877b1","5584ed28-86c4-4061-b1a4-a751ac0320e0","Noah Long","5","Easy to use","Delivery was impressively quick. Arrived within two days, well packaged. Setup took about 20 minutes following the clear instructions provided.","true","""2025-11-22T19:55:22.130Z"""
"075cad2d-e24f-4c4a-94aa-01da57fd3c0c","5584ed28-86c4-4061-b1a4-a751ac0320e0","Chen Sato","5","Great for hills","Perfect for my hilly commute. What used to take 45 minutes of sweaty pedalling now takes 25 minutes and I arrive fresh.","false","""2025-08-26T19:55:22.130Z"""
"a119f3d1-9f2e-4bdc-ba2e-ac6eef40e5cd","5584ed28-86c4-4061-b1a4-a751ac0320e0","Ji-Hoon Sato","5","Great for hills","The range is no exaggeration. Did a 45-mile ride last weekend and still had battery left. Perfect for longer adventures.","true","""2025-10-24T19:55:22.130Z"""
"ade4bfe8-9931-4bde-ac61-66fdf07bb041","5584ed28-86c4-4061-b1a4-a751ac0320e0","Omar Kumar","5","Highly recommend","Eco mode extends the range impressively. Easily get 50+ miles if you're not rushing. Perfect for weekend rides.","true","""2025-08-29T19:55:22.130Z"""
"d70842a0-dbc3-486d-9d47-97000e45b66f","5584ed28-86c4-4061-b1a4-a751ac0320e0","Isabella Lewis","5","Easy to use","The bell is louder than expected - in a good way! Pedestrians actually hear it first time.","true","""2025-11-02T19:55:22.130Z"""
"e6e297cb-7285-45a0-911d-1ca9017daf65","5584ed28-86c4-4061-b1a4-a751ac0320e0","Emma Wright","5","Comfortable ride","Braking performance is excellent. Stops quickly and confidently even in wet conditions. Feel very safe riding in traffic.","true","""2025-11-18T19:55:22.130Z"""
"feaf408d-3228-4529-87a9-ea17c35dc7af","5584ed28-86c4-4061-b1a4-a751ac0320e0","Ffion Griffiths","5","Perfect for daily use","Disc brakes are essential off-road and these perform flawlessly. Powerful, progressive, reliable even when caked in mud.","true","""2025-09-18T19:55:22.130Z"""
"8a01769b-898c-4497-98f1-6ebc468f402a","5584ed28-86c4-4061-b1a4-a751ac0320e0","Isla Wood","5","Really pleased","Saddle is surprisingly comfortable. I've done 30-mile rides without any discomfort. Gear shifting is smooth and precise too.","true","""2025-07-02T19:55:22.130Z"""
"b087eae9-15cb-490a-b7c7-8874de835276","5584ed28-86c4-4061-b1a4-a751ac0320e0","Saoirse O'Connor","5","Comfortable ride","The fat tyres provide incredible grip on loose surfaces. Confident descending on gravel and mud where my road bike would slip.","true","""2025-07-31T19:55:22.130Z"""
"400b7da3-03b6-494c-bc2d-e30f0b1b591d","5584ed28-86c4-4061-b1a4-a751ac0320e0","Kabir Choudhury","4","Excellent starter bike","Disc brakes are essential off-road and these perform flawlessly. Powerful, progressive, reliable even when caked in mud.","true","""2025-10-25T19:55:22.131Z"""
"06351c6f-8894-429f-8159-bcac3aa0835b","5584ed28-86c4-4061-b1a4-a751ac0320e0","Oliver Reed","5","Love everything about it","My colleagues have been asking about it constantly. Two have already bought one based on my recommendation.","true","""2025-11-14T19:55:22.131Z"""
"e2dff808-cfa2-4417-9cb9-5e086f5a362c","5584ed28-86c4-4061-b1a4-a751ac0320e0","Olivia Phillips","5","Great for hills","The tyres grip well in all conditions. Confident cornering even on wet roads. Feel very planted and stable.","true","""2025-09-04T19:55:22.131Z"""
"756f1b94-d4da-4c6e-b9b3-a6c6631a1695","5584ed28-86c4-4061-b1a4-a751ac0320e0","Cian McCarthy","5","Absolutely brilliant purchase","No buyer's remorse whatsoever. This is everything I hoped it would be and more. Absolutely delighted.","true","""2025-06-04T19:55:22.131Z"""
"2b167705-7a81-4827-8f8d-2b81fc447095","5584ed28-86c4-4061-b1a4-a751ac0320e0","Mihai Kozlov","5","Couldn't be happier","Surprisingly agile despite the weight. Easy to navigate through tight spaces and park conveniently.","true","""2025-10-24T19:55:22.131Z"""
"2901b3a0-ff10-4887-a05a-8dabfab17244","5584ed28-86c4-4061-b1a4-a751ac0320e0","Omar Patel","4","Very impressed","This has paid for itself already in saved train fares. The financial case is compelling even before health benefits.","true","""2025-07-14T19:55:22.131Z"""
"d6aaa679-5c8c-4cd6-8cd0-22f9bf464e20","5584ed28-86c4-4061-b1a4-a751ac0320e0","Mia Bennett","3","Comfortable ride","Build quality exceeded expectations at this price point. No cheap plastics or wobbly parts. Everything feels premium.","true","""2025-10-06T19:55:22.131Z"""
"fca0d2e5-bf1c-4df7-ba8e-d649e9d91859","5584ed28-86c4-4061-b1a4-a751ac0320e0","George Wood","4","Game-changer for my commute","Gears shift smoothly under power. Some cheaper bikes require you to stop pedalling - not this one. Very convenient.","true","""2025-09-06T19:55:22.131Z"""
"f5561d38-a5c4-413b-a73b-86b945699ea0","5584ed28-86c4-4061-b1a4-a751ac0320e0","Sakura Suzuki","5","Very impressed","This has paid for itself already in saved train fares. The financial case is compelling even before health benefits.","true","""2025-07-29T19:55:22.131Z"""
"5eb84867-b5cc-4505-9b22-f98beb48e3a4","5584ed28-86c4-4061-b1a4-a751ac0320e0","Aisha Rahman","5","Very impressed","Lights are bright and effective. Battery powers them without draining noticeably. Feel confident riding in darker months.","true","""2025-11-05T19:55:22.131Z"""
"61505c21-becc-48d7-82be-f481ee8aca8a","5584ed28-86c4-4061-b1a4-a751ac0320e0","Priya Ali","5","Outstanding value","Ground clearance is generous. No pedal strikes even on rocky terrain. Well thought-out geometry for actual off-road use.","true","""2025-09-01T19:55:22.131Z"""
"8778b091-6f42-41ef-8ab4-970267044cf2","5584ed28-86c4-4061-b1a4-a751ac0320e0","William Thomas","2","Really pleased","Build quality exceeded expectations at this price point. No cheap plastics or wobbly parts. Everything feels premium.","true","""2025-05-31T19:55:22.131Z"""
"2dae6140-a7fd-4e70-8309-839842448a85","5584ed28-86c4-4061-b1a4-a751ac0320e0","Rory MacDonald","5","Great customer service","Suspension works brilliantly. Absorbs bumps effectively without feeling bouncy. Much more comfortable than my old rigid bike.","true","""2025-11-23T19:55:22.131Z"""
"723e01ec-0048-4066-9dce-f04c1ed9a4d8","5584ed28-86c4-4061-b1a4-a751ac0320e0","Chloe Cox","5","Absolutely brilliant purchase","The wide handlebars give excellent control on technical sections. Feel very planted and confident on descents.","true","""2025-09-09T19:55:22.131Z"""
"d9a91170-bcec-40ab-8d79-479d569dfba8","5584ed28-86c4-4061-b1a4-a751ac0320e0","William Ward","5","Better than expected","Saddle is surprisingly comfortable. I've done 30-mile rides without any discomfort. Gear shifting is smooth and precise too.","true","""2025-08-02T19:55:22.131Z"""
"321d051e-42d0-4fba-bdc0-dd6b02862cbe","5584ed28-86c4-4061-b1a4-a751ac0320e0","Carys Williams","5","Responsive and smooth","The motor provides smooth, natural assistance. You barely notice it working but hills that used to exhaust me are now effortless.","false","""2025-10-19T19:55:22.131Z"""
"084cf624-22ba-41a8-8496-12732a847830","5584ed28-86c4-4061-b1a4-a751ac0320e0","Samuel Coleman","5","Really pleased","Disc brakes are essential off-road and these perform flawlessly. Powerful, progressive, reliable even when caked in mud.","true","""2025-11-22T19:55:22.131Z"""
"f7ffb214-e7ae-404a-89c2-34683cdc6f03","5584ed28-86c4-4061-b1a4-a751ac0320e0","Jun Kim","5","Exceeded all expectations","Kickstand is sturdy and reliable. Bike stays upright on any surface. Simple but essential feature that works perfectly.","true","""2025-08-18T19:55:22.131Z"""
"3218d581-c57f-4424-a925-63b57421bf55","5584ed28-86c4-4061-b1a4-a751ac0320e0","Hannah Young","4","Perfect for daily use","Brakes require minimal finger pressure. Very responsive without being grabby. Excellent modulation.","false","""2025-06-10T19:55:22.131Z"""
"53f308cb-d489-4a07-8c0b-8d7ee192bf17","5584ed28-86c4-4061-b1a4-a751ac0320e0","Isabella Collins","5","Quality exceeds the price","Charges faster than expected. From empty to full in about 4-5 hours. Perfect to charge overnight.","true","""2025-11-04T19:55:22.131Z"""
"eb284fdb-5992-4371-aabe-8f3a9ef240a3","5584ed28-86c4-4061-b1a4-a751ac0320e0","Min-Jun Kim","1","Motor is very quiet","The rear rack is solid and takes panniers perfectly. Can carry a week's shopping without any wobble.","true","""2025-11-10T19:55:22.131Z"""
"13a516b4-3318-454a-910c-24b9df7a5d85","5584ed28-86c4-4061-b1a4-a751ac0320e0","Fatima Desai","5","Delighted with purchase","The integrated lights look sleek and work brilliantly. No fumbling with removable lights anymore.","true","""2025-11-02T19:55:22.131Z"""
"2473cd29-abb7-40cb-8e01-5b928604d9fb","5584ed28-86c4-4061-b1a4-a751ac0320e0","Eilidh Grant","5","Happy commuter here","No buyer's remorse whatsoever. This is everything I hoped it would be and more. Absolutely delighted.","true","""2025-08-07T19:55:22.131Z"""
"2dfe310f-c626-4589-a6fc-4a0fce58574c","5584ed28-86c4-4061-b1a4-a751ac0320e0","Kemi Kamau","5","Comfortable ride","Suspension works brilliantly. Absorbs bumps effectively without feeling bouncy. Much more comfortable than my old rigid bike.","true","""2025-07-27T19:55:22.131Z"""
"50e6695b-9fab-400c-9b43-14133de7d2b4","5584ed28-86c4-4061-b1a4-a751ac0320e0","Kemi Balogun","5","Fantastic quality","This has opened up so many new routes. Places that were too far or too hilly are now easily accessible. Loving the freedom.","true","""2025-10-23T19:55:22.131Z"""
"e89958ab-623f-4ef3-809c-6c2ddf379175","5584ed28-86c4-4061-b1a4-a751ac0320e0","Ayodele Okafor","5","Fantastic range","The power levels are well-judged. Eco mode for range, Sport mode for hills. Perfect balance of options.","true","""2025-07-29T19:55:22.131Z"""
"7309773b-cca9-4ff8-8326-9c553f450b54","5584ed28-86c4-4061-b1a4-a751ac0320e0","Logan Robertson","5","Better than expected","Disc brakes are essential off-road and these perform flawlessly. Powerful, progressive, reliable even when caked in mud.","true","""2025-10-03T19:55:22.131Z"""
"9c23bf84-2c22-42a1-9e91-6e48f547c75b","5584ed28-86c4-4061-b1a4-a751ac0320e0","Liam Kennedy","2","Happy commuter here","The throttle mode is brilliant for starting from lights. Get moving quickly without having to pedal hard in traffic.","true","""2025-06-12T19:55:22.131Z"""
"b4999f66-defc-45bb-a5a9-3aa0d1327d16","00b6dea8-85bd-45bc-a2fc-c7095b2c1e23","Yusuf Hassan","5","Love the design","The hinges feel solid with no play. Despite folding, it rides like a regular bike - no flex or wobble whatsoever.","true","""2025-11-01T19:55:22.159Z"""
"a4209263-b6fe-45f2-8aed-c18bf8468c2a","00b6dea8-85bd-45bc-a2fc-c7095b2c1e23","Leo Turner","5","Top-notch product","Frame design is practical. Mounting and dismounting is easy, which matters when stopping frequently in town.","true","""2025-11-02T19:55:22.159Z"""
"637074a2-07bd-49fb-9295-0e1c898d1cf6","00b6dea8-85bd-45bc-a2fc-c7095b2c1e23","Ibrahim Khan","1","Just what I needed","Can fit in the boot of my hatchback easily. Opens up possibilities for weekend rides in the countryside.","true","""2025-08-24T19:55:22.159Z"""
"a9b28c15-10b7-4a45-94ae-ecc216c4757a","00b6dea8-85bd-45bc-a2fc-c7095b2c1e23","Chinwe Adeyemi","5","Love the design","Folding mechanism is brilliant. Takes literally 15 seconds. No fumbling or forcing required - just clicks into place.","true","""2025-09-14T19:55:22.159Z"""
"3b1e9956-db87-41fc-aa7e-53fdff98a6e2","00b6dea8-85bd-45bc-a2fc-c7095b2c1e23","George Scott","5","Motor is very quiet","Love the removable battery. I can charge it at my desk whilst at work. So much more convenient than wheeling the whole bike inside.","true","""2025-10-21T19:55:22.159Z"""
"c0d7390c-731c-4e2c-9c68-278c21f20152","00b6dea8-85bd-45bc-a2fc-c7095b2c1e23","Thomas Davies","4","Exceeded all expectations","This has genuinely changed my lifestyle. Haven't driven to work in two months. Saving money and getting fitter simultaneously.","true","""2025-08-08T19:55:22.159Z"""
"05fe0a07-958e-4590-b566-9f693d919dbd","00b6dea8-85bd-45bc-a2fc-c7095b2c1e23","Logan Grant","5","Excellent starter bike","Folding mechanism is brilliant. Takes literally 15 seconds. No fumbling or forcing required - just clicks into place.","true","""2025-06-22T19:55:22.159Z"""
"ae4168ac-fce5-4362-9c49-e674c679ca2d","00b6dea8-85bd-45bc-a2fc-c7095b2c1e23","Declan Doyle","5","Ideal for my needs","The power levels are well-judged. Eco mode for range, Sport mode for hills. Perfect balance of options.","true","""2025-11-17T19:55:22.159Z"""
"8fcad667-63b4-4601-88b1-8e49749a7a1c","00b6dea8-85bd-45bc-a2fc-c7095b2c1e23","Kabir Ahmed","4","Great for hills","Perfect for my train commute. Folds small enough that it doesn't bother other passengers during rush hour.","true","""2025-09-14T19:55:22.159Z"""
"ce8351c8-d2b8-409b-a715-326d7524cda7","00b6dea8-85bd-45bc-a2fc-c7095b2c1e23","Lin Tanaka","5","Feels very sturdy","The mudguards actually work. Stay clean and dry even through puddles. Small detail but makes a big difference.","true","""2025-06-15T19:55:22.159Z"""
"cae17c41-9420-4143-878f-c098e4d24e21","00b6dea8-85bd-45bc-a2fc-c7095b2c1e23","Leo Scott","4","Love everything about it","The hinges feel solid with no play. Despite folding, it rides like a regular bike - no flex or wobble whatsoever.","true","""2025-06-29T19:55:22.159Z"""
"b9ce6957-1976-4d21-87c8-095ea5426779","00b6dea8-85bd-45bc-a2fc-c7095b2c1e23","Duncan Grant","3","Responsive and smooth","Surprisingly quiet motor. My old Electric bike sounded like a lawnmower. This one is almost silent - very refined.","false","""2025-11-12T19:55:22.159Z"""
"c5593fa1-7813-4f02-92e9-243a849e9465","00b6dea8-85bd-45bc-a2fc-c7095b2c1e23","Ibrahim Desai","5","Solid and reliable","The folding mechanism is genius. Folds down in seconds and fits easily in my car boot or under my desk at work.","true","""2025-08-25T19:55:22.159Z"""
"2df119c3-b946-44cf-81b9-31a4c3693df4","00b6dea8-85bd-45bc-a2fc-c7095b2c1e23","Omar Malik","5","Delighted with purchase","The integrated lights look sleek and work brilliantly. No fumbling with removable lights anymore.","true","""2025-07-21T19:55:22.159Z"""
"f563174d-97d3-41a3-8dc3-d97a102bccbe","00b6dea8-85bd-45bc-a2fc-c7095b2c1e23","Benjamin Brown","5","Highly recommend","Customer support answered all my pre-purchase questions promptly. Made the buying decision much easier.","true","""2025-10-10T19:55:22.159Z"""
"d9303a65-4eed-4c83-ab68-bdec6e5c4ada","00b6dea8-85bd-45bc-a2fc-c7095b2c1e23","Noah Taylor","5","Great for hills","Puncture-resistant tyres have lived up to the name. Several months of daily use, zero flats. Impressive.","true","""2025-07-15T19:55:22.159Z"""
"c3cf8304-56f4-4cb7-9de6-b3073da1a2aa","00b6dea8-85bd-45bc-a2fc-c7095b2c1e23","Jabari Balogun","5","Motor is very quiet","No buyer's remorse whatsoever. This is everything I hoped it would be and more. Absolutely delighted.","true","""2025-09-09T19:55:22.159Z"""
"f98ba06a-7019-4231-95d2-f945fd10d95f","00b6dea8-85bd-45bc-a2fc-c7095b2c1e23","Benjamin Jenkins","5","Easy to use","The LCD display is clear and easy to read in all conditions. Love being able to monitor speed and battery at a glance.","true","""2025-09-14T19:55:22.159Z"""
"9f0209f7-944a-48cb-91c0-18024e5dd7f7","00b6dea8-85bd-45bc-a2fc-c7095b2c1e23","Aisling Byrne","4","Very impressed","Braking performance is excellent. Stops quickly and confidently even in wet conditions. Feel very safe riding in traffic.","true","""2025-08-23T19:55:22.159Z"""
"9606a822-acac-41be-91b3-274790cacc13","00b6dea8-85bd-45bc-a2fc-c7095b2c1e23","Ananya Rao","5","Feels very sturdy","The mudguards actually work. Stay clean and dry even through puddles. Small detail but makes a big difference.","true","""2025-09-11T19:55:22.159Z"""
"e8f14b51-5e5b-4999-b983-001090537eb0","00b6dea8-85bd-45bc-a2fc-c7095b2c1e23","Benjamin Hughes","5","Solid and reliable","Saddle is surprisingly comfortable. I've done 30-mile rides without any discomfort. Gear shifting is smooth and precise too.","true","""2025-11-07T19:55:22.159Z"""
"d98dccab-d9a6-4d12-b809-f6f883efb957","00b6dea8-85bd-45bc-a2fc-c7095b2c1e23","Harry Jenkins","5","Ideal for my needs","Kickstand is sturdy and reliable. Bike stays upright on any surface. Simple but essential feature that works perfectly.","true","""2025-10-06T19:55:22.159Z"""
"a058aee0-f1a8-45cc-83e0-87f42e010a8d","00b6dea8-85bd-45bc-a2fc-c7095b2c1e23","Harry Harris","4","Love the design","Can fit in the boot of my hatchback easily. Opens up possibilities for weekend rides in the countryside.","true","""2025-06-14T19:55:22.159Z"""
"c49a077d-1264-4c4c-ba91-fb6f0c1642a3","00b6dea8-85bd-45bc-a2fc-c7095b2c1e23","William Clark","5","Very impressed","Folding mechanism is brilliant. Takes literally 15 seconds. No fumbling or forcing required - just clicks into place.","false","""2025-06-19T19:55:22.159Z"""
"6a12223f-87d5-447e-b5a7-17f5f107e246","00b6dea8-85bd-45bc-a2fc-c7095b2c1e23","Aryan Malik","5","Responsive and smooth","Folding mechanism is brilliant. Takes literally 15 seconds. No fumbling or forcing required - just clicks into place.","true","""2025-07-15T19:55:22.159Z"""
"d59b3eb2-8440-432d-8559-f06fdabef8bd","00b6dea8-85bd-45bc-a2fc-c7095b2c1e23","Fatima Ali","5","Couldn't be happier","The motor provides smooth, natural assistance. You barely notice it working but hills that used to exhaust me are now effortless.","true","""2025-10-03T19:55:22.159Z"""
"f90e94d6-119f-4596-8cb8-574e0eced2a9","00b6dea8-85bd-45bc-a2fc-c7095b2c1e23","Mei Lee","4","Perfect commuter bike","Charges faster than expected. From empty to full in about 4-5 hours. Perfect to charge overnight.","true","""2025-11-22T19:55:22.159Z"""
"9cfe3b23-202d-4346-997d-257d21f734a8","00b6dea8-85bd-45bc-a2fc-c7095b2c1e23","Cerys Jenkins","4","Love the design","Puncture-resistant tyres have lived up to the name. Several months of daily use, zero flats. Impressive.","true","""2025-09-06T19:55:22.159Z"""
"fc3ffedd-6b5a-4502-b58f-e5641a938f54","00b6dea8-85bd-45bc-a2fc-c7095b2c1e23","Chloe Harris","5","Solid and reliable","The tyres grip well in all conditions. Confident cornering even on wet roads. Feel very planted and stable.","true","""2025-07-18T19:55:22.159Z"""
"9e86d353-a1fe-4e65-8417-37b382483ff4","00b6dea8-85bd-45bc-a2fc-c7095b2c1e23","Angus Campbell","5","Excellent starter bike","Perfect for my train commute. Folds small enough that it doesn't bother other passengers during rush hour.","true","""2025-06-09T19:55:22.159Z"""
"c4176ed7-69c7-4527-8211-01ccb51f44ef","00b6dea8-85bd-45bc-a2fc-c7095b2c1e23","Charlotte Ward","5","Perfect commuter bike","The rear rack is solid and takes panniers perfectly. Can carry a week's shopping without any wobble.","true","""2025-11-21T19:55:22.159Z"""
"ae2f9b0e-aec6-4399-8572-57ba073e495b","00b6dea8-85bd-45bc-a2fc-c7095b2c1e23","Joshua Coleman","5","Great customer service","Stores under my desk at work. Saves paying for cycle parking and keeps it safe. Unfolding is just as quick.","true","""2025-07-04T19:55:22.159Z"""
"d5b38f7e-b3fc-42f2-aa59-abf64a46b3ac","00b6dea8-85bd-45bc-a2fc-c7095b2c1e23","Jun Wong","5","Easy to use","Folding mechanism is brilliant. Takes literally 15 seconds. No fumbling or forcing required - just clicks into place.","true","""2025-10-18T19:55:22.159Z"""
"9e10d043-35c4-4c76-b499-db2f7c3a30e9","00b6dea8-85bd-45bc-a2fc-c7095b2c1e23","Isha Khan","4","Excellent starter bike","Surprisingly agile despite the weight. Easy to navigate through tight spaces and park conveniently.","true","""2025-09-27T19:55:22.159Z"""
"2eab2c42-0bf4-4888-93da-fff4dcffd1cc","00b6dea8-85bd-45bc-a2fc-c7095b2c1e23","James King","5","Smooth and powerful","Stores under my desk at work. Saves paying for cycle parking and keeps it safe. Unfolding is just as quick.","true","""2025-06-27T19:55:22.159Z"""
"f594e7c0-c6fb-40dc-b1bf-9cb9df21b29d","00b6dea8-85bd-45bc-a2fc-c7095b2c1e23","Joshua Baker","5","Worth every penny","Gear range is perfect. Lowest gear handles steep hills, highest gear keeps up with traffic on flat roads.","true","""2025-07-26T19:55:22.159Z"""
"bb7264b0-c507-427e-b2c4-fec1f05fd0e2","00b6dea8-85bd-45bc-a2fc-c7095b2c1e23","Zara Malik","5","Perfect commuter bike","Surprisingly agile despite the weight. Easy to navigate through tight spaces and park conveniently.","true","""2025-10-18T19:55:22.159Z"""
"19d5b21b-6ba0-42b4-a5d4-c683fdb9e313","00b6dea8-85bd-45bc-a2fc-c7095b2c1e23","Diya Gupta","5","Perfect commuter bike","No buyer's remorse whatsoever. This is everything I hoped it would be and more. Absolutely delighted.","true","""2025-07-04T19:55:22.159Z"""
"c9f3fc4a-0234-4a36-a1c4-49e9f5d98a60","00b6dea8-85bd-45bc-a2fc-c7095b2c1e23","Fatima Gupta","5","Fantastic range","Folding mechanism is brilliant. Takes literally 15 seconds. No fumbling or forcing required - just clicks into place.","true","""2025-08-20T19:55:22.159Z"""
"3e2cd181-c7ae-42e1-b2b6-710a14bbb321","00b6dea8-85bd-45bc-a2fc-c7095b2c1e23","Liam Doyle","5","Superb engineering","The integrated lights look sleek and work brilliantly. No fumbling with removable lights anymore.","true","""2025-06-18T19:55:22.159Z"""
"11ade7d5-8209-4d47-a432-06a9637d9273","00b6dea8-85bd-45bc-a2fc-c7095b2c1e23","Ravi Kumar","5","Really pleased","The throttle mode is brilliant for starting from lights. Get moving quickly without having to pedal hard in traffic.","true","""2025-07-17T19:55:22.159Z"""
"ef9fd7ea-0f4e-4791-ac77-05bfbc149d0e","00b6dea8-85bd-45bc-a2fc-c7095b2c1e23","Seren Morgan","5","Good for longer rides","The bell is louder than expected - in a good way! Pedestrians actually hear it first time.","true","""2025-06-30T19:55:22.159Z"""
"ee85e495-bc7e-4e64-9bdd-b31de13794ba","00b6dea8-85bd-45bc-a2fc-c7095b2c1e23","Lin Park","5","Worth every penny","Can fit in the boot of my hatchback easily. Opens up possibilities for weekend rides in the countryside.","true","""2025-10-11T19:55:22.159Z"""
"70ff1a52-286f-4b46-9b02-b02a62ebd7a1","00b6dea8-85bd-45bc-a2fc-c7095b2c1e23","Skye Cameron","5","Really pleased","Perfect for my train commute. Folds small enough that it doesn't bother other passengers during rush hour.","true","""2025-09-18T19:55:22.159Z"""
"737afaf9-a5ab-46aa-b499-3b7520a35abf","00b6dea8-85bd-45bc-a2fc-c7095b2c1e23","Poppy Young","3","Outstanding value","Kickstand is sturdy and reliable. Bike stays upright on any surface. Simple but essential feature that works perfectly.","true","""2025-09-06T19:55:22.159Z"""
"b990acac-27fa-42ba-a754-93ab112d2d69","00b6dea8-85bd-45bc-a2fc-c7095b2c1e23","Aoife Murphy","5","Just what I needed","The build quality is exceptional. Everything feels solid and well-engineered. I've been using it daily for three months now and it still performs like new.","true","""2025-09-11T19:55:22.159Z"""
"04ce0e64-fbd2-4cce-8c8e-683494c69962","00b6dea8-85bd-45bc-a2fc-c7095b2c1e23","Molly Price","4","Feels very sturdy","The LCD display is clear and easy to read in all conditions. Love being able to monitor speed and battery at a glance.","true","""2025-07-30T19:55:22.159Z"""
"fdf8b1a5-a8e4-4563-9bee-549d042bf0b7","00b6dea8-85bd-45bc-a2fc-c7095b2c1e23","Fatima Patel","5","Battery life is amazing","The rear rack is solid and takes panniers perfectly. Can carry a week's shopping without any wobble.","true","""2025-11-10T19:55:22.159Z"""
"6e5c59eb-9c6b-4c7e-939b-b2e670a0eae5","00b6dea8-85bd-45bc-a2fc-c7095b2c1e23","Declan O'Brien","5","Love everything about it","Perfect for my hilly commute. What used to take 45 minutes of sweaty pedalling now takes 25 minutes and I arrive fresh.","true","""2025-06-18T19:55:22.159Z"""
"a65f30b3-e152-4663-9d3b-2e4a091538fb","00b6dea8-85bd-45bc-a2fc-c7095b2c1e23","Dimitri Petrescu","5","Love the design","I'm 6'2"" and it fits me comfortably with room to adjust. My partner is 5'4"" and can also ride it comfortably. Very adjustable.","true","""2025-08-17T19:55:22.159Z"""
"7c8fc8e5-9f00-4e85-8602-8024dd1e8b32","00b6dea8-85bd-45bc-a2fc-c7095b2c1e23","Rohan Patel","4","Solid and reliable","Charges faster than expected. From empty to full in about 4-5 hours. Perfect to charge overnight.","true","""2025-08-20T19:55:22.159Z"""
"fd3b92df-d6f8-4258-8de4-142d778c35d3","00b6dea8-85bd-45bc-a2fc-c7095b2c1e23","Aisling Kelly","5","Responsive and smooth","Stores under my desk at work. Saves paying for cycle parking and keeps it safe. Unfolding is just as quick.","true","""2025-06-21T19:55:22.159Z"""
"89230c84-c984-4607-8906-e05f6d594fdd","00b6dea8-85bd-45bc-a2fc-c7095b2c1e23","Min-Jun Chen","5","Just what I needed","The hinges feel solid with no play. Despite folding, it rides like a regular bike - no flex or wobble whatsoever.","true","""2025-06-13T19:55:22.159Z"""
"b66637be-6d79-4b5d-9fb0-c0f6180779f5","00b6dea8-85bd-45bc-a2fc-c7095b2c1e23","Rohan Shah","3","Just what I needed","Folding mechanism is brilliant. Takes literally 15 seconds. No fumbling or forcing required - just clicks into place.","true","""2025-07-05T19:55:22.159Z"""
"57a26eeb-94c8-45a9-86ce-a1bb8543745e","00b6dea8-85bd-45bc-a2fc-c7095b2c1e23","Eoin Kelly","5","Good for longer rides","The rear rack is solid and takes panniers perfectly. Can carry a week's shopping without any wobble.","false","""2025-09-16T19:55:22.159Z"""
"afc47656-32f9-49af-9216-2782409bd3fb","00b6dea8-85bd-45bc-a2fc-c7095b2c1e23","Angus Ferguson","5","Easy to use","The hinges feel solid with no play. Despite folding, it rides like a regular bike - no flex or wobble whatsoever.","true","""2025-11-13T19:55:22.159Z"""
"c5b28452-704c-4f39-b1be-7dba92e10340","00b6dea8-85bd-45bc-a2fc-c7095b2c1e23","Grace Wood","2","Worth every penny","Can fit in the boot of my hatchback easily. Opens up possibilities for weekend rides in the countryside.","true","""2025-06-04T19:55:22.159Z"""
"3694fbe8-c385-4ee8-8742-4ab510dee1f9","00b6dea8-85bd-45bc-a2fc-c7095b2c1e23","Lucas Wood","5","Motor is very quiet","Gears shift smoothly under power. Some cheaper bikes require you to stop pedalling - not this one. Very convenient.","true","""2025-09-16T19:55:22.159Z"""
"1a1fd3e7-5f45-4a31-a64a-097e7289f24c","00b6dea8-85bd-45bc-a2fc-c7095b2c1e23","Isabella Green","4","Good for longer rides","Battery life has been fantastic. I do a 12-mile round trip daily and only charge twice a week. The range indicator is very accurate too.","true","""2025-08-12T19:55:22.159Z"""
"bb3fd006-155e-4b0b-be3f-6e28e3012065","00b6dea8-85bd-45bc-a2fc-c7095b2c1e23","Amara Mensah","5","Brilliant for city riding","Can fit in the boot of my hatchback easily. Opens up possibilities for weekend rides in the countryside.","true","""2025-07-22T19:55:22.159Z"""
"bf15c203-8708-4dbf-8ea2-b8e5b71d8fde","00b6dea8-85bd-45bc-a2fc-c7095b2c1e23","Kofi Okoro","5","Feels very sturdy","I was hesitant about the price initially, but this has saved me hundreds in fuel costs already. Best decision I've made this year.","true","""2025-06-15T19:55:22.159Z"""
"804ed59e-0661-4535-8125-f0484120ca09","00b6dea8-85bd-45bc-a2fc-c7095b2c1e23","Ruby Martin","5","Better than expected","Folding mechanism is brilliant. Takes literally 15 seconds. No fumbling or forcing required - just clicks into place.","false","""2025-06-16T19:55:22.159Z"""
"04e78393-6a8c-41e3-898a-a65374e7ea32","00b6dea8-85bd-45bc-a2fc-c7095b2c1e23","Finn Flynn","4","Absolutely brilliant purchase","Gears shift smoothly under power. Some cheaper bikes require you to stop pedalling - not this one. Very convenient.","true","""2025-09-08T19:55:22.159Z"""
"cd3cc0d0-64a5-432d-8f58-58d78d40e236","00b6dea8-85bd-45bc-a2fc-c7095b2c1e23","Charlie Cook","4","Great customer service","Wheels are strong and true. Haven't needed any adjustment despite some rough cycle paths and potholes.","true","""2025-10-04T19:55:22.159Z"""
"6f8ab9e7-8a2f-47f4-8a08-b25beec3b14c","00b6dea8-85bd-45bc-a2fc-c7095b2c1e23","Amelia Baker","5","Love the design","The rear rack is solid and takes panniers perfectly. Can carry a week's shopping without any wobble.","true","""2025-11-02T19:55:22.159Z"""
"8af93336-b84f-4a40-aed8-8eb1ef5bab11","00b6dea8-85bd-45bc-a2fc-c7095b2c1e23","Freya MacKenzie","5","Responsive and smooth","Charges faster than expected. From empty to full in about 4-5 hours. Perfect to charge overnight.","true","""2025-07-09T19:55:22.159Z"""
"7f85d036-7561-4850-9282-a14d82ad4363","00b6dea8-85bd-45bc-a2fc-c7095b2c1e23","Diya Rahman","5","Good for longer rides","Folding mechanism is brilliant. Takes literally 15 seconds. No fumbling or forcing required - just clicks into place.","true","""2025-10-25T19:55:22.159Z"""
"af51f740-9302-4639-8c6d-52ca6cd063b2","00b6dea8-85bd-45bc-a2fc-c7095b2c1e23","Lily Hall","5","Solid and reliable","Stores under my desk at work. Saves paying for cycle parking and keeps it safe. Unfolding is just as quick.","true","""2025-06-20T19:55:22.159Z"""
"7e825181-0cbb-4ad9-9de0-53188f40b1a4","00b6dea8-85bd-45bc-a2fc-c7095b2c1e23","Amara Boateng","4","Highly recommend","Perfect for my hilly commute. What used to take 45 minutes of sweaty pedalling now takes 25 minutes and I arrive fresh.","true","""2025-09-16T19:55:22.159Z"""
"245c1d7a-c02f-482a-abc5-224126ec00d8","00b6dea8-85bd-45bc-a2fc-c7095b2c1e23","Kabir Singh","5","Happy commuter here","This has genuinely changed my lifestyle. Haven't driven to work in two months. Saving money and getting fitter simultaneously.","false","""2025-11-11T19:55:22.159Z"""
"9d4b8c8c-7e5f-43d0-a879-c70bc7220503","00b6dea8-85bd-45bc-a2fc-c7095b2c1e23","Nia Adeyemi","1","Absolutely brilliant purchase","Frame design is practical. Mounting and dismounting is easy, which matters when stopping frequently in town.","true","""2025-07-11T19:55:22.159Z"""
"8fccaf5c-f426-45af-8f81-69558591efa1","00b6dea8-85bd-45bc-a2fc-c7095b2c1e23","Ava Jenkins","5","Couldn't be happier","Lights are bright and effective. Battery powers them without draining noticeably. Feel confident riding in darker months.","true","""2025-09-08T19:55:22.159Z"""
"34002c56-4080-4ad3-b1c9-72b511f58d0e","00b6dea8-85bd-45bc-a2fc-c7095b2c1e23","Charlie Walker","5","Solid and reliable","Frame design is practical. Mounting and dismounting is easy, which matters when stopping frequently in town.","true","""2025-08-07T19:55:22.159Z"""
"3bdc4e38-2b61-4422-b2b0-881517da95f5","00b6dea8-85bd-45bc-a2fc-c7095b2c1e23","Aiko Sato","4","Battery life is amazing","The throttle mode is brilliant for starting from lights. Get moving quickly without having to pedal hard in traffic.","true","""2025-10-21T19:55:22.159Z"""
"4bb8fdb7-aba2-4ad4-9e23-5664c77375a6","00b6dea8-85bd-45bc-a2fc-c7095b2c1e23","Aisha Ahmed","5","Perfect size","Wheels are strong and true. Haven't needed any adjustment despite some rough cycle paths and potholes.","true","""2025-08-06T19:55:22.159Z"""
"9a4d0eb7-1ce7-4901-9038-9a50b7141474","00b6dea8-85bd-45bc-a2fc-c7095b2c1e23","Eilidh MacKenzie","4","Motor is very quiet","The range is no exaggeration. Did a 45-mile ride last weekend and still had battery left. Perfect for longer adventures.","true","""2025-07-18T19:55:22.159Z"""
"b504945e-39a8-4985-90d9-98aaad35a505","00b6dea8-85bd-45bc-a2fc-c7095b2c1e23","Zofia Kuznetsov","5","Brilliant for city riding","Can fit in the boot of my hatchback easily. Opens up possibilities for weekend rides in the countryside.","true","""2025-10-23T19:55:22.159Z"""
"df4c0ac7-0b08-4e66-b9ec-2f1c0d2463b7","00b6dea8-85bd-45bc-a2fc-c7095b2c1e23","Meera Shah","5","Worth every penny","The weight is well-balanced. Easy to manoeuvre despite being heavier than a standard bike. Handles beautifully.","true","""2025-08-30T19:55:22.159Z"""
"297f2116-3398-472d-a0c2-21afc328e68a","00b6dea8-85bd-45bc-a2fc-c7095b2c1e23","Daniel Reed","5","Perfect commuter bike","Delivery was impressively quick. Arrived within two days, well packaged. Setup took about 20 minutes following the clear instructions provided.","true","""2025-07-29T19:55:22.159Z"""
"edfc23a0-b2e3-4184-9cdc-ea0e8eca7925","00b6dea8-85bd-45bc-a2fc-c7095b2c1e23","Poppy Long","5","Perfect commuter bike","The build quality is exceptional. Everything feels solid and well-engineered. I've been using it daily for three months now and it still performs like new.","true","""2025-07-26T19:55:22.159Z"""
"9c6d2d44-2b8e-4b1f-875d-f0deedf36532","00b6dea8-85bd-45bc-a2fc-c7095b2c1e23","Sophie Phillips","4","Exceeded all expectations","Perfect for my train commute. Folds small enough that it doesn't bother other passengers during rush hour.","true","""2025-09-20T19:55:22.159Z"""
"bcffd179-9a37-4c7c-b477-9b3a2a2f6923","00b6dea8-85bd-45bc-a2fc-c7095b2c1e23","Conor O'Donnell","5","Worth every penny","The hinges feel solid with no play. Despite folding, it rides like a regular bike - no flex or wobble whatsoever.","true","""2025-08-21T19:55:22.159Z"""
"ee75e19c-0aa7-4ce0-bd7a-31d9578218cd","00b6dea8-85bd-45bc-a2fc-c7095b2c1e23","Owain Rees","5","Comfortable ride","Puncture-resistant tyres have lived up to the name. Several months of daily use, zero flats. Impressive.","true","""2025-09-03T19:55:22.159Z"""
"97f1f089-90cd-4c1a-a899-f506dd945892","00b6dea8-85bd-45bc-a2fc-c7095b2c1e23","Morgan Lloyd","5","Really pleased","This has genuinely changed my lifestyle. Haven't driven to work in two months. Saving money and getting fitter simultaneously.","true","""2025-10-17T19:55:22.159Z"""
"6c5d155f-3e97-4885-ad47-1e91a652d85d","00b6dea8-85bd-45bc-a2fc-c7095b2c1e23","Leo Mitchell","5","Perfect commuter bike","Perfect for my hilly commute. What used to take 45 minutes of sweaty pedalling now takes 25 minutes and I arrive fresh.","true","""2025-09-28T19:55:22.159Z"""
"0fdbb940-9740-4e31-ad52-7d624be83477","00b6dea8-85bd-45bc-a2fc-c7095b2c1e23","Ana Novak","5","Perfect size","Build quality exceeded expectations at this price point. No cheap plastics or wobbly parts. Everything feels premium.","true","""2025-08-30T19:55:22.159Z"""
"8fe830c5-9aa9-482c-a00d-0ee2a7d60833","00b6dea8-85bd-45bc-a2fc-c7095b2c1e23","Owain Price","5","Ideal for my needs","Charges faster than expected. From empty to full in about 4-5 hours. Perfect to charge overnight.","true","""2025-10-11T19:55:22.159Z"""
"4ed3ed05-bfdf-49e5-990f-4b55ccab9737","00b6dea8-85bd-45bc-a2fc-c7095b2c1e23","Poppy Taylor","3","Excellent starter bike","The integrated lights look sleek and work brilliantly. No fumbling with removable lights anymore.","true","""2025-10-26T19:55:22.159Z"""
"0ca0e9a3-161d-4cc4-aa40-12b4fe1ab633","00b6dea8-85bd-45bc-a2fc-c7095b2c1e23","Olivia Martin","5","Solid and reliable","The rear rack is solid and takes panniers perfectly. Can carry a week's shopping without any wobble.","true","""2025-11-08T19:55:22.159Z"""
"6333fc75-6035-4aa5-969e-39d6b299f1d8","00b6dea8-85bd-45bc-a2fc-c7095b2c1e23","Molly Lewis","4","Superb engineering","The weight is well-balanced. Easy to manoeuvre despite being heavier than a standard bike. Handles beautifully.","true","""2025-07-15T19:55:22.159Z"""
"dab6061c-9e13-40cb-b849-2155fe146e37","00b6dea8-85bd-45bc-a2fc-c7095b2c1e23","Zofia Ivanova","5","Fantastic quality","This has genuinely changed my lifestyle. Haven't driven to work in two months. Saving money and getting fitter simultaneously.","true","""2025-06-26T19:55:22.159Z"""
"91597259-1356-44b6-b0ff-b4624ccee5b1","00b6dea8-85bd-45bc-a2fc-c7095b2c1e23","Aisling McCarthy","3","Highly recommend","Exactly as described on the website. No nasty surprises. What you see is what you get, which is refreshing.","true","""2025-08-24T19:55:22.159Z"""
"732a7d37-38bd-4e08-ba35-40d7673bf1cf","00b6dea8-85bd-45bc-a2fc-c7095b2c1e23","Zara Balogun","2","Just what I needed","Kickstand is sturdy and reliable. Bike stays upright on any surface. Simple but essential feature that works perfectly.","true","""2025-10-31T19:55:22.159Z"""
"01d5ca9c-088a-46e2-b7e4-ce5fe05a7bc5","00b6dea8-85bd-45bc-a2fc-c7095b2c1e23","Gareth Rees","4","Happy commuter here","Gears shift smoothly under power. Some cheaper bikes require you to stop pedalling - not this one. Very convenient.","true","""2025-08-19T19:55:22.159Z"""
"ee6c727e-3b7b-4598-b77d-5f32a5b54568","00b6dea8-85bd-45bc-a2fc-c7095b2c1e23","Mia Cox","3","Highly recommend","Puncture-resistant tyres have lived up to the name. Several months of daily use, zero flats. Impressive.","true","""2025-06-03T19:55:22.159Z"""
"ca8de0b5-2018-42ae-b45d-b6629abda1c1","00b6dea8-85bd-45bc-a2fc-c7095b2c1e23","Aarav Choudhury","5","Motor is very quiet","Perfect for my train commute. Folds small enough that it doesn't bother other passengers during rush hour.","true","""2025-08-12T19:55:22.159Z"""
"6d0c156f-82fb-4c90-9f30-e292f87e1659","00b6dea8-85bd-45bc-a2fc-c7095b2c1e23","Aisha Hassan","5","Happy commuter here","Gears shift smoothly under power. Some cheaper bikes require you to stop pedalling - not this one. Very convenient.","true","""2025-11-10T19:55:22.159Z"""
"a7501d97-02b3-4122-b32d-714fb47a7723","00b6dea8-85bd-45bc-a2fc-c7095b2c1e23","Daniel Watson","5","Worth every penny","Folding mechanism is brilliant. Takes literally 15 seconds. No fumbling or forcing required - just clicks into place.","true","""2025-09-24T19:55:22.159Z"""
"1fd3eeb1-b6fa-4c7b-8202-d34c08bc1a54","00b6dea8-85bd-45bc-a2fc-c7095b2c1e23","Sophie Ross","5","Excellent starter bike","The craftsmanship is evident. Welds are neat, paint is flawless. This is a bike built to last.","true","""2025-08-05T19:55:22.159Z"""
"cd9b7926-6eca-4523-af26-a082ca54895c","00b6dea8-85bd-45bc-a2fc-c7095b2c1e23","Freya Murray","5","Outstanding value","Perfect for my train commute. Folds small enough that it doesn't bother other passengers during rush hour.","true","""2025-06-09T19:55:22.159Z"""
"82e0301b-90b5-4ee4-81e6-3c739d2a2e1c","00b6dea8-85bd-45bc-a2fc-c7095b2c1e23","Alexander Baker","4","Responsive and smooth","The hinges feel solid with no play. Despite folding, it rides like a regular bike - no flex or wobble whatsoever.","true","""2025-06-08T19:55:22.159Z"""
"ab63ee03-3fc8-4420-8809-90b3c512a58c","00b6dea8-85bd-45bc-a2fc-c7095b2c1e23","Amara Okafor","5","Very impressed","The integrated lights look sleek and work brilliantly. No fumbling with removable lights anymore.","true","""2025-09-27T19:55:22.159Z"""
"1f6b7148-fc70-47a8-b868-cd55c5f78d57","00b6dea8-85bd-45bc-a2fc-c7095b2c1e23","Angus MacLeod","4","Easy to use","Can fit in the boot of my hatchback easily. Opens up possibilities for weekend rides in the countryside.","true","""2025-10-14T19:55:22.159Z"""
"f62e1733-b2a5-49d8-92bd-9d9a28f3b956","00b6dea8-85bd-45bc-a2fc-c7095b2c1e23","Ananya Khan","4","Really pleased","Build quality exceeded expectations at this price point. No cheap plastics or wobbly parts. Everything feels premium.","true","""2025-09-10T19:55:22.159Z"""
"3a2f1b5a-962b-40f8-9945-4dacefe48c42","00b6dea8-85bd-45bc-a2fc-c7095b2c1e23","Ella Turner","1","Worth every penny","Folding mechanism is brilliant. Takes literally 15 seconds. No fumbling or forcing required - just clicks into place.","true","""2025-09-09T19:55:22.159Z"""
"75775556-7fd7-40f1-885d-bcec8c0abdfe","00b6dea8-85bd-45bc-a2fc-c7095b2c1e23","Hamish Robertson","5","Superb engineering","Wheels are strong and true. Haven't needed any adjustment despite some rough cycle paths and potholes.","false","""2025-06-29T19:55:22.159Z"""
"5ed79817-0833-4656-81e5-d080671f5b81","00b6dea8-85bd-45bc-a2fc-c7095b2c1e23","Aoife O'Connor","5","Folds up nicely","The tyres grip well in all conditions. Confident cornering even on wet roads. Feel very planted and stable.","true","""2025-11-08T19:55:22.159Z"""
"0b1e5965-517b-43e1-a757-7f76aa259d74","00b6dea8-85bd-45bc-a2fc-c7095b2c1e23","Ethan Foster","5","Fantastic range","The hinges feel solid with no play. Despite folding, it rides like a regular bike - no flex or wobble whatsoever.","false","""2025-07-03T19:55:22.159Z"""
"33413ab2-532a-422f-beb1-788e08c76680","00b6dea8-85bd-45bc-a2fc-c7095b2c1e23","William Richardson","5","Exceeded all expectations","Brakes require minimal finger pressure. Very responsive without being grabby. Excellent modulation.","true","""2025-06-20T19:55:22.159Z"""
"06b6da85-f6bb-4f58-b2f6-f76029c2786d","00b6dea8-85bd-45bc-a2fc-c7095b2c1e23","William Walker","4","Superb engineering","The power levels are well-judged. Eco mode for range, Sport mode for hills. Perfect balance of options.","true","""2025-09-30T19:55:22.159Z"""
"33e2e0d4-bbf6-4b4d-892f-27ae2284a97d","00b6dea8-85bd-45bc-a2fc-c7095b2c1e23","Eilidh MacLeod","5","Great customer service","Battery life has been fantastic. I do a 12-mile round trip daily and only charge twice a week. The range indicator is very accurate too.","true","""2025-10-13T19:55:22.159Z"""
"7b69a985-636c-4895-9a88-b8e5981ba38a","00b6dea8-85bd-45bc-a2fc-c7095b2c1e23","Mason Clark","5","Love everything about it","Stores under my desk at work. Saves paying for cycle parking and keeps it safe. Unfolding is just as quick.","true","""2025-08-26T19:55:22.159Z"""
"af470110-24b6-4f34-b817-2af9c6f73a81","00b6dea8-85bd-45bc-a2fc-c7095b2c1e23","Erin Grant","3","Responsive and smooth","Customer support answered all my pre-purchase questions promptly. Made the buying decision much easier.","true","""2025-10-09T19:55:22.159Z"""
"c1a8088e-5c7f-4073-9bc7-f92764d78edc","00b6dea8-85bd-45bc-a2fc-c7095b2c1e23","Fraser Robertson","5","Best investment I've made","Braking performance is excellent. Stops quickly and confidently even in wet conditions. Feel very safe riding in traffic.","true","""2025-09-21T19:55:22.159Z"""
"0d1dd62a-333c-40cc-9f61-9e3238d3dff2","00b6dea8-85bd-45bc-a2fc-c7095b2c1e23","Mason Reed","3","Best investment I've made","The motor provides smooth, natural assistance. You barely notice it working but hills that used to exhaust me are now effortless.","true","""2025-10-15T19:55:22.159Z"""
"9110564d-4ec1-47e2-bfbb-0f2671fd221b","00b6dea8-85bd-45bc-a2fc-c7095b2c1e23","Sakura Sato","4","Couldn't be happier","Can fit in the boot of my hatchback easily. Opens up possibilities for weekend rides in the countryside.","true","""2025-08-20T19:55:22.159Z"""
"e1eef19b-ef56-4f74-9a58-e9f630055030","00b6dea8-85bd-45bc-a2fc-c7095b2c1e23","Lucas Lewis","5","Outstanding value","Gears shift smoothly under power. Some cheaper bikes require you to stop pedalling - not this one. Very convenient.","true","""2025-09-01T19:55:22.159Z"""
"694fe6c3-207a-4fa2-925d-d9024c6b08ef","00b6dea8-85bd-45bc-a2fc-c7095b2c1e23","Grace Bennett","3","Worth every penny","The craftsmanship is evident. Welds are neat, paint is flawless. This is a bike built to last.","true","""2025-08-31T19:55:22.159Z"""
"882cdf60-e366-4624-a4b6-abf6b409dd73","00b6dea8-85bd-45bc-a2fc-c7095b2c1e23","Ji-Hoon Kim","5","Impressive performance","Folding mechanism is brilliant. Takes literally 15 seconds. No fumbling or forcing required - just clicks into place.","false","""2025-06-16T19:55:22.159Z"""
"e3be566f-002b-41ce-8d75-0c5f076f2705","00b6dea8-85bd-45bc-a2fc-c7095b2c1e23","Omar Rao","5","Comfortable ride","The rear rack is solid and takes panniers perfectly. Can carry a week's shopping without any wobble.","true","""2025-10-16T19:55:22.159Z"""
"d6796c33-1fe3-4665-891a-b4777794c9a6","00b6dea8-85bd-45bc-a2fc-c7095b2c1e23","Charlie Mitchell","5","Love the design","Saddle is surprisingly comfortable. I've done 30-mile rides without any discomfort. Gear shifting is smooth and precise too.","true","""2025-08-31T19:55:22.159Z"""
"60ee2081-785b-446d-9fc1-35f1e1120a54","00b6dea8-85bd-45bc-a2fc-c7095b2c1e23","Olivia Richardson","5","Couldn't be happier","Wheels are strong and true. Haven't needed any adjustment despite some rough cycle paths and potholes.","true","""2025-11-17T19:55:22.159Z"""
"00ca9df6-cd6b-413c-a3b9-f06d0d7f67b9","00b6dea8-85bd-45bc-a2fc-c7095b2c1e23","Matthew Ross","4","Very impressed","I'm 6'2"" and it fits me comfortably with room to adjust. My partner is 5'4"" and can also ride it comfortably. Very adjustable.","true","""2025-08-14T19:55:22.159Z"""
"19ed150b-d832-46ef-b38d-59072cfe2c6e","00b6dea8-85bd-45bc-a2fc-c7095b2c1e23","William Howard","5","Exceeded all expectations","Stores under my desk at work. Saves paying for cycle parking and keeps it safe. Unfolding is just as quick.","true","""2025-11-18T19:55:22.159Z"""
"d57fdda9-0f2a-4c02-ad6e-f7ba45017991","00b6dea8-85bd-45bc-a2fc-c7095b2c1e23","Ananya Mehta","5","Perfect commuter bike","Eco mode extends the range impressively. Easily get 50+ miles if you're not rushing. Perfect for weekend rides.","true","""2025-08-14T19:55:22.159Z"""
"fcbe9448-87f6-4516-ad6a-f0bfe8222cb7","00b6dea8-85bd-45bc-a2fc-c7095b2c1e23","Chloe Thomas","5","Perfect for daily use","The folding mechanism is genius. Folds down in seconds and fits easily in my car boot or under my desk at work.","true","""2025-11-02T19:55:22.159Z"""
"82ad22de-9258-48f3-9f40-69d127ca2227","00b6dea8-85bd-45bc-a2fc-c7095b2c1e23","Alexander Martin","5","Smooth and powerful","Folding mechanism is brilliant. Takes literally 15 seconds. No fumbling or forcing required - just clicks into place.","true","""2025-08-19T19:55:22.159Z"""
"cc0ff509-c7fb-4721-8a3a-09568bdbe59e","00b6dea8-85bd-45bc-a2fc-c7095b2c1e23","Layla Reddy","5","Brilliant for city riding","Kickstand is sturdy and reliable. Bike stays upright on any surface. Simple but essential feature that works perfectly.","false","""2025-06-23T19:55:22.159Z"""
"feee073c-84fa-4fc2-b120-7c17fb0c7c17","00b6dea8-85bd-45bc-a2fc-c7095b2c1e23","Molly Davies","5","Solid and reliable","Puncture-resistant tyres have lived up to the name. Several months of daily use, zero flats. Impressive.","true","""2025-06-09T19:55:22.159Z"""
"b99f9daa-43ec-4936-9237-7733027d2375","00b6dea8-85bd-45bc-a2fc-c7095b2c1e23","Cian Ryan","4","Brilliant for city riding","Surprisingly quiet motor. My old Electric bike sounded like a lawnmower. This one is almost silent - very refined.","true","""2025-09-27T19:55:22.159Z"""
"75b9d960-3acf-4d4f-8382-4fe68fa7861b","00b6dea8-85bd-45bc-a2fc-c7095b2c1e23","Maisie Murray","5","Motor is very quiet","Lights are bright and effective. Battery powers them without draining noticeably. Feel confident riding in darker months.","true","""2025-09-06T19:55:22.159Z"""
"0c24343e-32b8-48df-a19c-2ba5bb6cac64","00b6dea8-85bd-45bc-a2fc-c7095b2c1e23","Ffion Morgan","5","Great for hills","The rear rack is solid and takes panniers perfectly. Can carry a week's shopping without any wobble.","true","""2025-07-24T19:55:22.159Z"""
"b54c00ae-8b70-4d53-9637-75092efbe647","00b6dea8-85bd-45bc-a2fc-c7095b2c1e23","Poppy Baker","4","Really pleased","Can fit in the boot of my hatchback easily. Opens up possibilities for weekend rides in the countryside.","true","""2025-06-18T19:55:22.159Z"""
"81e9f31b-8a17-471e-b776-aa5d5e11dcb5","00b6dea8-85bd-45bc-a2fc-c7095b2c1e23","Sophie Roberts","5","Easy to use","The mudguards actually work. Stay clean and dry even through puddles. Small detail but makes a big difference.","true","""2025-09-26T19:55:22.159Z"""
"d1be70e0-625f-4819-b968-8975a0baacce","00b6dea8-85bd-45bc-a2fc-c7095b2c1e23","Dylan Rees","5","Excellent starter bike","Stores under my desk at work. Saves paying for cycle parking and keeps it safe. Unfolding is just as quick.","false","""2025-06-09T19:55:22.159Z"""
"94b5df48-2847-4f65-a6fc-ba85e73d07a5","00b6dea8-85bd-45bc-a2fc-c7095b2c1e23","Ola Mwangi","5","Motor is very quiet","Braking performance is excellent. Stops quickly and confidently even in wet conditions. Feel very safe riding in traffic.","true","""2025-08-28T19:55:22.159Z"""
"13184772-66ad-4874-af3e-5f8aa909670e","00b6dea8-85bd-45bc-a2fc-c7095b2c1e23","Lucas Evans","2","Best investment I've made","Can fit in the boot of my hatchback easily. Opens up possibilities for weekend rides in the countryside.","false","""2025-09-14T19:55:22.159Z"""
"2c0aaa69-aa61-4bb0-bb75-17e90a7739c2","00b6dea8-85bd-45bc-a2fc-c7095b2c1e23","Liam Stewart","5","Smooth and powerful","The design is sleek and modern. I get compliments on it regularly. Doesn't look like a typical Electric bike at all.","true","""2025-10-19T19:55:22.159Z"""
"38c3c4bf-9840-41d9-8d50-28404aed9e82","00b6dea8-85bd-45bc-a2fc-c7095b2c1e23","Fatima Ahmed","5","Love everything about it","Can fit in the boot of my hatchback easily. Opens up possibilities for weekend rides in the countryside.","true","""2025-09-03T19:55:22.159Z"""
"d56bc53e-ddd3-4eae-87c5-a93466c526ac","00b6dea8-85bd-45bc-a2fc-c7095b2c1e23","Zara Mensah","5","Couldn't be happier","Gear range is perfect. Lowest gear handles steep hills, highest gear keeps up with traffic on flat roads.","true","""2025-06-04T19:55:22.159Z"""
"c303f65f-a4bc-4fbf-aef4-f3ff714fe4ca","00b6dea8-85bd-45bc-a2fc-c7095b2c1e23","Matthew Brooks","4","Solid and reliable","The mudguards actually work. Stay clean and dry even through puddles. Small detail but makes a big difference.","true","""2025-08-24T19:55:22.159Z"""
"ce615797-d33b-4d1a-9d05-1ed195b0877d","00b6dea8-85bd-45bc-a2fc-c7095b2c1e23","Amelia Wilson","1","Easy to use","Love the removable battery. I can charge it at my desk whilst at work. So much more convenient than wheeling the whole bike inside.","true","""2025-10-31T19:55:22.159Z"""
"4ddd85f6-3a82-4e91-9867-c30785a67a67","00b6dea8-85bd-45bc-a2fc-c7095b2c1e23","Jack Jenkins","5","Love everything about it","The integrated lights look sleek and work brilliantly. No fumbling with removable lights anymore.","true","""2025-08-22T19:55:22.159Z"""
"7ab55e77-a50e-4040-a481-99f4fa371a1e","00b6dea8-85bd-45bc-a2fc-c7095b2c1e23","Angus Grant","3","Quality exceeds the price","Assembly was straightforward. Clear instructions and all necessary tools included. Was ready to ride in under half an hour.","true","""2025-06-07T19:55:22.159Z"""
"8a761f2d-5394-45c8-80c0-a321e872910e","00b6dea8-85bd-45bc-a2fc-c7095b2c1e23","Alexander Anderson","5","Easy to use","Kickstand is sturdy and reliable. Bike stays upright on any surface. Simple but essential feature that works perfectly.","true","""2025-11-21T19:55:22.159Z"""
"cacbf5f0-37af-49ab-9012-f8303316ca7d","00b6dea8-85bd-45bc-a2fc-c7095b2c1e23","Oscar Cooper","5","Love the design","Can fit in the boot of my hatchback easily. Opens up possibilities for weekend rides in the countryside.","false","""2025-05-31T19:55:22.159Z"""
"ffa0c589-d68c-47d7-b9ef-d9f73585ac3a","00b6dea8-85bd-45bc-a2fc-c7095b2c1e23","George Baker","5","Perfect size","Stores under my desk at work. Saves paying for cycle parking and keeps it safe. Unfolding is just as quick.","true","""2025-11-09T19:55:22.159Z"""
"4ae1292b-426f-4373-8347-6f857701aec6","00b6dea8-85bd-45bc-a2fc-c7095b2c1e23","Ffion Price","5","Ideal for my needs","The bell is louder than expected - in a good way! Pedestrians actually hear it first time.","true","""2025-06-13T19:55:22.160Z"""
"8674a278-0dd4-4489-9c38-2265c9ec7517","00b6dea8-85bd-45bc-a2fc-c7095b2c1e23","Molly Brooks","2","Exceeded all expectations","The rear rack is solid and takes panniers perfectly. Can carry a week's shopping without any wobble.","true","""2025-11-03T19:55:22.160Z"""
"205c1ced-a8b0-4a21-8d56-31009d659d3e","00b6dea8-85bd-45bc-a2fc-c7095b2c1e23","Duncan Murray","5","Perfect for daily use","The build quality is exceptional. Everything feels solid and well-engineered. I've been using it daily for three months now and it still performs like new.","true","""2025-09-04T19:55:22.160Z"""
"d65dbb7e-00c7-4fbc-ad4b-d4ec4eb5a5d9","fe5d310f-8758-42c4-a651-adea08706e9a","Isabella Watson","5","Best investment I've made","The upright riding position is ideal for visibility in traffic. Can see over cars and be seen by drivers.","true","""2025-08-20T19:55:22.190Z"""
"0825e095-5a5a-44c1-9fce-24ac0b99bd5b","fe5d310f-8758-42c4-a651-adea08706e9a","Sophie Lewis","5","Happy commuter here","Charges faster than expected. From empty to full in about 4-5 hours. Perfect to charge overnight.","true","""2025-08-03T19:55:22.190Z"""
"89d6cfe3-4c7b-447a-aebf-00eefe7c1f12","fe5d310f-8758-42c4-a651-adea08706e9a","Emily Thomas","5","Outstanding value","Charges faster than expected. From empty to full in about 4-5 hours. Perfect to charge overnight.","true","""2025-10-22T19:55:22.190Z"""
"c5173bb0-0612-43b4-9c72-862d52bbfcc2","fe5d310f-8758-42c4-a651-adea08706e9a","Lucas Young","5","Happy commuter here","Frame design is practical. Mounting and dismounting is easy, which matters when stopping frequently in town.","true","""2025-07-17T19:55:22.190Z"""
"216092e6-59f1-4600-9dcd-abbb6ae1b300","fe5d310f-8758-42c4-a651-adea08706e9a","Yusuf Ali","5","Great for hills","Exactly as described on the website. No nasty surprises. What you see is what you get, which is refreshing.","false","""2025-08-28T19:55:22.190Z"""
"5ed5801c-1a51-4eb2-99b3-849f43d3526d","fe5d310f-8758-42c4-a651-adea08706e9a","Kenji Wong","5","Great for hills","Narrow enough for cycle lanes but stable enough for main roads. Strikes the perfect balance for urban riding.","true","""2025-10-17T19:55:22.190Z"""
"e1152c32-9902-46d0-960d-3e0d6fa568be","fe5d310f-8758-42c4-a651-adea08706e9a","Min-Jun Sato","5","Great customer service","Battery life has been fantastic. I do a 12-mile round trip daily and only charge twice a week. The range indicator is very accurate too.","true","""2025-06-20T19:55:22.190Z"""
"c8f5c328-a3ba-4087-8adf-a633cc61ac9d","fe5d310f-8758-42c4-a651-adea08706e9a","Isabella Richardson","5","Couldn't be happier","The mudguards and chain guard keep me clean for work. No more trouser clips or dirty marks on my suit.","true","""2025-06-05T19:55:22.190Z"""
"562bf977-3066-4356-8fd7-60d6c0f6a34e","fe5d310f-8758-42c4-a651-adea08706e9a","Priya Rahman","5","Feels very sturdy","My colleagues have been asking about it constantly. Two have already bought one based on my recommendation.","true","""2025-09-30T19:55:22.190Z"""
"ee340828-5e24-4efc-9d74-d15bf8f6460c","fe5d310f-8758-42c4-a651-adea08706e9a","Ava Foster","5","Battery life is amazing","The LCD display is clear and easy to read in all conditions. Love being able to monitor speed and battery at a glance.","true","""2025-07-08T19:55:22.190Z"""
"f6930db7-e71a-42cf-be63-c0953ec15070","fe5d310f-8758-42c4-a651-adea08706e9a","Jack Brown","5","Fantastic range","This has genuinely changed my lifestyle. Haven't driven to work in two months. Saving money and getting fitter simultaneously.","true","""2025-10-07T19:55:22.190Z"""
"68c13267-cbc4-4f9f-92e0-94114d12c21e","fe5d310f-8758-42c4-a651-adea08706e9a","Poppy Thompson","5","Worth every penny","The mudguards and chain guard keep me clean for work. No more trouser clips or dirty marks on my suit.","true","""2025-07-29T19:55:22.190Z"""
"2daa0784-7ce9-4204-b93d-346b63f96978","fe5d310f-8758-42c4-a651-adea08706e9a","William Jackson","5","Happy commuter here","Charges faster than expected. From empty to full in about 4-5 hours. Perfect to charge overnight.","false","""2025-07-09T19:55:22.190Z"""
"06fd6d69-6739-4154-b492-8f3b2269e8a2","fe5d310f-8758-42c4-a651-adea08706e9a","Lin Li","4","Great customer service","The folding mechanism is genius. Folds down in seconds and fits easily in my car boot or under my desk at work.","true","""2025-11-18T19:55:22.190Z"""
"1e13fca6-a6f9-4e80-bc33-d57fc2c0158d","fe5d310f-8758-42c4-a651-adea08706e9a","Ji-Hoon Nguyen","5","Happy commuter here","Integrated lights and reflectors make me visible. Essential for early morning and evening commutes in winter.","true","""2025-10-25T19:55:22.190Z"""
"8981e07f-bf40-46da-8e0f-7ebf3aa4f53a","fe5d310f-8758-42c4-a651-adea08706e9a","Tao Li","4","Delighted with purchase","The bell is louder than expected - in a good way! Pedestrians actually hear it first time.","true","""2025-10-26T19:55:22.190Z"""
"d3a1b657-085f-4e4e-b5d9-efd537605727","fe5d310f-8758-42c4-a651-adea08706e9a","Samuel Brooks","5","Great for hills","The LCD display is clear and easy to read in all conditions. Love being able to monitor speed and battery at a glance.","true","""2025-07-31T19:55:22.190Z"""
"510c4eaa-bf2a-4e2a-9849-ceb71f73685b","fe5d310f-8758-42c4-a651-adea08706e9a","Matthew Mitchell","5","Top-notch product","Integrated lights and reflectors make me visible. Essential for early morning and evening commutes in winter.","true","""2025-07-10T19:55:22.190Z"""
"7558b6f2-7ea0-4e91-bef4-4e42f1c2c408","fe5d310f-8758-42c4-a651-adea08706e9a","Isla MacDonald","5","Love the design","Narrow enough for cycle lanes but stable enough for main roads. Strikes the perfect balance for urban riding.","true","""2025-08-08T19:55:22.190Z"""
"760c2536-5cb9-4926-a17a-1a156d30feb7","fe5d310f-8758-42c4-a651-adea08706e9a","Evie Scott","4","Really pleased","The design is sleek and modern. I get compliments on it regularly. Doesn't look like a typical Electric bike at all.","false","""2025-09-26T19:55:22.190Z"""
"56a30f9d-50f5-47ee-a0e8-45c0ed0d32ac","fe5d310f-8758-42c4-a651-adea08706e9a","Jack Barnes","5","Easy to use","Integrated lights and reflectors make me visible. Essential for early morning and evening commutes in winter.","false","""2025-10-06T19:55:22.190Z"""
"6c71dfe4-9e0f-4cd5-bec6-9d03a69a058b","fe5d310f-8758-42c4-a651-adea08706e9a","Aryan Ahmed","4","Folds up nicely","After six months of daily use, I have zero complaints. No mechanical issues whatsoever. Just regular maintenance needed.","true","""2025-10-11T19:55:22.190Z"""
"f2aae7a3-839b-48b6-8dff-c0cfab4b98e8","fe5d310f-8758-42c4-a651-adea08706e9a","Isla Grant","5","Motor is very quiet","Gear range is perfect. Lowest gear handles steep hills, highest gear keeps up with traffic on flat roads.","true","""2025-08-19T19:55:22.190Z"""
"8ff1fa91-c212-4501-a507-32a5ca63d101","fe5d310f-8758-42c4-a651-adea08706e9a","Tunde Balogun","5","Solid and reliable","Delivery was impressively quick. Arrived within two days, well packaged. Setup took about 20 minutes following the clear instructions provided.","false","""2025-10-25T19:55:22.190Z"""
"68e4cea9-0031-4f2b-a5c4-0e90efcafd6e","fe5d310f-8758-42c4-a651-adea08706e9a","Ruby Robinson","3","Exceeded all expectations","Battery life has been fantastic. I do a 12-mile round trip daily and only charge twice a week. The range indicator is very accurate too.","true","""2025-08-16T19:55:22.190Z"""
"8abee44c-2375-4983-877e-7ae90a4c891e","fe5d310f-8758-42c4-a651-adea08706e9a","Amelia White","5","Love everything about it","Customer service deserves special mention. Had a question about maintenance and received a detailed response within hours.","true","""2025-05-31T19:55:22.190Z"""
"470b2b87-a208-4859-a8c0-50ded13bba0a","fe5d310f-8758-42c4-a651-adea08706e9a","Evie Jackson","5","Happy commuter here","Eco mode extends the range impressively. Easily get 50+ miles if you're not rushing. Perfect for weekend rides.","true","""2025-10-28T19:55:22.190Z"""
"fe01f2c8-70b5-4191-95b8-ee5584cb8e54","fe5d310f-8758-42c4-a651-adea08706e9a","Thomas Wood","5","Comfortable ride","Kickstand is sturdy and reliable. Bike stays upright on any surface. Simple but essential feature that works perfectly.","true","""2025-07-04T19:55:22.190Z"""
"badcbd28-5b66-4d55-bedb-1139316bcd9e","fe5d310f-8758-42c4-a651-adea08706e9a","Maisie Ferguson","5","Excellent build quality","Delivery was impressively quick. Arrived within two days, well packaged. Setup took about 20 minutes following the clear instructions provided.","true","""2025-11-19T19:55:22.190Z"""
"c72fcea7-3fad-4586-bfbd-56237458b3ff","fe5d310f-8758-42c4-a651-adea08706e9a","Isabella Price","3","Superb engineering","The mudguards actually work. Stay clean and dry even through puddles. Small detail but makes a big difference.","false","""2025-07-28T19:55:22.190Z"""
"7f58fedd-b907-455f-b16c-72f3fc959119","fe5d310f-8758-42c4-a651-adea08706e9a","Cerys Lloyd","3","Best investment I've made","The upright riding position is ideal for visibility in traffic. Can see over cars and be seen by drivers.","true","""2025-09-10T19:55:22.190Z"""
"3980bd64-d507-4183-ab84-c531d17d3a1e","fe5d310f-8758-42c4-a651-adea08706e9a","Ana Volkov","5","Easy to use","This has paid for itself already in saved train fares. The financial case is compelling even before health benefits.","true","""2025-07-12T19:55:22.190Z"""
"1a51ec2d-0a27-4697-8487-3a8074bb2c9c","fe5d310f-8758-42c4-a651-adea08706e9a","Mei Liu","4","Ideal for my needs","Kickstand is sturdy and reliable. Bike stays upright on any surface. Simple but essential feature that works perfectly.","true","""2025-06-16T19:55:22.190Z"""
"be088980-c3c6-4c57-8f3c-b5968e2b001d","fe5d310f-8758-42c4-a651-adea08706e9a","Ravi Desai","4","Quality exceeds the price","This has genuinely changed my lifestyle. Haven't driven to work in two months. Saving money and getting fitter simultaneously.","true","""2025-06-01T19:55:22.190Z"""
"b2a429d4-172c-4913-b1e6-9235d6d7d202","fe5d310f-8758-42c4-a651-adea08706e9a","Natalia Kozlov","4","Responsive and smooth","Narrow enough for cycle lanes but stable enough for main roads. Strikes the perfect balance for urban riding.","true","""2025-11-11T19:55:22.190Z"""
"b1aeb610-5b97-4f9f-a654-0b82211279d1","fe5d310f-8758-42c4-a651-adea08706e9a","Grace Long","5","Just what I needed","Perfect for navigating city traffic. Acceleration from lights is quick enough to keep up with cars safely.","true","""2025-07-25T19:55:22.190Z"""
"b021c973-b8d2-410b-a17f-4d9fefc18dbe","fe5d310f-8758-42c4-a651-adea08706e9a","Jabari Okafor","5","Really pleased","The motor provides smooth, natural assistance. You barely notice it working but hills that used to exhaust me are now effortless.","false","""2025-10-10T19:55:22.191Z"""
"e51a979d-c269-4bda-b519-96eb6b97b636","fe5d310f-8758-42c4-a651-adea08706e9a","Matthew Thompson","4","Comfortable ride","Perfect for navigating city traffic. Acceleration from lights is quick enough to keep up with cars safely.","true","""2025-09-27T19:55:22.191Z"""
"a5f0d8f0-c625-4a67-bfc2-3794e52e4f81","fe5d310f-8758-42c4-a651-adea08706e9a","Wei Li","5","Perfect for daily use","After six months of daily use, I have zero complaints. No mechanical issues whatsoever. Just regular maintenance needed.","true","""2025-09-08T19:55:22.191Z"""
"c93edfcd-b8e7-4726-8c94-b3569b6cb44c","fe5d310f-8758-42c4-a651-adea08706e9a","Olivia Price","5","Best investment I've made","I was hesitant about the price initially, but this has saved me hundreds in fuel costs already. Best decision I've made this year.","false","""2025-09-19T19:55:22.191Z"""
"d22bf27b-6d57-4591-bfee-d70826bbe29e","fe5d310f-8758-42c4-a651-adea08706e9a","Oliver Evans","5","Excellent build quality","Battery life has been fantastic. I do a 12-mile round trip daily and only charge twice a week. The range indicator is very accurate too.","true","""2025-10-25T19:55:22.191Z"""
"5e2cab63-b53c-4d52-b3b1-cda46e9c8518","fe5d310f-8758-42c4-a651-adea08706e9a","Lucas Jenkins","5","Good for longer rides","The folding mechanism is genius. Folds down in seconds and fits easily in my car boot or under my desk at work.","false","""2025-08-29T19:55:22.191Z"""
"8f50c93b-dc1d-435a-9788-8375770c0099","fe5d310f-8758-42c4-a651-adea08706e9a","Aarav Gupta","5","Exceeded all expectations","The power levels are well-judged. Eco mode for range, Sport mode for hills. Perfect balance of options.","true","""2025-11-08T19:55:22.191Z"""
"1c8d574b-410d-4f28-bd44-65741e8d63ef","fe5d310f-8758-42c4-a651-adea08706e9a","Oscar Bell","5","Responsive and smooth","Love the removable battery. I can charge it at my desk whilst at work. So much more convenient than wheeling the whole bike inside.","true","""2025-06-19T19:55:22.191Z"""
"fbd9d148-c85b-41f3-8f7f-f5dcd5141ba5","fe5d310f-8758-42c4-a651-adea08706e9a","Noah Cox","5","Really pleased","Saddle is surprisingly comfortable. I've done 30-mile rides without any discomfort. Gear shifting is smooth and precise too.","true","""2025-08-25T19:55:22.191Z"""
"3f8e7c38-9e02-46c4-b431-07e7e07d0f2f","fe5d310f-8758-42c4-a651-adea08706e9a","Ife Mwangi","5","Best investment I've made","Kickstand is sturdy and reliable. Bike stays upright on any surface. Simple but essential feature that works perfectly.","true","""2025-11-22T19:55:22.191Z"""
"dbfb53f0-56f3-4d22-b204-777a896c530e","fe5d310f-8758-42c4-a651-adea08706e9a","Aiko Wong","5","Really pleased","Narrow enough for cycle lanes but stable enough for main roads. Strikes the perfect balance for urban riding.","true","""2025-11-08T19:55:22.191Z"""
"f52c71a6-cd2e-4242-a2ff-a28ad4434c0c","fe5d310f-8758-42c4-a651-adea08706e9a","Noah Davies","5","Great customer service","Integrated lights and reflectors make me visible. Essential for early morning and evening commutes in winter.","true","""2025-07-28T19:55:22.191Z"""
"1735d02b-cc10-4063-b1ec-2953eff000a6","fe5d310f-8758-42c4-a651-adea08706e9a","Ava Bell","5","Just what I needed","After six months of daily use, I have zero complaints. No mechanical issues whatsoever. Just regular maintenance needed.","true","""2025-11-16T19:55:22.191Z"""
"28a9bfb0-36c6-4025-968f-71997a5e5630","fe5d310f-8758-42c4-a651-adea08706e9a","Aarav Malik","5","Love everything about it","No buyer's remorse whatsoever. This is everything I hoped it would be and more. Absolutely delighted.","true","""2025-06-11T19:55:22.191Z"""
"f86b9acc-1b5e-4bcc-944b-dfcdeb867555","fe5d310f-8758-42c4-a651-adea08706e9a","Amelia Cox","4","Love everything about it","The upright riding position is ideal for visibility in traffic. Can see over cars and be seen by drivers.","true","""2025-08-08T19:55:22.191Z"""
"c06e217e-f542-441b-816f-75f3e349e8ae","fe5d310f-8758-42c4-a651-adea08706e9a","Duncan MacDonald","5","Good for longer rides","My colleagues have been asking about it constantly. Two have already bought one based on my recommendation.","true","""2025-07-03T19:55:22.191Z"""
"79710a48-8d99-4d8e-a917-9e9971b7e57c","fe5d310f-8758-42c4-a651-adea08706e9a","William Davies","5","Worth every penny","Love the removable battery. I can charge it at my desk whilst at work. So much more convenient than wheeling the whole bike inside.","true","""2025-08-27T19:55:22.191Z"""
"857534b9-b4a1-4327-88b6-4b7deacfb73f","fe5d310f-8758-42c4-a651-adea08706e9a","Jack Thompson","4","Fantastic range","Gear range is perfect. Lowest gear handles steep hills, highest gear keeps up with traffic on flat roads.","true","""2025-08-19T19:55:22.191Z"""
"64a1f7aa-528d-4c68-8bcd-836707837659","fe5d310f-8758-42c4-a651-adea08706e9a","Henry Barnes","5","Fantastic quality","The upright riding position is ideal for visibility in traffic. Can see over cars and be seen by drivers.","true","""2025-11-20T19:55:22.191Z"""
"74c53fe4-7ad4-4f08-a43a-87fde1aebdf8","fe5d310f-8758-42c4-a651-adea08706e9a","Fraser Ross","5","Outstanding value","The rear rack is solid and takes panniers perfectly. Can carry a week's shopping without any wobble.","true","""2025-07-22T19:55:22.191Z"""
"f13869d7-c14f-43c6-9de8-7e96de03a746","fe5d310f-8758-42c4-a651-adea08706e9a","Poppy Hughes","5","Comfortable ride","Wheels are strong and true. Haven't needed any adjustment despite some rough cycle paths and potholes.","true","""2025-10-08T19:55:22.191Z"""
"4e1e3f43-5371-4486-b8c7-63947e8f1304","fe5d310f-8758-42c4-a651-adea08706e9a","Logan Stewart","1","Motor is very quiet","This has genuinely changed my lifestyle. Haven't driven to work in two months. Saving money and getting fitter simultaneously.","false","""2025-10-04T19:55:22.191Z"""
"db2bf2b2-3122-47a5-a6d4-9ebf3ed522bd","fe5d310f-8758-42c4-a651-adea08706e9a","Jun Chen","4","Solid and reliable","Gears shift smoothly under power. Some cheaper bikes require you to stop pedalling - not this one. Very convenient.","true","""2025-07-18T19:55:22.191Z"""
"d33ce3cf-c589-4605-985c-0c3fa7883631","fe5d310f-8758-42c4-a651-adea08706e9a","Duncan Robertson","5","Great customer service","Build quality exceeded expectations at this price point. No cheap plastics or wobbly parts. Everything feels premium.","true","""2025-06-26T19:55:22.191Z"""
"e0868280-08a4-4197-a721-fece5204c465","fe5d310f-8758-42c4-a651-adea08706e9a","Rhys Jones","5","Good for longer rides","The upright riding position is ideal for visibility in traffic. Can see over cars and be seen by drivers.","true","""2025-09-17T19:55:22.191Z"""
"5a3e54ea-9bb2-4812-b117-e41359305af6","fe5d310f-8758-42c4-a651-adea08706e9a","George Hall","5","Feels very sturdy","The mudguards and chain guard keep me clean for work. No more trouser clips or dirty marks on my suit.","true","""2025-10-18T19:55:22.191Z"""
"209ab36f-a221-40ed-a4fc-387ed82a42ba","fe5d310f-8758-42c4-a651-adea08706e9a","Ella Roberts","3","Fantastic range","Rain hasn't been an issue. Everything is well-sealed and continues working perfectly. Confidence-inspiring in all weather.","true","""2025-10-12T19:55:22.191Z"""
"c37926e3-8c75-4a8b-835d-0c3e021a7788","fe5d310f-8758-42c4-a651-adea08706e9a","Gareth Williams","5","Couldn't be happier","The upright riding position is ideal for visibility in traffic. Can see over cars and be seen by drivers.","true","""2025-09-12T19:55:22.191Z"""
"956eb713-a83f-4b8c-a84c-ad9eb2940dff","fe5d310f-8758-42c4-a651-adea08706e9a","Ella Barnes","5","Fantastic quality","Perfect for my hilly commute. What used to take 45 minutes of sweaty pedalling now takes 25 minutes and I arrive fresh.","true","""2025-08-02T19:55:22.191Z"""
"439e0c88-e6bc-4daf-96b0-ea61f876541a","fe5d310f-8758-42c4-a651-adea08706e9a","Isabella Davies","5","Solid and reliable","The design is sleek and modern. I get compliments on it regularly. Doesn't look like a typical Electric bike at all.","true","""2025-06-08T19:55:22.191Z"""
"9dd9966e-2d6d-44e3-bae5-28ee87882b1e","fe5d310f-8758-42c4-a651-adea08706e9a","Min-Jun Wong","5","Love everything about it","The upright riding position is ideal for visibility in traffic. Can see over cars and be seen by drivers.","true","""2025-09-30T19:55:22.191Z"""
"96144247-011d-4290-923d-753d5d27f5e1","fe5d310f-8758-42c4-a651-adea08706e9a","Priya Kumar","5","Folds up nicely","Perfect for navigating city traffic. Acceleration from lights is quick enough to keep up with cars safely.","false","""2025-09-01T19:55:22.191Z"""
"093678b8-e274-425b-9c3f-a9a90f1ef632","fe5d310f-8758-42c4-a651-adea08706e9a","Aiko Wang","4","Better than expected","Integrated lights and reflectors make me visible. Essential for early morning and evening commutes in winter.","true","""2025-10-21T19:55:22.191Z"""
"9efce499-b68f-4c69-95ea-d2f8fedd0eff","fe5d310f-8758-42c4-a651-adea08706e9a","Cerys Williams","5","Fantastic range","The mudguards actually work. Stay clean and dry even through puddles. Small detail but makes a big difference.","true","""2025-11-19T19:55:22.191Z"""
"dc781f01-2ea1-44f3-abb1-c4567a027336","fe5d310f-8758-42c4-a651-adea08706e9a","Ava Thomas","5","Absolutely brilliant purchase","Suspension works brilliantly. Absorbs bumps effectively without feeling bouncy. Much more comfortable than my old rigid bike.","true","""2025-07-08T19:55:22.191Z"""
"6899d6dd-b66c-49f5-ad9f-0c526068173c","fe5d310f-8758-42c4-a651-adea08706e9a","Leo Hall","5","Absolutely brilliant purchase","The weight is well-balanced. Easy to manoeuvre despite being heavier than a standard bike. Handles beautifully.","true","""2025-09-25T19:55:22.191Z"""
"32569480-4425-4758-a1bf-fff9694a86e5","fe5d310f-8758-42c4-a651-adea08706e9a","Rohan Ali","5","Better than expected","The range is no exaggeration. Did a 45-mile ride last weekend and still had battery left. Perfect for longer adventures.","true","""2025-06-11T19:55:22.191Z"""
"4b1e1161-f2dd-4fe0-a9c6-b92b4fb0d4c3","fe5d310f-8758-42c4-a651-adea08706e9a","Harry Coleman","4","Good for longer rides","Saddle is surprisingly comfortable. I've done 30-mile rides without any discomfort. Gear shifting is smooth and precise too.","true","""2025-05-31T19:55:22.191Z"""
"62b59422-8b3f-4d81-a6b2-b169e85cfcc1","fe5d310f-8758-42c4-a651-adea08706e9a","Chinwe Nwosu","3","Excellent starter bike","I was hesitant about the price initially, but this has saved me hundreds in fuel costs already. Best decision I've made this year.","false","""2025-09-18T19:55:22.191Z"""
"14ab7343-3ed1-4c26-9170-6df0a66b799d","fe5d310f-8758-42c4-a651-adea08706e9a","Liam Ferguson","5","Excellent build quality","Customer service deserves special mention. Had a question about maintenance and received a detailed response within hours.","true","""2025-08-12T19:55:22.191Z"""
"dfb8cf9d-1256-4f7f-abbe-c18d8bae1d7d","fe5d310f-8758-42c4-a651-adea08706e9a","Leo Walker","5","Game-changer for my commute","Surprisingly agile despite the weight. Easy to navigate through tight spaces and park conveniently.","true","""2025-11-11T19:55:22.191Z"""
"72d42e44-5bfb-4a5f-b254-64b96ee07abe","fe5d310f-8758-42c4-a651-adea08706e9a","Kabir Shah","5","Fantastic range","Love that I can use it as a regular bike when I want exercise, or with assistance when I'm tired. Versatility is brilliant.","true","""2025-10-08T19:55:22.191Z"""
"b4e242ba-3196-46f4-9a23-3c5b487d0b98","fe5d310f-8758-42c4-a651-adea08706e9a","Ava Cook","5","Fantastic quality","Narrow enough for cycle lanes but stable enough for main roads. Strikes the perfect balance for urban riding.","true","""2025-07-31T19:55:22.191Z"""
"4491d466-2be8-4c3e-bcd5-080b47724401","fe5d310f-8758-42c4-a651-adea08706e9a","Alexander Brooks","5","Feels very sturdy","Lights are bright and effective. Battery powers them without draining noticeably. Feel confident riding in darker months.","true","""2025-06-03T19:55:22.191Z"""
"44bebadc-cdf5-4eff-a62c-43f0582ebd9f","fe5d310f-8758-42c4-a651-adea08706e9a","Sakura Tanaka","5","Couldn't be happier","Integrated lights and reflectors make me visible. Essential for early morning and evening commutes in winter.","true","""2025-11-01T19:55:22.191Z"""
"9a326bb0-7cb1-4738-b952-684ec2d1d861","fe5d310f-8758-42c4-a651-adea08706e9a","Callum Grant","4","Brilliant for city riding","Wheels are strong and true. Haven't needed any adjustment despite some rough cycle paths and potholes.","true","""2025-10-04T19:55:22.191Z"""
"b7587fef-5e26-40d6-b229-899c2119d078","fe5d310f-8758-42c4-a651-adea08706e9a","Sophie Anderson","2","Love the design","This has paid for itself already in saved train fares. The financial case is compelling even before health benefits.","true","""2025-10-14T19:55:22.191Z"""
"6e1629ea-e457-4e0c-9c09-4ebc80f5484f","fe5d310f-8758-42c4-a651-adea08706e9a","Ethan Morris","4","Good for longer rides","The throttle mode is brilliant for starting from lights. Get moving quickly without having to pedal hard in traffic.","true","""2025-09-03T19:55:22.191Z"""
"731708a1-571e-4727-9bb2-abf4d2161c1e","fe5d310f-8758-42c4-a651-adea08706e9a","George Phillips","5","Quality exceeds the price","This has paid for itself already in saved train fares. The financial case is compelling even before health benefits.","true","""2025-08-08T19:55:22.191Z"""
"61842662-ca57-4e2f-8acd-2306b9230f8d","fe5d310f-8758-42c4-a651-adea08706e9a","Callum Stewart","5","Very impressed","This has paid for itself already in saved train fares. The financial case is compelling even before health benefits.","true","""2025-08-06T19:55:22.191Z"""
"228a95cf-7e5e-49fb-968a-86d4a672eb64","fe5d310f-8758-42c4-a651-adea08706e9a","Logan Reid","5","Quality exceeds the price","Gear range is perfect. Lowest gear handles steep hills, highest gear keeps up with traffic on flat roads.","true","""2025-07-27T19:55:22.191Z"""
"014eee1e-42a3-4ca8-9270-ac0f3e573f1c","fe5d310f-8758-42c4-a651-adea08706e9a","Nia Adebayo","5","Superb engineering","Lights are bright and effective. Battery powers them without draining noticeably. Feel confident riding in darker months.","true","""2025-06-20T19:55:22.191Z"""
"ad440260-2cdf-4aa4-a0e5-ca7aece6fc51","fe5d310f-8758-42c4-a651-adea08706e9a","Angus Reid","4","Love everything about it","Eco mode extends the range impressively. Easily get 50+ miles if you're not rushing. Perfect for weekend rides.","true","""2025-06-08T19:55:22.191Z"""
"f4f037ed-1886-49e8-a94a-455d39c9cc0a","fe5d310f-8758-42c4-a651-adea08706e9a","Ethan Barnes","5","Comfortable ride","Perfect for navigating city traffic. Acceleration from lights is quick enough to keep up with cars safely.","true","""2025-06-11T19:55:22.191Z"""
"2181a4eb-8892-4ecc-8af0-b685e1db7502","fe5d310f-8758-42c4-a651-adea08706e9a","Ethan Bell","5","Better than expected","Lights are bright and effective. Battery powers them without draining noticeably. Feel confident riding in darker months.","true","""2025-08-19T19:55:22.191Z"""
"22d6f9e6-da98-4faf-bfe2-5f3a635b316e","fe5d310f-8758-42c4-a651-adea08706e9a","Poppy Phillips","5","Motor is very quiet","Wheels are strong and true. Haven't needed any adjustment despite some rough cycle paths and potholes.","true","""2025-07-18T19:55:22.191Z"""
"a246e87c-b556-4869-a529-bcde961332a6","fe5d310f-8758-42c4-a651-adea08706e9a","Molly Bell","5","Easy to use","Charges faster than expected. From empty to full in about 4-5 hours. Perfect to charge overnight.","false","""2025-11-18T19:55:22.191Z"""
"0b7ca0c5-fc9f-4d8a-b977-270274289369","fe5d310f-8758-42c4-a651-adea08706e9a","Charlie Richardson","5","Happy commuter here","The power levels are well-judged. Eco mode for range, Sport mode for hills. Perfect balance of options.","true","""2025-08-17T19:55:22.191Z"""
"86f4dd50-5bb6-4764-9291-b7397c3061b0","fe5d310f-8758-42c4-a651-adea08706e9a","Mia Brooks","5","Exceeded all expectations","The folding mechanism is genius. Folds down in seconds and fits easily in my car boot or under my desk at work.","true","""2025-07-18T19:55:22.191Z"""
"ca2861ad-f75e-4369-898f-d685b574d7f9","fe5d310f-8758-42c4-a651-adea08706e9a","Amelia Bennett","5","Ideal for my needs","This has opened up so many new routes. Places that were too far or too hilly are now easily accessible. Loving the freedom.","true","""2025-09-06T19:55:22.191Z"""
"49b37b37-20f8-4f1b-8cfc-c6d1f233f9fc","fe5d310f-8758-42c4-a651-adea08706e9a","Sophie Watson","5","Easy to use","The mudguards and chain guard keep me clean for work. No more trouser clips or dirty marks on my suit.","true","""2025-05-31T19:55:22.191Z"""
"ee7830b3-759e-4771-a6ff-035a601fbeef","fe5d310f-8758-42c4-a651-adea08706e9a","Charlotte Jenkins","5","Excellent build quality","The mudguards and chain guard keep me clean for work. No more trouser clips or dirty marks on my suit.","true","""2025-09-14T19:55:22.191Z"""
"82102375-6562-4414-b979-7b1d02d157de","fe5d310f-8758-42c4-a651-adea08706e9a","Ola Nwosu","5","Delighted with purchase","The folding mechanism is genius. Folds down in seconds and fits easily in my car boot or under my desk at work.","true","""2025-07-09T19:55:22.191Z"""
"cbe70aaa-33ec-4296-82f0-cb79167485a6","fe5d310f-8758-42c4-a651-adea08706e9a","Amelia Phillips","3","Fantastic quality","The upright riding position is ideal for visibility in traffic. Can see over cars and be seen by drivers.","true","""2025-08-24T19:55:22.191Z"""
"ab2f0267-9624-41ab-aec3-646f0d7a29e3","fe5d310f-8758-42c4-a651-adea08706e9a","Aarav Kumar","5","Ideal for my needs","Integrated lights and reflectors make me visible. Essential for early morning and evening commutes in winter.","true","""2025-06-02T19:55:22.191Z"""
"c1fefdc6-89ff-4245-96fc-9fa36c212e36","fe5d310f-8758-42c4-a651-adea08706e9a","Fatima Rahman","4","Great for hills","The mudguards actually work. Stay clean and dry even through puddles. Small detail but makes a big difference.","true","""2025-05-31T19:55:22.191Z"""
"832c8a5e-7c68-474c-819d-8056ac21165a","fe5d310f-8758-42c4-a651-adea08706e9a","Evie Henderson","3","Outstanding value","The motor provides smooth, natural assistance. You barely notice it working but hills that used to exhaust me are now effortless.","true","""2025-07-18T19:55:22.191Z"""
"4cad6d03-373a-4229-83da-bbb32b0149cb","fe5d310f-8758-42c4-a651-adea08706e9a","Sean Byrne","5","Perfect size","Customer service deserves special mention. Had a question about maintenance and received a detailed response within hours.","true","""2025-11-16T19:55:22.191Z"""
"5bd7531b-fd93-4a6a-ac7f-922db65c4115","fe5d310f-8758-42c4-a651-adea08706e9a","Ananya Ali","5","Fantastic range","The folding mechanism is genius. Folds down in seconds and fits easily in my car boot or under my desk at work.","true","""2025-05-30T19:55:22.191Z"""
"eb7a90a0-1454-4aba-b939-3318693f1c7f","fe5d310f-8758-42c4-a651-adea08706e9a","Emma Taylor","5","Comfortable ride","Frame design is practical. Mounting and dismounting is easy, which matters when stopping frequently in town.","true","""2025-11-16T19:55:22.191Z"""
"6a90a327-9e34-47da-9a40-a4067b1177c3","fe5d310f-8758-42c4-a651-adea08706e9a","Matthew Turner","5","Very impressed","The mudguards actually work. Stay clean and dry even through puddles. Small detail but makes a big difference.","true","""2025-07-28T19:55:22.191Z"""
"56d43351-da7c-4ffe-b176-69292a15a855","fe5d310f-8758-42c4-a651-adea08706e9a","Meera Rahman","5","Quality exceeds the price","Perfect for navigating city traffic. Acceleration from lights is quick enough to keep up with cars safely.","true","""2025-08-17T19:55:22.191Z"""
"c0674aab-b9ba-4317-a806-31b025dde988","fe5d310f-8758-42c4-a651-adea08706e9a","Zara Hassan","5","Quality exceeds the price","Gear range is perfect. Lowest gear handles steep hills, highest gear keeps up with traffic on flat roads.","true","""2025-10-05T19:55:22.191Z"""
"cfbdd2bf-7979-4b6c-a5be-ec11324766f5","fe5d310f-8758-42c4-a651-adea08706e9a","Noah Thomas","5","Great for hills","Perfect for navigating city traffic. Acceleration from lights is quick enough to keep up with cars safely.","true","""2025-11-23T19:55:22.191Z"""
"4343e6ff-abf4-4dcd-89e8-c173e77f74b1","fe5d310f-8758-42c4-a651-adea08706e9a","William Foster","5","Perfect for daily use","Love the removable battery. I can charge it at my desk whilst at work. So much more convenient than wheeling the whole bike inside.","true","""2025-11-09T19:55:22.191Z"""
"5cfac32b-d044-47c1-a08e-4c960eff8952","fe5d310f-8758-42c4-a651-adea08706e9a","Megan Morgan","5","Very impressed","My colleagues have been asking about it constantly. Two have already bought one based on my recommendation.","true","""2025-07-31T19:55:22.191Z"""
"5c9e871a-d0a7-4129-af26-4edef307e3b7","fe5d310f-8758-42c4-a651-adea08706e9a","Benjamin Phillips","5","Brilliant for city riding","Integrated lights and reflectors make me visible. Essential for early morning and evening commutes in winter.","false","""2025-09-19T19:55:22.191Z"""
"07066f64-6a35-42e6-8ce1-29518bed3548","fe5d310f-8758-42c4-a651-adea08706e9a","Celyn Griffiths","5","Perfect size","The upright riding position is ideal for visibility in traffic. Can see over cars and be seen by drivers.","true","""2025-06-26T19:55:22.191Z"""
"07d3f9a5-5428-47f5-b293-3e22bb7d5dcf","fe5d310f-8758-42c4-a651-adea08706e9a","Matthew Coleman","5","Great customer service","Eco mode extends the range impressively. Easily get 50+ miles if you're not rushing. Perfect for weekend rides.","true","""2025-07-09T19:55:22.191Z"""
"acdc690d-ccdd-45ac-83fe-b1a3a3df4b24","fe5d310f-8758-42c4-a651-adea08706e9a","Lucas Hall","2","Superb engineering","Customer service deserves special mention. Had a question about maintenance and received a detailed response within hours.","true","""2025-06-24T19:55:22.191Z"""
"88d554ab-fdeb-4019-b17f-cf0870fc0042","fe5d310f-8758-42c4-a651-adea08706e9a","Mason Brooks","3","Superb engineering","The folding mechanism is genius. Folds down in seconds and fits easily in my car boot or under my desk at work.","true","""2025-06-25T19:55:22.191Z"""
"0dc945f3-d666-4f3a-bc3c-57cf9cd15fbd","fe5d310f-8758-42c4-a651-adea08706e9a","George Turner","4","Highly recommend","Customer service deserves special mention. Had a question about maintenance and received a detailed response within hours.","true","""2025-06-21T19:55:22.191Z"""
"1dc9b66c-fb38-4848-88f2-ad337a91866f","fe5d310f-8758-42c4-a651-adea08706e9a","Oliver Collins","5","Motor is very quiet","Charges faster than expected. From empty to full in about 4-5 hours. Perfect to charge overnight.","false","""2025-06-08T19:55:22.191Z"""
"f781befa-4c89-4a85-a96a-db768949bad8","fe5d310f-8758-42c4-a651-adea08706e9a","Isla Campbell","5","Perfect for daily use","The rear rack is solid and takes panniers perfectly. Can carry a week's shopping without any wobble.","true","""2025-11-14T19:55:22.191Z"""
"780f78d9-8a15-44ab-9eee-c7a10d227b54","fe5d310f-8758-42c4-a651-adea08706e9a","Hiroshi Wong","5","Comfortable ride","The throttle mode is brilliant for starting from lights. Get moving quickly without having to pedal hard in traffic.","true","""2025-08-21T19:55:22.191Z"""
"ca8dffbe-f3a7-4790-bf49-4559663d9ac1","fe5d310f-8758-42c4-a651-adea08706e9a","Thomas Murphy","5","Easy to use","Narrow enough for cycle lanes but stable enough for main roads. Strikes the perfect balance for urban riding.","false","""2025-07-02T19:55:22.191Z"""
"f18eb49a-1ca4-4afd-8bd6-956f0051bdcc","fe5d310f-8758-42c4-a651-adea08706e9a","Morgan Griffiths","5","Best investment I've made","Integrated lights and reflectors make me visible. Essential for early morning and evening commutes in winter.","true","""2025-09-24T19:55:22.191Z"""
"d3a90d80-0259-4063-b01d-ea245f39e934","fe5d310f-8758-42c4-a651-adea08706e9a","Rohan Desai","5","Excellent build quality","Wheels are strong and true. Haven't needed any adjustment despite some rough cycle paths and potholes.","true","""2025-08-29T19:55:22.191Z"""
"94e7622f-4126-4c70-b026-7c643861cdfc","fe5d310f-8758-42c4-a651-adea08706e9a","Lily Morgan","5","Couldn't be happier","Integrated lights and reflectors make me visible. Essential for early morning and evening commutes in winter.","true","""2025-10-27T19:55:22.191Z"""
"6206f430-52b9-4ee6-971c-8d33790ddb53","fe5d310f-8758-42c4-a651-adea08706e9a","Oscar Wilson","5","Love everything about it","The LCD display is clear and easy to read in all conditions. Love being able to monitor speed and battery at a glance.","true","""2025-08-11T19:55:22.191Z"""
"1e7171c1-0934-4759-a12f-ec7adfb612ff","fe5d310f-8758-42c4-a651-adea08706e9a","Jun Wang","5","Happy commuter here","Battery life has been fantastic. I do a 12-mile round trip daily and only charge twice a week. The range indicator is very accurate too.","true","""2025-09-18T19:55:22.191Z"""
"9da92fa8-d1ce-4b5c-bcda-611428d4ef30","fe5d310f-8758-42c4-a651-adea08706e9a","Oliver Mitchell","5","Highly recommend","Battery life has been fantastic. I do a 12-mile round trip daily and only charge twice a week. The range indicator is very accurate too.","true","""2025-08-28T19:55:22.191Z"""
"ef2361e0-2468-4800-a657-203640e91b66","fe5d310f-8758-42c4-a651-adea08706e9a","Carys Rees","5","Top-notch product","Gear range is perfect. Lowest gear handles steep hills, highest gear keeps up with traffic on flat roads.","true","""2025-06-19T19:55:22.191Z"""
"3647981f-5cb4-4d5a-93ad-1ba4c3c9b40a","fe5d310f-8758-42c4-a651-adea08706e9a","Ibrahim Kumar","4","Perfect for daily use","The range is no exaggeration. Did a 45-mile ride last weekend and still had battery left. Perfect for longer adventures.","true","""2025-10-08T19:55:22.191Z"""
"401690e5-34d7-4e83-b7a8-27b12da10832","fe5d310f-8758-42c4-a651-adea08706e9a","Isla Jackson","4","Love everything about it","Love the removable battery. I can charge it at my desk whilst at work. So much more convenient than wheeling the whole bike inside.","true","""2025-08-17T19:55:22.191Z"""
"9ce6c320-05ee-4261-b23c-281bfac550ec","fe5d310f-8758-42c4-a651-adea08706e9a","Yusuf Patel","5","Worth every penny","Narrow enough for cycle lanes but stable enough for main roads. Strikes the perfect balance for urban riding.","true","""2025-09-28T19:55:22.191Z"""
"dd8a936f-e2a2-4252-b33f-8b0caf95280f","fe5d310f-8758-42c4-a651-adea08706e9a","Isabella Harris","4","Great for hills","Gears shift smoothly under power. Some cheaper bikes require you to stop pedalling - not this one. Very convenient.","true","""2025-10-27T19:55:22.191Z"""
"9785afbd-70c3-4f50-adf4-383690e03454","fe5d310f-8758-42c4-a651-adea08706e9a","James Thomas","5","Motor is very quiet","Frame design is practical. Mounting and dismounting is easy, which matters when stopping frequently in town.","true","""2025-08-22T19:55:22.191Z"""
"1faf35a1-6c41-45ef-8ba1-bd521914f11e","fe5d310f-8758-42c4-a651-adea08706e9a","Hannah Thomas","5","Top-notch product","Arrived perfectly adjusted. Brakes, gears, everything worked perfectly straight out of the box. Very impressed with quality control.","true","""2025-09-07T19:55:22.191Z"""
"1a08cc0c-eaff-4ccb-a9de-4f59832c9a2a","fe5d310f-8758-42c4-a651-adea08706e9a","Mei Zhang","3","Perfect commuter bike","Delivery was impressively quick. Arrived within two days, well packaged. Setup took about 20 minutes following the clear instructions provided.","true","""2025-06-19T19:55:22.191Z"""
"1bdba7d4-0559-43c8-8049-8efedb8f5343","fe5d310f-8758-42c4-a651-adea08706e9a","Chloe Long","3","Smooth and powerful","I was hesitant about the price initially, but this has saved me hundreds in fuel costs already. Best decision I've made this year.","true","""2025-07-05T19:55:22.191Z"""
"8f80eab9-e55c-4eac-b2ea-8afc20073462","fe5d310f-8758-42c4-a651-adea08706e9a","Aisha Reddy","5","Excellent starter bike","Customer service deserves special mention. Had a question about maintenance and received a detailed response within hours.","true","""2025-08-09T19:55:22.191Z"""
"99acc164-5ca2-4189-be2b-99fc5bf4fe15","fe5d310f-8758-42c4-a651-adea08706e9a","Ella Price","5","Comfortable ride","Lights are bright and effective. Battery powers them without draining noticeably. Feel confident riding in darker months.","true","""2025-09-05T19:55:22.191Z"""
"3835c9e2-1a7c-43be-b024-5a35c3afa7f1","fe5d310f-8758-42c4-a651-adea08706e9a","Amelia Clark","5","Impressive performance","The motor provides smooth, natural assistance. You barely notice it working but hills that used to exhaust me are now effortless.","false","""2025-10-29T19:55:22.191Z"""
"b783c6b4-4b1a-4540-ba11-b7f34db1f4fd","fe5d310f-8758-42c4-a651-adea08706e9a","Thomas Jackson","5","Impressive performance","Eco mode extends the range impressively. Easily get 50+ miles if you're not rushing. Perfect for weekend rides.","true","""2025-07-05T19:55:22.191Z"""
"33bf19e3-dd1c-4208-b064-5145991fe80f","fe5d310f-8758-42c4-a651-adea08706e9a","Yuki Sato","5","Great for hills","Rain hasn't been an issue. Everything is well-sealed and continues working perfectly. Confidence-inspiring in all weather.","true","""2025-10-28T19:55:22.191Z"""
"587cceb5-47d9-4bbd-ac42-20347c2bfc96","fe5d310f-8758-42c4-a651-adea08706e9a","Aoife O'Donnell","4","Superb engineering","The bell is louder than expected - in a good way! Pedestrians actually hear it first time.","true","""2025-06-20T19:55:22.191Z"""
"401cf157-2b21-436b-9589-fd3233ad6a63","fe5d310f-8758-42c4-a651-adea08706e9a","Natalia Kowalski","5","Ideal for my needs","The upright riding position is ideal for visibility in traffic. Can see over cars and be seen by drivers.","true","""2025-07-04T19:55:22.191Z"""
"df71b299-f75c-4cfd-a815-a833994cca89","fe5d310f-8758-42c4-a651-adea08706e9a","Jack Turner","4","Exceeded all expectations","The mudguards and chain guard keep me clean for work. No more trouser clips or dirty marks on my suit.","true","""2025-06-04T19:55:22.191Z"""
"20de6708-3a22-4601-8fc7-22cc50fab814","fe5d310f-8758-42c4-a651-adea08706e9a","Meera Rao","5","Delighted with purchase","After six months of daily use, I have zero complaints. No mechanical issues whatsoever. Just regular maintenance needed.","false","""2025-10-20T19:55:22.191Z"""
"b550d004-74d0-4ae3-b6f9-82a19f373ad4","fe5d310f-8758-42c4-a651-adea08706e9a","Ethan Davies","4","Responsive and smooth","Narrow enough for cycle lanes but stable enough for main roads. Strikes the perfect balance for urban riding.","true","""2025-09-18T19:55:22.191Z"""
"da85f9e0-e4ce-4f24-95ff-18a26609feb8","fe5d310f-8758-42c4-a651-adea08706e9a","Charlotte Foster","2","Very impressed","The upright riding position is ideal for visibility in traffic. Can see over cars and be seen by drivers.","true","""2025-10-03T19:55:22.191Z"""
"beab2b68-aa60-4380-84d8-fe72cb05eeb1","fe5d310f-8758-42c4-a651-adea08706e9a","Evie Cooper","3","Love everything about it","Perfect for navigating city traffic. Acceleration from lights is quick enough to keep up with cars safely.","true","""2025-07-07T19:55:22.191Z"""
"cfe46d50-5ab8-4e65-bd5b-07a07aff5ae1","cb7c0da2-0b83-47d7-811b-c42cc6e34aee","Lucas Clark","5","Perfect commuter bike","Integrated lights and reflectors make me visible. Essential for early morning and evening commutes in winter.","false","""2025-10-06T19:55:22.218Z"""
"4923ac09-0183-4966-beb5-11d213370b70","cb7c0da2-0b83-47d7-811b-c42cc6e34aee","Mason Jenkins","3","Ideal for my needs","Arrived perfectly adjusted. Brakes, gears, everything worked perfectly straight out of the box. Very impressed with quality control.","true","""2025-10-02T19:55:22.218Z"""
"08dfc27a-a14d-4b4f-bc47-833f298b8b92","cb7c0da2-0b83-47d7-811b-c42cc6e34aee","Ravi Singh","5","Great customer service","The build quality is exceptional. Everything feels solid and well-engineered. I've been using it daily for three months now and it still performs like new.","true","""2025-07-11T19:55:22.218Z"""
"c80ee87b-2a3e-4ff9-8e76-b37a4163463c","cb7c0da2-0b83-47d7-811b-c42cc6e34aee","Ciara Kelly","5","Feels very sturdy","Integrated lights and reflectors make me visible. Essential for early morning and evening commutes in winter.","true","""2025-10-30T19:55:22.218Z"""
"1e261436-95ca-43f0-b604-ef1d9eee83bb","cb7c0da2-0b83-47d7-811b-c42cc6e34aee","Charlie Howard","3","Happy commuter here","Perfect for navigating city traffic. Acceleration from lights is quick enough to keep up with cars safely.","true","""2025-09-29T19:55:22.218Z"""
"f5e02290-d005-455b-a3c6-1482ab433aaa","cb7c0da2-0b83-47d7-811b-c42cc6e34aee","Aisling Doyle","4","Absolutely brilliant purchase","The design is sleek and modern. I get compliments on it regularly. Doesn't look like a typical Electric bike at all.","true","""2025-11-08T19:55:22.218Z"""
"3c965bbe-9bb7-4a95-b221-b0f04c4311ee","cb7c0da2-0b83-47d7-811b-c42cc6e34aee","George Foster","5","Battery life is amazing","Eco mode extends the range impressively. Easily get 50+ miles if you're not rushing. Perfect for weekend rides.","true","""2025-06-12T19:55:22.218Z"""
"e165be31-b8f7-4e3e-859f-cee1ea2cc6ad","cb7c0da2-0b83-47d7-811b-c42cc6e34aee","Kwesi Mwangi","4","Motor is very quiet","Lights are bright and effective. Battery powers them without draining noticeably. Feel confident riding in darker months.","true","""2025-09-30T19:55:22.218Z"""
"b61d80c7-0dac-4bb7-a583-588e5d69f39b","cb7c0da2-0b83-47d7-811b-c42cc6e34aee","James Watson","5","Feels very sturdy","Integrated lights and reflectors make me visible. Essential for early morning and evening commutes in winter.","true","""2025-07-29T19:55:22.218Z"""
"30c8ea0a-8227-4563-b982-319a1374e381","cb7c0da2-0b83-47d7-811b-c42cc6e34aee","Wei Park","4","Perfect commuter bike","Delivery was impressively quick. Arrived within two days, well packaged. Setup took about 20 minutes following the clear instructions provided.","true","""2025-09-13T19:55:22.218Z"""
"c79c8369-0cc6-4ab9-b479-eeb24eb28fcf","cb7c0da2-0b83-47d7-811b-c42cc6e34aee","Charlie Edwards","5","Absolutely brilliant purchase","Narrow enough for cycle lanes but stable enough for main roads. Strikes the perfect balance for urban riding.","true","""2025-08-17T19:55:22.218Z"""
"e1cc5135-72b5-440a-8e77-f09e9b3b1a4b","cb7c0da2-0b83-47d7-811b-c42cc6e34aee","Leo Thomas","4","Comfortable ride","The weight is well-balanced. Easy to manoeuvre despite being heavier than a standard bike. Handles beautifully.","true","""2025-06-11T19:55:22.218Z"""
"408af493-fb28-4334-98e2-afb40d1de925","cb7c0da2-0b83-47d7-811b-c42cc6e34aee","Mason Roberts","2","Smooth and powerful","Rain hasn't been an issue. Everything is well-sealed and continues working perfectly. Confidence-inspiring in all weather.","true","""2025-06-06T19:55:22.218Z"""
"14512942-ded0-481c-877f-7b3a758dd8b6","cb7c0da2-0b83-47d7-811b-c42cc6e34aee","Isla Thompson","5","Excellent starter bike","Braking performance is excellent. Stops quickly and confidently even in wet conditions. Feel very safe riding in traffic.","true","""2025-07-31T19:55:22.218Z"""
"6f00a651-b64d-4db7-8c08-5ada7adb94db","dd80fb34-cedf-4c58-8fd5-2846d85171e4","Leo King","5","Very impressed","Customer support answered all my pre-purchase questions promptly. Made the buying decision much easier.","true","""2025-11-04T19:55:22.277Z"""
"b0f378e1-1f4b-448c-90bc-fe6dd83dbd20","cb7c0da2-0b83-47d7-811b-c42cc6e34aee","Lucas Anderson","3","Game-changer for my commute","The design is sleek and modern. I get compliments on it regularly. Doesn't look like a typical Electric bike at all.","true","""2025-11-17T19:55:22.218Z"""
"5b81d595-2723-4872-81bd-39c96b21a76e","cb7c0da2-0b83-47d7-811b-c42cc6e34aee","Lily Wilson","5","Perfect for daily use","Puncture-resistant tyres have lived up to the name. Several months of daily use, zero flats. Impressive.","true","""2025-11-05T19:55:22.218Z"""
"22bdab7d-719f-4f1a-b939-9de6eca05b93","cb7c0da2-0b83-47d7-811b-c42cc6e34aee","Thomas Wright","5","Superb engineering","Wheels are strong and true. Haven't needed any adjustment despite some rough cycle paths and potholes.","true","""2025-06-20T19:55:22.218Z"""
"b1e211d8-d032-4f64-b462-15f25ff57710","cb7c0da2-0b83-47d7-811b-c42cc6e34aee","Yusuf Sharma","5","Ideal for my needs","Suspension works brilliantly. Absorbs bumps effectively without feeling bouncy. Much more comfortable than my old rigid bike.","true","""2025-10-24T19:55:22.218Z"""
"71c783db-05e8-432c-8dc8-6606ad841a3d","cb7c0da2-0b83-47d7-811b-c42cc6e34aee","Henry Brown","5","Feels very sturdy","This has opened up so many new routes. Places that were too far or too hilly are now easily accessible. Loving the freedom.","true","""2025-06-14T19:55:22.218Z"""
"b911bf1e-98a4-4835-b977-283368f2fd1c","cb7c0da2-0b83-47d7-811b-c42cc6e34aee","Matthew Clark","5","Very impressed","The rear rack is solid and takes panniers perfectly. Can carry a week's shopping without any wobble.","true","""2025-10-05T19:55:22.218Z"""
"aad3686d-3c11-4d1e-af40-971de0ece261","cb7c0da2-0b83-47d7-811b-c42cc6e34aee","Lily Bell","5","Excellent build quality","The mudguards and chain guard keep me clean for work. No more trouser clips or dirty marks on my suit.","true","""2025-11-03T19:55:22.218Z"""
"ad46ef08-3cc2-4c8d-b5c3-90ad03f9f195","cb7c0da2-0b83-47d7-811b-c42cc6e34aee","Hamish Fraser","5","Love everything about it","Perfect for navigating city traffic. Acceleration from lights is quick enough to keep up with cars safely.","true","""2025-11-02T19:55:22.218Z"""
"c26ba9d5-a03b-4ce6-87fa-5d7da420eff1","cb7c0da2-0b83-47d7-811b-c42cc6e34aee","James Cooper","4","Better than expected","Narrow enough for cycle lanes but stable enough for main roads. Strikes the perfect balance for urban riding.","true","""2025-08-15T19:55:22.218Z"""
"e62d337a-921d-42fe-9a2e-132e06059a09","cb7c0da2-0b83-47d7-811b-c42cc6e34aee","William Martin","4","Love the design","Wheels are strong and true. Haven't needed any adjustment despite some rough cycle paths and potholes.","true","""2025-11-21T19:55:22.218Z"""
"28dfc9ee-dfcf-409d-b05e-d0703e71740a","cb7c0da2-0b83-47d7-811b-c42cc6e34aee","Noah King","5","Absolutely brilliant purchase","Integrated lights and reflectors make me visible. Essential for early morning and evening commutes in winter.","true","""2025-06-21T19:55:22.218Z"""
"18ab7e9f-1344-4a8f-b285-d518b7eb6643","cb7c0da2-0b83-47d7-811b-c42cc6e34aee","William Ross","5","Perfect size","Narrow enough for cycle lanes but stable enough for main roads. Strikes the perfect balance for urban riding.","true","""2025-08-13T19:55:22.218Z"""
"b514cfa1-18cc-462a-bba9-9e19c9404eb5","cb7c0da2-0b83-47d7-811b-c42cc6e34aee","Isla Ross","5","Folds up nicely","Customer service deserves special mention. Had a question about maintenance and received a detailed response within hours.","true","""2025-10-26T19:55:22.218Z"""
"dbf02b7b-ae4a-49b1-a357-28b6b5b40b87","cb7c0da2-0b83-47d7-811b-c42cc6e34aee","Noah Robinson","4","Excellent starter bike","Perfect for navigating city traffic. Acceleration from lights is quick enough to keep up with cars safely.","true","""2025-08-08T19:55:22.218Z"""
"2ee1b71d-a465-4be3-b0cf-677122bc407e","cb7c0da2-0b83-47d7-811b-c42cc6e34aee","Daniel Barnes","4","Really pleased","The integrated lights look sleek and work brilliantly. No fumbling with removable lights anymore.","true","""2025-11-12T19:55:22.218Z"""
"ac2bdaa7-ef63-4e76-acc2-5b897ccb90b1","cb7c0da2-0b83-47d7-811b-c42cc6e34aee","Min-Jun Suzuki","4","Responsive and smooth","Perfect for navigating city traffic. Acceleration from lights is quick enough to keep up with cars safely.","true","""2025-09-22T19:55:22.218Z"""
"36b0f768-619c-4581-9cb4-72a5ebcc24b2","cb7c0da2-0b83-47d7-811b-c42cc6e34aee","Chloe Henderson","5","Love everything about it","Frame design is practical. Mounting and dismounting is easy, which matters when stopping frequently in town.","true","""2025-10-03T19:55:22.218Z"""
"f9fd67b0-0da8-4ca6-ac25-03c253cbbd87","cb7c0da2-0b83-47d7-811b-c42cc6e34aee","Ava Martin","4","Perfect commuter bike","The throttle mode is brilliant for starting from lights. Get moving quickly without having to pedal hard in traffic.","true","""2025-07-02T19:55:22.218Z"""
"c16b3b53-eb3e-4a0b-ae93-aa5a26eb0f58","cb7c0da2-0b83-47d7-811b-c42cc6e34aee","Benjamin Morris","5","Very impressed","Narrow enough for cycle lanes but stable enough for main roads. Strikes the perfect balance for urban riding.","true","""2025-11-15T19:55:22.218Z"""
"399f9644-73ab-4459-bc38-7f97757b2586","cb7c0da2-0b83-47d7-811b-c42cc6e34aee","Priya Gupta","5","Battery life is amazing","I was hesitant about the price initially, but this has saved me hundreds in fuel costs already. Best decision I've made this year.","true","""2025-06-04T19:55:22.218Z"""
"ed494b91-3dc6-46f1-88c5-4192be3493e0","cb7c0da2-0b83-47d7-811b-c42cc6e34aee","Jack Murphy","5","Smooth and powerful","Saddle is surprisingly comfortable. I've done 30-mile rides without any discomfort. Gear shifting is smooth and precise too.","true","""2025-10-28T19:55:22.218Z"""
"a165bb8e-7e28-4197-a828-d6f3bdce5560","cb7c0da2-0b83-47d7-811b-c42cc6e34aee","Daniel Bennett","4","Perfect for daily use","The folding mechanism is genius. Folds down in seconds and fits easily in my car boot or under my desk at work.","true","""2025-09-28T19:55:22.218Z"""
"afe7b6f3-0c42-4940-a7d9-d67e3c74ffa3","cb7c0da2-0b83-47d7-811b-c42cc6e34aee","Matthew Anderson","4","Great for hills","The mudguards and chain guard keep me clean for work. No more trouser clips or dirty marks on my suit.","true","""2025-10-08T19:55:22.218Z"""
"94e77885-b459-4e02-80ae-8f3c058df069","cb7c0da2-0b83-47d7-811b-c42cc6e34aee","Mia Harris","4","Highly recommend","The mudguards and chain guard keep me clean for work. No more trouser clips or dirty marks on my suit.","true","""2025-06-25T19:55:22.218Z"""
"8123a9f7-fe94-4d1c-8270-3b21ff90de24","cb7c0da2-0b83-47d7-811b-c42cc6e34aee","William Green","5","Impressive performance","The mudguards and chain guard keep me clean for work. No more trouser clips or dirty marks on my suit.","true","""2025-06-02T19:55:22.218Z"""
"9460426a-901c-48a7-b1a5-b5ef20da2c20","cb7c0da2-0b83-47d7-811b-c42cc6e34aee","Molly Reed","5","Top-notch product","Kickstand is sturdy and reliable. Bike stays upright on any surface. Simple but essential feature that works perfectly.","true","""2025-09-20T19:55:22.218Z"""
"22e2f2b5-7b29-41d6-ab01-c37deaf91bdf","cb7c0da2-0b83-47d7-811b-c42cc6e34aee","Kenji Park","5","Outstanding value","This has opened up so many new routes. Places that were too far or too hilly are now easily accessible. Loving the freedom.","true","""2025-08-22T19:55:22.218Z"""
"a069dc0b-4884-429e-8eab-c3bdb95cfb47","cb7c0da2-0b83-47d7-811b-c42cc6e34aee","Ana Horvath","5","Happy commuter here","Integrated lights and reflectors make me visible. Essential for early morning and evening commutes in winter.","true","""2025-09-30T19:55:22.218Z"""
"09d1b8f4-3887-4f71-8d0d-e86e6bd19c16","cb7c0da2-0b83-47d7-811b-c42cc6e34aee","Fraser Murray","5","Great for hills","Gear range is perfect. Lowest gear handles steep hills, highest gear keeps up with traffic on flat roads.","true","""2025-06-11T19:55:22.218Z"""
"17f131fa-cf89-4812-9d8e-7294c214bf90","cb7c0da2-0b83-47d7-811b-c42cc6e34aee","Evie Evans","5","Comfortable ride","The build quality is exceptional. Everything feels solid and well-engineered. I've been using it daily for three months now and it still performs like new.","true","""2025-11-22T19:55:22.218Z"""
"193ea312-21d7-4ab8-82a2-473da031a8ec","cb7c0da2-0b83-47d7-811b-c42cc6e34aee","Ella White","5","Comfortable ride","The throttle mode is brilliant for starting from lights. Get moving quickly without having to pedal hard in traffic.","true","""2025-11-11T19:55:22.218Z"""
"52018369-fc21-48c1-987b-988aaa40641c","cb7c0da2-0b83-47d7-811b-c42cc6e34aee","Ava Walker","4","Worth every penny","Assembly was straightforward. Clear instructions and all necessary tools included. Was ready to ride in under half an hour.","true","""2025-05-28T19:55:22.218Z"""
"ab9a0402-fa07-4b98-81d2-a96cf3bacf9a","cb7c0da2-0b83-47d7-811b-c42cc6e34aee","Molly Bennett","5","Good for longer rides","The design is sleek and modern. I get compliments on it regularly. Doesn't look like a typical Electric bike at all.","true","""2025-09-04T19:55:22.218Z"""
"69318e83-9fe3-465d-9c9b-81d839774859","cb7c0da2-0b83-47d7-811b-c42cc6e34aee","Mason Young","4","Very impressed","Gear range is perfect. Lowest gear handles steep hills, highest gear keeps up with traffic on flat roads.","true","""2025-11-05T19:55:22.218Z"""
"c8a3158d-ec72-42fa-8a2c-0c7b462892b1","cb7c0da2-0b83-47d7-811b-c42cc6e34aee","Grace Hall","5","Fantastic quality","Assembly was straightforward. Clear instructions and all necessary tools included. Was ready to ride in under half an hour.","true","""2025-11-21T19:55:22.218Z"""
"48ffe546-f8ac-49f9-88e0-6509f50f93a7","cb7c0da2-0b83-47d7-811b-c42cc6e34aee","Cian O'Donnell","4","Good for longer rides","The upright riding position is ideal for visibility in traffic. Can see over cars and be seen by drivers.","true","""2025-08-07T19:55:22.218Z"""
"a0a45899-aa6c-402a-8616-8969b2851055","cb7c0da2-0b83-47d7-811b-c42cc6e34aee","Evie Ward","3","Superb engineering","After six months of daily use, I have zero complaints. No mechanical issues whatsoever. Just regular maintenance needed.","true","""2025-11-10T19:55:22.219Z"""
"4b3e4add-e8fd-48ec-a311-f1a49e83e698","cb7c0da2-0b83-47d7-811b-c42cc6e34aee","Emily Ward","5","Very impressed","Perfect for my hilly commute. What used to take 45 minutes of sweaty pedalling now takes 25 minutes and I arrive fresh.","true","""2025-11-19T19:55:22.219Z"""
"b93a54e6-7403-4bb8-8b58-4725e28e3c97","cb7c0da2-0b83-47d7-811b-c42cc6e34aee","Priya Patel","5","Comfortable ride","Charges faster than expected. From empty to full in about 4-5 hours. Perfect to charge overnight.","true","""2025-09-07T19:55:22.219Z"""
"d51a0e19-61ed-43de-b966-a51a9e8e6401","cb7c0da2-0b83-47d7-811b-c42cc6e34aee","Joshua Barnes","4","Great customer service","Integrated lights and reflectors make me visible. Essential for early morning and evening commutes in winter.","true","""2025-07-18T19:55:22.219Z"""
"1dd698d5-099d-48a9-8f18-365cf55f70bc","cb7c0da2-0b83-47d7-811b-c42cc6e34aee","Thomas Robinson","5","Worth every penny","Integrated lights and reflectors make me visible. Essential for early morning and evening commutes in winter.","false","""2025-10-25T19:55:22.219Z"""
"89829c8a-7b87-4872-9fc9-b304e3c19984","cb7c0da2-0b83-47d7-811b-c42cc6e34aee","Finn Doyle","5","Love everything about it","The upright riding position is ideal for visibility in traffic. Can see over cars and be seen by drivers.","true","""2025-07-08T19:55:22.219Z"""
"0a3657bf-635e-4a83-9d30-2ffb084fcefa","cb7c0da2-0b83-47d7-811b-c42cc6e34aee","George Brooks","3","Solid and reliable","The craftsmanship is evident. Welds are neat, paint is flawless. This is a bike built to last.","true","""2025-09-12T19:55:22.219Z"""
"ac7ca4ff-28fa-49fe-a269-e89804e59da6","cb7c0da2-0b83-47d7-811b-c42cc6e34aee","Grace Cox","5","Battery life is amazing","Puncture-resistant tyres have lived up to the name. Several months of daily use, zero flats. Impressive.","true","""2025-11-11T19:55:22.219Z"""
"b3a7b153-9690-4f29-857f-7ac22ea01285","cb7c0da2-0b83-47d7-811b-c42cc6e34aee","Joshua Hughes","5","Brilliant for city riding","Customer service deserves special mention. Had a question about maintenance and received a detailed response within hours.","true","""2025-11-15T19:55:22.219Z"""
"b2a69ecf-0b75-4832-931a-498f13b4c546","cb7c0da2-0b83-47d7-811b-c42cc6e34aee","Freya Stewart","5","Game-changer for my commute","Perfect for navigating city traffic. Acceleration from lights is quick enough to keep up with cars safely.","true","""2025-06-04T19:55:22.219Z"""
"ee89c5d2-4149-407f-a722-7ec41f4acdb8","cb7c0da2-0b83-47d7-811b-c42cc6e34aee","Omar Ahmed","4","Couldn't be happier","Kickstand is sturdy and reliable. Bike stays upright on any surface. Simple but essential feature that works perfectly.","true","""2025-05-31T19:55:22.219Z"""
"077b0027-28fd-4dd6-bfd3-090a67c55477","cb7c0da2-0b83-47d7-811b-c42cc6e34aee","Tao Yamamoto","4","Battery life is amazing","Narrow enough for cycle lanes but stable enough for main roads. Strikes the perfect balance for urban riding.","false","""2025-08-15T19:55:22.219Z"""
"9a3637d1-85b1-4f1a-be43-a7d89f454357","cb7c0da2-0b83-47d7-811b-c42cc6e34aee","Aarav Mehta","5","Good for longer rides","The upright riding position is ideal for visibility in traffic. Can see over cars and be seen by drivers.","true","""2025-09-14T19:55:22.219Z"""
"cd42ebd1-f9d5-458a-8037-92a70e6c5ac4","cb7c0da2-0b83-47d7-811b-c42cc6e34aee","Grace Edwards","5","Feels very sturdy","Wheels are strong and true. Haven't needed any adjustment despite some rough cycle paths and potholes.","true","""2025-08-03T19:55:22.219Z"""
"099e991e-3e86-449c-8b16-7eb05960bf30","cb7c0da2-0b83-47d7-811b-c42cc6e34aee","Isla Ferguson","4","Smooth and powerful","Perfect for navigating city traffic. Acceleration from lights is quick enough to keep up with cars safely.","true","""2025-08-12T19:55:22.219Z"""
"121611ee-6ef0-4463-be11-3c67ca738c37","cb7c0da2-0b83-47d7-811b-c42cc6e34aee","Diya Reddy","4","Fantastic range","Integrated lights and reflectors make me visible. Essential for early morning and evening commutes in winter.","false","""2025-09-13T19:55:22.219Z"""
"a2a94c37-75fb-4180-8f2f-a6851cc166ce","cb7c0da2-0b83-47d7-811b-c42cc6e34aee","Kenji Lee","1","Delighted with purchase","Narrow enough for cycle lanes but stable enough for main roads. Strikes the perfect balance for urban riding.","true","""2025-08-20T19:55:22.219Z"""
"2aa05e58-b65d-4e07-8807-08b57f36e9cd","cb7c0da2-0b83-47d7-811b-c42cc6e34aee","George Morris","5","Excellent build quality","The integrated lights look sleek and work brilliantly. No fumbling with removable lights anymore.","true","""2025-07-06T19:55:22.219Z"""
"7fa416cc-4686-4825-9c7b-491a5d756e8c","cb7c0da2-0b83-47d7-811b-c42cc6e34aee","Zara Ahmed","5","Motor is very quiet","This has genuinely changed my lifestyle. Haven't driven to work in two months. Saving money and getting fitter simultaneously.","true","""2025-10-12T19:55:22.219Z"""
"6d8064f9-4de8-42fa-81de-e36d824f1d90","cb7c0da2-0b83-47d7-811b-c42cc6e34aee","Isla Green","5","Love everything about it","The power levels are well-judged. Eco mode for range, Sport mode for hills. Perfect balance of options.","true","""2025-09-25T19:55:22.219Z"""
"a0267055-48d5-41c5-bbb7-1a3f4af53feb","cb7c0da2-0b83-47d7-811b-c42cc6e34aee","Ffion Evans","5","Perfect commuter bike","The throttle mode is brilliant for starting from lights. Get moving quickly without having to pedal hard in traffic.","true","""2025-08-30T19:55:22.219Z"""
"42ab19da-307f-4714-873a-4e27972e317e","cb7c0da2-0b83-47d7-811b-c42cc6e34aee","Jabari Oluwaseun","5","Best investment I've made","Eco mode extends the range impressively. Easily get 50+ miles if you're not rushing. Perfect for weekend rides.","true","""2025-05-29T19:55:22.219Z"""
"10554319-5334-4e58-bb14-b2ca6c19cb37","cb7c0da2-0b83-47d7-811b-c42cc6e34aee","Chen Nguyen","4","Best investment I've made","This has genuinely changed my lifestyle. Haven't driven to work in two months. Saving money and getting fitter simultaneously.","true","""2025-07-27T19:55:22.219Z"""
"5ec6918d-141e-490b-b2d8-3d13071afeb3","cb7c0da2-0b83-47d7-811b-c42cc6e34aee","Charlie Turner","5","Good for longer rides","The upright riding position is ideal for visibility in traffic. Can see over cars and be seen by drivers.","true","""2025-08-20T19:55:22.219Z"""
"2c95b587-bb2d-4e35-87ac-98dc8ebfdeb3","cb7c0da2-0b83-47d7-811b-c42cc6e34aee","Yusuf Singh","3","Comfortable ride","Love the removable battery. I can charge it at my desk whilst at work. So much more convenient than wheeling the whole bike inside.","false","""2025-08-30T19:55:22.219Z"""
"cb92f912-60b4-465f-b06b-87bdff348602","cb7c0da2-0b83-47d7-811b-c42cc6e34aee","Rhys Price","5","Superb engineering","I was hesitant about the price initially, but this has saved me hundreds in fuel costs already. Best decision I've made this year.","true","""2025-05-28T19:55:22.219Z"""
"f835b87c-043e-4507-bb65-cbf868428ad3","cb7c0da2-0b83-47d7-811b-c42cc6e34aee","Meera Khan","4","Fantastic quality","Perfect for navigating city traffic. Acceleration from lights is quick enough to keep up with cars safely.","true","""2025-10-06T19:55:22.219Z"""
"eac06816-266e-4eab-b8ed-fa6348ea8449","cb7c0da2-0b83-47d7-811b-c42cc6e34aee","Thomas King","5","Superb engineering","Narrow enough for cycle lanes but stable enough for main roads. Strikes the perfect balance for urban riding.","true","""2025-06-08T19:55:22.219Z"""
"6ec6ce89-c10f-4388-8b42-6eeb81188075","cb7c0da2-0b83-47d7-811b-c42cc6e34aee","Noah Brooks","5","Highly recommend","Frame design is practical. Mounting and dismounting is easy, which matters when stopping frequently in town.","false","""2025-10-25T19:55:22.219Z"""
"fcd50a4a-da7e-4908-8046-9e95a98dc7c6","cb7c0da2-0b83-47d7-811b-c42cc6e34aee","William Thompson","5","Easy to use","The design is sleek and modern. I get compliments on it regularly. Doesn't look like a typical Electric bike at all.","true","""2025-06-06T19:55:22.219Z"""
"92fb637d-bfd5-4a11-9457-699bc46a78e7","cb7c0da2-0b83-47d7-811b-c42cc6e34aee","Charlie Hall","5","Better than expected","The range is no exaggeration. Did a 45-mile ride last weekend and still had battery left. Perfect for longer adventures.","true","""2025-10-26T19:55:22.219Z"""
"d91c6d31-6a60-42c9-8995-f19e56f2b619","cb7c0da2-0b83-47d7-811b-c42cc6e34aee","Fatima Sharma","5","Perfect for daily use","Gears shift smoothly under power. Some cheaper bikes require you to stop pedalling - not this one. Very convenient.","true","""2025-09-07T19:55:22.219Z"""
"f9771a94-e397-4814-b003-1c4e76304ee6","cb7c0da2-0b83-47d7-811b-c42cc6e34aee","Jabari Okoro","5","Game-changer for my commute","Gears shift smoothly under power. Some cheaper bikes require you to stop pedalling - not this one. Very convenient.","true","""2025-10-14T19:55:22.219Z"""
"2f7762a3-a732-4dc6-8435-98936455fd5b","cb7c0da2-0b83-47d7-811b-c42cc6e34aee","Molly Richardson","3","Perfect for daily use","Braking performance is excellent. Stops quickly and confidently even in wet conditions. Feel very safe riding in traffic.","true","""2025-09-22T19:55:22.219Z"""
"05402392-d699-43a6-8331-e5fab16992dd","cb7c0da2-0b83-47d7-811b-c42cc6e34aee","Daniel Thomas","5","Just what I needed","The upright riding position is ideal for visibility in traffic. Can see over cars and be seen by drivers.","true","""2025-10-24T19:55:22.219Z"""
"c17f2de6-dd78-457c-abe4-54eecaaf976f","cb7c0da2-0b83-47d7-811b-c42cc6e34aee","Jack Cook","5","Excellent starter bike","Build quality exceeded expectations at this price point. No cheap plastics or wobbly parts. Everything feels premium.","false","""2025-11-21T19:55:22.219Z"""
"5c1a6cf7-63b5-4f1a-9b18-299a5e0e7cfe","cb7c0da2-0b83-47d7-811b-c42cc6e34aee","George Long","5","Battery life is amazing","This has opened up so many new routes. Places that were too far or too hilly are now easily accessible. Loving the freedom.","true","""2025-10-14T19:55:22.219Z"""
"bea01b4c-3876-40c2-a726-4cb32620e58f","cb7c0da2-0b83-47d7-811b-c42cc6e34aee","Cian Kennedy","5","Ideal for my needs","The folding mechanism is genius. Folds down in seconds and fits easily in my car boot or under my desk at work.","true","""2025-08-12T19:55:22.219Z"""
"e8ca9538-1a73-4678-b014-42c3294070d9","cb7c0da2-0b83-47d7-811b-c42cc6e34aee","Liam Grant","5","Game-changer for my commute","The LCD display is clear and easy to read in all conditions. Love being able to monitor speed and battery at a glance.","true","""2025-07-05T19:55:22.219Z"""
"f507c9fc-6a1c-49bc-9182-de5cf5b1c4de","cb7c0da2-0b83-47d7-811b-c42cc6e34aee","Emily Roberts","5","Happy commuter here","Perfect for navigating city traffic. Acceleration from lights is quick enough to keep up with cars safely.","true","""2025-06-18T19:55:22.219Z"""
"e8ebc276-4922-4d31-aa88-c4c7b0a1fa02","cb7c0da2-0b83-47d7-811b-c42cc6e34aee","Kabir Hassan","5","Just what I needed","The mudguards and chain guard keep me clean for work. No more trouser clips or dirty marks on my suit.","true","""2025-07-30T19:55:22.219Z"""
"f9a283c5-2841-4fb1-adc2-eca3de8b465b","cb7c0da2-0b83-47d7-811b-c42cc6e34aee","Benjamin Thomas","5","Better than expected","Build quality exceeded expectations at this price point. No cheap plastics or wobbly parts. Everything feels premium.","true","""2025-11-05T19:55:22.219Z"""
"5032ff10-a6cb-4f3d-8014-f6cdd6159d36","cb7c0da2-0b83-47d7-811b-c42cc6e34aee","Angus MacDonald","5","Game-changer for my commute","Gears shift smoothly under power. Some cheaper bikes require you to stop pedalling - not this one. Very convenient.","true","""2025-06-11T19:55:22.219Z"""
"fae2782e-6747-438a-8cdd-8135bc4189a7","cb7c0da2-0b83-47d7-811b-c42cc6e34aee","Arjun Reddy","4","Top-notch product","Perfect for navigating city traffic. Acceleration from lights is quick enough to keep up with cars safely.","true","""2025-08-15T19:55:22.219Z"""
"c2cc1819-eee7-4f7c-b5f6-8a3216f776cd","cb7c0da2-0b83-47d7-811b-c42cc6e34aee","Jabari Nwosu","4","Great customer service","Build quality exceeded expectations at this price point. No cheap plastics or wobbly parts. Everything feels premium.","true","""2025-06-05T19:55:22.219Z"""
"fac3da7a-c9ad-4e18-81cb-32cc37a297ca","cb7c0da2-0b83-47d7-811b-c42cc6e34aee","Rohan Mehta","5","Folds up nicely","Perfect for navigating city traffic. Acceleration from lights is quick enough to keep up with cars safely.","true","""2025-09-02T19:55:22.219Z"""
"32837cde-52c6-4725-af56-dcf5268f663b","cb7c0da2-0b83-47d7-811b-c42cc6e34aee","Oliver Walker","5","Great for hills","The mudguards and chain guard keep me clean for work. No more trouser clips or dirty marks on my suit.","true","""2025-06-19T19:55:22.219Z"""
"b43166ec-41c1-45b1-acf0-9d7c252ef063","cb7c0da2-0b83-47d7-811b-c42cc6e34aee","Freya Gordon","5","Quality exceeds the price","Surprisingly agile despite the weight. Easy to navigate through tight spaces and park conveniently.","true","""2025-07-22T19:55:22.219Z"""
"52d6b942-1aaf-41a1-8c79-4ce760c33515","cb7c0da2-0b83-47d7-811b-c42cc6e34aee","Aarav Hassan","5","Very impressed","Braking performance is excellent. Stops quickly and confidently even in wet conditions. Feel very safe riding in traffic.","true","""2025-09-09T19:55:22.219Z"""
"0b426689-a9dc-4f3b-b032-40972e05628a","cb7c0da2-0b83-47d7-811b-c42cc6e34aee","Isla Collins","3","Exceeded all expectations","Wheels are strong and true. Haven't needed any adjustment despite some rough cycle paths and potholes.","true","""2025-10-24T19:55:22.219Z"""
"ee89b684-85eb-4620-8cd6-d2d8bc04f091","cb7c0da2-0b83-47d7-811b-c42cc6e34aee","Chinwe Adebayo","5","Very impressed","The weight is well-balanced. Easy to manoeuvre despite being heavier than a standard bike. Handles beautifully.","true","""2025-08-07T19:55:22.219Z"""
"41687a68-ceb4-4b9a-ac6f-3d72d4e6295e","cb7c0da2-0b83-47d7-811b-c42cc6e34aee","Mason Wood","4","Motor is very quiet","Love the removable battery. I can charge it at my desk whilst at work. So much more convenient than wheeling the whole bike inside.","true","""2025-11-03T19:55:22.219Z"""
"d43761c4-b370-4a7f-826c-708c2f22ba50","cb7c0da2-0b83-47d7-811b-c42cc6e34aee","Ava Wood","5","Great for hills","The rear rack is solid and takes panniers perfectly. Can carry a week's shopping without any wobble.","true","""2025-06-21T19:55:22.219Z"""
"65e4f26b-ef37-4047-a977-7f005efc0e0a","cb7c0da2-0b83-47d7-811b-c42cc6e34aee","Chloe Hughes","5","Feels very sturdy","The design is sleek and modern. I get compliments on it regularly. Doesn't look like a typical Electric bike at all.","true","""2025-10-17T19:55:22.219Z"""
"4b30e5a3-6b2c-45b5-a393-78658c89b381","cb7c0da2-0b83-47d7-811b-c42cc6e34aee","Ananya Singh","5","Perfect for daily use","Perfect for my hilly commute. What used to take 45 minutes of sweaty pedalling now takes 25 minutes and I arrive fresh.","true","""2025-10-20T19:55:22.219Z"""
"6a66e6b3-5d47-4239-8fc3-731e793b8ab4","cb7c0da2-0b83-47d7-811b-c42cc6e34aee","Jack Howard","5","Feels very sturdy","The rear rack is solid and takes panniers perfectly. Can carry a week's shopping without any wobble.","true","""2025-10-10T19:55:22.219Z"""
"5dd31480-ee7d-4101-8da7-fedf42213a40","cb7c0da2-0b83-47d7-811b-c42cc6e34aee","Mason Watson","5","Easy to use","The upright riding position is ideal for visibility in traffic. Can see over cars and be seen by drivers.","true","""2025-10-14T19:55:22.219Z"""
"4f90bf4b-d547-4f66-83a6-11293e63eae0","cb7c0da2-0b83-47d7-811b-c42cc6e34aee","Layla Sharma","5","Happy commuter here","Braking performance is excellent. Stops quickly and confidently even in wet conditions. Feel very safe riding in traffic.","true","""2025-08-28T19:55:22.219Z"""
"8e1452b4-9897-4cc0-ba33-16df71e534cd","cb7c0da2-0b83-47d7-811b-c42cc6e34aee","Emily Robinson","5","Top-notch product","Narrow enough for cycle lanes but stable enough for main roads. Strikes the perfect balance for urban riding.","true","""2025-11-19T19:55:22.219Z"""
"1a949d8c-0087-4c8c-b0b0-f3d4287e8e1f","cb7c0da2-0b83-47d7-811b-c42cc6e34aee","Isla Robinson","5","Responsive and smooth","The throttle mode is brilliant for starting from lights. Get moving quickly without having to pedal hard in traffic.","true","""2025-11-17T19:55:22.219Z"""
"599359a6-2d7f-4b65-ba7a-3448086b08d1","cb7c0da2-0b83-47d7-811b-c42cc6e34aee","Emma Wilson","5","Brilliant for city riding","Customer service deserves special mention. Had a question about maintenance and received a detailed response within hours.","true","""2025-08-27T19:55:22.219Z"""
"b2966257-9055-4b02-b256-677efee59417","cb7c0da2-0b83-47d7-811b-c42cc6e34aee","Samuel Morris","5","Perfect for daily use","Rain hasn't been an issue. Everything is well-sealed and continues working perfectly. Confidence-inspiring in all weather.","true","""2025-06-06T19:55:22.219Z"""
"23d53359-994f-4207-a1d8-281957a14999","cb7c0da2-0b83-47d7-811b-c42cc6e34aee","Rohan Hassan","5","Outstanding value","The upright riding position is ideal for visibility in traffic. Can see over cars and be seen by drivers.","true","""2025-11-16T19:55:22.219Z"""
"1c25bc64-47a0-40a1-a598-32d330a06cc6","cb7c0da2-0b83-47d7-811b-c42cc6e34aee","Dylan Griffiths","5","Excellent build quality","The rear rack is solid and takes panniers perfectly. Can carry a week's shopping without any wobble.","true","""2025-07-11T19:55:22.219Z"""
"9cad8404-a3ae-461f-9435-5e39b7b9e6c1","cb7c0da2-0b83-47d7-811b-c42cc6e34aee","Charlotte Hughes","5","Easy to use","The throttle mode is brilliant for starting from lights. Get moving quickly without having to pedal hard in traffic.","false","""2025-07-26T19:55:22.219Z"""
"9d2c5882-5cfc-48e7-aec0-8e89af298f70","cb7c0da2-0b83-47d7-811b-c42cc6e34aee","Isabella Brooks","5","Motor is very quiet","The power levels are well-judged. Eco mode for range, Sport mode for hills. Perfect balance of options.","true","""2025-08-21T19:55:22.219Z"""
"6ecac4be-e908-4992-a078-e540fa320f1d","cb7c0da2-0b83-47d7-811b-c42cc6e34aee","Harry Lewis","5","Delighted with purchase","Narrow enough for cycle lanes but stable enough for main roads. Strikes the perfect balance for urban riding.","true","""2025-11-04T19:55:22.219Z"""
"72d12c05-aa34-4b46-a4ca-0a02cb1d6ab0","cb7c0da2-0b83-47d7-811b-c42cc6e34aee","Sophie Brooks","5","Excellent build quality","This has opened up so many new routes. Places that were too far or too hilly are now easily accessible. Loving the freedom.","true","""2025-09-23T19:55:22.219Z"""
"d0855ac1-e72b-4fa6-81a5-61cc183d6306","cb7c0da2-0b83-47d7-811b-c42cc6e34aee","Evie Cook","5","Happy commuter here","The tyres grip well in all conditions. Confident cornering even on wet roads. Feel very planted and stable.","true","""2025-11-17T19:55:22.219Z"""
"59a1865d-fba8-43d7-a1bb-6c504876825a","cb7c0da2-0b83-47d7-811b-c42cc6e34aee","Olivia Davies","4","Perfect for daily use","The mudguards and chain guard keep me clean for work. No more trouser clips or dirty marks on my suit.","false","""2025-06-20T19:55:22.219Z"""
"dfe1eb31-369e-480a-9a0b-b722981824a2","cb7c0da2-0b83-47d7-811b-c42cc6e34aee","Oscar Jackson","4","Excellent starter bike","The throttle mode is brilliant for starting from lights. Get moving quickly without having to pedal hard in traffic.","true","""2025-08-29T19:55:22.219Z"""
"7ee39ce3-923a-430d-a591-89c219ada209","cb7c0da2-0b83-47d7-811b-c42cc6e34aee","Arjun Singh","4","Excellent starter bike","The mudguards actually work. Stay clean and dry even through puddles. Small detail but makes a big difference.","true","""2025-07-29T19:55:22.219Z"""
"1adc1bde-8e13-4b6e-8ca9-9144f74392d6","cb7c0da2-0b83-47d7-811b-c42cc6e34aee","Harry Price","5","Exceeded all expectations","The bell is louder than expected - in a good way! Pedestrians actually hear it first time.","true","""2025-07-27T19:55:22.219Z"""
"37f95aa4-b4cc-4786-b3a7-c1daa73a1f6d","cb7c0da2-0b83-47d7-811b-c42cc6e34aee","Grace Watson","5","Outstanding value","The range is no exaggeration. Did a 45-mile ride last weekend and still had battery left. Perfect for longer adventures.","true","""2025-10-10T19:55:22.219Z"""
"de82a158-4ebc-4282-acc3-d19e7313955b","cb7c0da2-0b83-47d7-811b-c42cc6e34aee","Mason Thomas","5","Folds up nicely","Integrated lights and reflectors make me visible. Essential for early morning and evening commutes in winter.","false","""2025-09-06T19:55:22.219Z"""
"b9519465-269a-4438-bb22-c613521ee9bf","cb7c0da2-0b83-47d7-811b-c42cc6e34aee","Ravi Gupta","5","Impressive performance","Integrated lights and reflectors make me visible. Essential for early morning and evening commutes in winter.","true","""2025-07-14T19:55:22.219Z"""
"85019fea-7992-4a56-86a2-2c5e948aa0d3","85fbd8c2-0502-46c9-a2e7-464010a1fc65","Alexander Wilson","5","Impressive performance","The LCD display is clear and easy to read in all conditions. Love being able to monitor speed and battery at a glance.","true","""2025-10-26T19:55:22.245Z"""
"eabc0b2e-86f0-486c-aa23-dea8dd2c4c2b","85fbd8c2-0502-46c9-a2e7-464010a1fc65","Isla Davies","3","Brilliant for city riding","The build quality is exceptional. Everything feels solid and well-engineered. I've been using it daily for three months now and it still performs like new.","true","""2025-10-15T19:55:22.246Z"""
"cbc4eaca-9576-4c39-918f-1eeb881c3621","85fbd8c2-0502-46c9-a2e7-464010a1fc65","Amelia Wright","5","Happy commuter here","Surprisingly agile despite the weight. Easy to navigate through tight spaces and park conveniently.","false","""2025-09-02T19:55:22.246Z"""
"bdcda930-fe33-4e78-b535-0b6025a246e6","85fbd8c2-0502-46c9-a2e7-464010a1fc65","Kabir Rahman","5","Good for longer rides","No buyer's remorse whatsoever. This is everything I hoped it would be and more. Absolutely delighted.","true","""2025-07-26T19:55:22.246Z"""
"05a27dae-b5eb-4ce4-946a-658fca727fe5","85fbd8c2-0502-46c9-a2e7-464010a1fc65","Joshua Cox","5","Highly recommend","The motor provides smooth, natural assistance. You barely notice it working but hills that used to exhaust me are now effortless.","true","""2025-10-19T19:55:22.246Z"""
"db28eb43-2285-49b4-b717-550a93c28190","85fbd8c2-0502-46c9-a2e7-464010a1fc65","Yuki Zhang","5","Quality exceeds the price","Eco mode extends the range impressively. Easily get 50+ miles if you're not rushing. Perfect for weekend rides.","true","""2025-06-27T19:55:22.246Z"""
"01f4a0cf-ac9a-45ee-ae74-500ea82f4367","85fbd8c2-0502-46c9-a2e7-464010a1fc65","Charlotte White","5","Happy commuter here","Lights are bright and effective. Battery powers them without draining noticeably. Feel confident riding in darker months.","true","""2025-10-05T19:55:22.246Z"""
"91773c8e-2a72-4436-ac23-7f621e8b74e1","85fbd8c2-0502-46c9-a2e7-464010a1fc65","Isha Patel","5","Outstanding value","The build quality is exceptional. Everything feels solid and well-engineered. I've been using it daily for three months now and it still performs like new.","false","""2025-06-23T19:55:22.246Z"""
"b5d99c6c-6403-4be1-a126-0bd745ac1816","85fbd8c2-0502-46c9-a2e7-464010a1fc65","Oscar Cook","5","Love the design","Gears shift smoothly under power. Some cheaper bikes require you to stop pedalling - not this one. Very convenient.","true","""2025-09-26T19:55:22.246Z"""
"30969727-b226-46dd-8306-e1796f3c2797","85fbd8c2-0502-46c9-a2e7-464010a1fc65","Maisie Campbell","5","Impressive performance","Battery life has been fantastic. I do a 12-mile round trip daily and only charge twice a week. The range indicator is very accurate too.","true","""2025-08-10T19:55:22.246Z"""
"78b724b0-c33a-401a-884f-7aa02f909619","85fbd8c2-0502-46c9-a2e7-464010a1fc65","Thomas Martin","5","Comfortable ride","Love the removable battery. I can charge it at my desk whilst at work. So much more convenient than wheeling the whole bike inside.","true","""2025-07-16T19:55:22.246Z"""
"606ffd20-f9f2-442d-b3af-4020af1da908","85fbd8c2-0502-46c9-a2e7-464010a1fc65","Ava Morgan","5","Outstanding value","Delivery was impressively quick. Arrived within two days, well packaged. Setup took about 20 minutes following the clear instructions provided.","true","""2025-11-03T19:55:22.246Z"""
"aaf0de52-8bdf-478b-8969-233dc45fdfd8","85fbd8c2-0502-46c9-a2e7-464010a1fc65","Emma Bell","3","Motor is very quiet","I was hesitant about the price initially, but this has saved me hundreds in fuel costs already. Best decision I've made this year.","true","""2025-11-06T19:55:22.246Z"""
"25b765e3-f3f9-4e2b-8d45-e1708f26c192","85fbd8c2-0502-46c9-a2e7-464010a1fc65","Lucas Morgan","5","Solid and reliable","Rain hasn't been an issue. Everything is well-sealed and continues working perfectly. Confidence-inspiring in all weather.","true","""2025-11-11T19:55:22.246Z"""
"1d1ec97b-1606-499a-a11c-31199a367f1b","85fbd8c2-0502-46c9-a2e7-464010a1fc65","Ibrahim Shah","5","Motor is very quiet","Delivery was impressively quick. Arrived within two days, well packaged. Setup took about 20 minutes following the clear instructions provided.","true","""2025-08-02T19:55:22.246Z"""
"6ff5c89e-b3c0-41b1-9a0e-9421e13058a1","85fbd8c2-0502-46c9-a2e7-464010a1fc65","Grace Cook","5","Absolutely brilliant purchase","The integrated lights look sleek and work brilliantly. No fumbling with removable lights anymore.","true","""2025-05-30T19:55:22.246Z"""
"ee9095a7-1fd1-4660-94dc-10e558c20a70","85fbd8c2-0502-46c9-a2e7-464010a1fc65","Emma Barnes","5","Very impressed","After six months of daily use, I have zero complaints. No mechanical issues whatsoever. Just regular maintenance needed.","true","""2025-11-02T19:55:22.246Z"""
"b8bf46ee-46d5-4ddf-a2b7-7270fe445009","85fbd8c2-0502-46c9-a2e7-464010a1fc65","Poppy Ross","5","Excellent build quality","Suspension works brilliantly. Absorbs bumps effectively without feeling bouncy. Much more comfortable than my old rigid bike.","false","""2025-06-16T19:55:22.246Z"""
"b42bf05c-d945-4dff-950b-4543d6a291bd","85fbd8c2-0502-46c9-a2e7-464010a1fc65","Poppy Morris","5","Outstanding value","Battery life has been fantastic. I do a 12-mile round trip daily and only charge twice a week. The range indicator is very accurate too.","true","""2025-06-15T19:55:22.246Z"""
"39981659-1a6a-42d2-9fcc-7619a83faddd","85fbd8c2-0502-46c9-a2e7-464010a1fc65","Logan Ross","5","Battery life is amazing","The weight is well-balanced. Easy to manoeuvre despite being heavier than a standard bike. Handles beautifully.","true","""2025-10-04T19:55:22.246Z"""
"23f29083-e109-4f72-9fce-5c61b255d881","85fbd8c2-0502-46c9-a2e7-464010a1fc65","Leo Long","5","Brilliant for city riding","Perfect for my hilly commute. What used to take 45 minutes of sweaty pedalling now takes 25 minutes and I arrive fresh.","true","""2025-07-23T19:55:22.246Z"""
"d8af77bd-162b-436e-8d70-6327d42dd285","85fbd8c2-0502-46c9-a2e7-464010a1fc65","Benjamin Sanders","5","Worth every penny","Delivery was impressively quick. Arrived within two days, well packaged. Setup took about 20 minutes following the clear instructions provided.","true","""2025-08-07T19:55:22.246Z"""
"3e97ca52-870f-4161-af30-8eeb4bda266c","85fbd8c2-0502-46c9-a2e7-464010a1fc65","Eoin Doyle","5","Perfect size","Assembly was straightforward. Clear instructions and all necessary tools included. Was ready to ride in under half an hour.","true","""2025-10-25T19:55:22.246Z"""
"1fb92f7b-4e6a-4183-8eea-5a6224731e54","85fbd8c2-0502-46c9-a2e7-464010a1fc65","Amelia Scott","5","Solid and reliable","The rear rack is solid and takes panniers perfectly. Can carry a week's shopping without any wobble.","true","""2025-10-30T19:55:22.246Z"""
"def6a7bb-fc61-4380-9157-6e536b0ff80d","85fbd8c2-0502-46c9-a2e7-464010a1fc65","George Collins","4","Motor is very quiet","Puncture-resistant tyres have lived up to the name. Several months of daily use, zero flats. Impressive.","false","""2025-07-26T19:55:22.246Z"""
"438eae2e-c33e-428a-99fd-7e624eca5726","85fbd8c2-0502-46c9-a2e7-464010a1fc65","Hannah Green","4","Absolutely brilliant purchase","The power levels are well-judged. Eco mode for range, Sport mode for hills. Perfect balance of options.","false","""2025-11-05T19:55:22.246Z"""
"bde6e2e8-f061-4a06-8f2f-06e1e01cd8cc","85fbd8c2-0502-46c9-a2e7-464010a1fc65","Thomas Phillips","5","Solid and reliable","Kickstand is sturdy and reliable. Bike stays upright on any surface. Simple but essential feature that works perfectly.","true","""2025-08-20T19:55:22.246Z"""
"696182c4-ef03-4b7c-a953-3a94d0a1aeda","85fbd8c2-0502-46c9-a2e7-464010a1fc65","Charlotte Wilson","5","Motor is very quiet","Perfect for my hilly commute. What used to take 45 minutes of sweaty pedalling now takes 25 minutes and I arrive fresh.","true","""2025-05-31T19:55:22.246Z"""
"7f8d614c-53e2-4c2e-ad33-b0c654affa3a","85fbd8c2-0502-46c9-a2e7-464010a1fc65","Harry Foster","5","Fantastic range","The integrated lights look sleek and work brilliantly. No fumbling with removable lights anymore.","true","""2025-06-20T19:55:22.246Z"""
"851f367f-7f35-4fda-999b-b1a74f481aa1","85fbd8c2-0502-46c9-a2e7-464010a1fc65","Fatima Shah","5","Solid and reliable","This has genuinely changed my lifestyle. Haven't driven to work in two months. Saving money and getting fitter simultaneously.","true","""2025-07-04T19:55:22.246Z"""
"79ac195e-f51b-4820-9bc1-45d20ff1f662","85fbd8c2-0502-46c9-a2e7-464010a1fc65","Oscar Foster","5","Solid and reliable","Suspension works brilliantly. Absorbs bumps effectively without feeling bouncy. Much more comfortable than my old rigid bike.","false","""2025-09-12T19:55:22.246Z"""
"b80b6cef-8389-456a-8d73-d391cfd6bff4","85fbd8c2-0502-46c9-a2e7-464010a1fc65","Emma Murphy","5","Brilliant for city riding","Surprisingly quiet motor. My old Electric bike sounded like a lawnmower. This one is almost silent - very refined.","true","""2025-11-02T19:55:22.246Z"""
"ca95a499-8448-4adf-a375-96f9483a0b62","85fbd8c2-0502-46c9-a2e7-464010a1fc65","Charlie Barnes","5","Delighted with purchase","The tyres grip well in all conditions. Confident cornering even on wet roads. Feel very planted and stable.","true","""2025-10-10T19:55:22.246Z"""
"8a683797-4c1e-46fb-8a90-c8f9873fccf6","85fbd8c2-0502-46c9-a2e7-464010a1fc65","Jack Lewis","5","Better than expected","Gears shift smoothly under power. Some cheaper bikes require you to stop pedalling - not this one. Very convenient.","true","""2025-08-04T19:55:22.246Z"""
"5e7c2655-906e-4f3c-82de-254aabacfdbc","85fbd8c2-0502-46c9-a2e7-464010a1fc65","Olivia Thompson","5","Delighted with purchase","The tyres grip well in all conditions. Confident cornering even on wet roads. Feel very planted and stable.","true","""2025-06-19T19:55:22.246Z"""
"fc4ad333-8ad7-4839-a79d-63587aee2be7","85fbd8c2-0502-46c9-a2e7-464010a1fc65","Evie Wood","5","Great for hills","Customer service deserves special mention. Had a question about maintenance and received a detailed response within hours.","true","""2025-08-28T19:55:22.246Z"""
"b8c50f03-45c5-427c-be1c-4bd2fefef465","85fbd8c2-0502-46c9-a2e7-464010a1fc65","Sakura Kim","5","Fantastic quality","This has genuinely changed my lifestyle. Haven't driven to work in two months. Saving money and getting fitter simultaneously.","false","""2025-11-07T19:55:22.246Z"""
"596b2175-1b03-4f1f-a235-11bab9868213","85fbd8c2-0502-46c9-a2e7-464010a1fc65","Aiko Suzuki","5","Worth every penny","The build quality is exceptional. Everything feels solid and well-engineered. I've been using it daily for three months now and it still performs like new.","false","""2025-09-15T19:55:22.246Z"""
"adfb0f1a-709c-4755-a3b9-21975f184b2a","85fbd8c2-0502-46c9-a2e7-464010a1fc65","Hannah Bennett","5","Delighted with purchase","I'm 6'2"" and it fits me comfortably with room to adjust. My partner is 5'4"" and can also ride it comfortably. Very adjustable.","true","""2025-07-19T19:55:22.246Z"""
"9bc9449a-45f1-4306-add0-9b633b6a5183","85fbd8c2-0502-46c9-a2e7-464010a1fc65","Ruby Thompson","5","Really pleased","No buyer's remorse whatsoever. This is everything I hoped it would be and more. Absolutely delighted.","true","""2025-07-18T19:55:22.246Z"""
"25a3cc5c-4203-4934-9cc5-171329123117","85fbd8c2-0502-46c9-a2e7-464010a1fc65","Oliver Harris","5","Game-changer for my commute","Saddle is surprisingly comfortable. I've done 30-mile rides without any discomfort. Gear shifting is smooth and precise too.","true","""2025-10-31T19:55:22.246Z"""
"284eb567-4f18-494b-b4a0-f56b2cc50f77","85fbd8c2-0502-46c9-a2e7-464010a1fc65","George Sanders","5","Very impressed","The weight is well-balanced. Easy to manoeuvre despite being heavier than a standard bike. Handles beautifully.","true","""2025-09-30T19:55:22.246Z"""
"c9619250-b323-4422-bd97-3dee6b0b42bc","85fbd8c2-0502-46c9-a2e7-464010a1fc65","Leo Morgan","5","Excellent build quality","The craftsmanship is evident. Welds are neat, paint is flawless. This is a bike built to last.","true","""2025-10-25T19:55:22.246Z"""
"29d3bd13-5559-421d-aac3-53117a834197","85fbd8c2-0502-46c9-a2e7-464010a1fc65","Ioan Price","5","Really pleased","Surprisingly quiet motor. My old Electric bike sounded like a lawnmower. This one is almost silent - very refined.","true","""2025-10-20T19:55:22.246Z"""
"c75ab81a-6dad-4838-9316-fbf9de3454db","85fbd8c2-0502-46c9-a2e7-464010a1fc65","Harry Howard","5","Comfortable ride","The build quality is exceptional. Everything feels solid and well-engineered. I've been using it daily for three months now and it still performs like new.","true","""2025-09-11T19:55:22.246Z"""
"cad4d380-16cc-462a-8409-922fad1b1784","85fbd8c2-0502-46c9-a2e7-464010a1fc65","Meera Desai","5","Battery life is amazing","Delivery was impressively quick. Arrived within two days, well packaged. Setup took about 20 minutes following the clear instructions provided.","true","""2025-05-29T19:55:22.246Z"""
"d750f754-8a3e-43ba-8349-7e64e13b3984","85fbd8c2-0502-46c9-a2e7-464010a1fc65","George Bennett","5","Excellent build quality","Delivery was impressively quick. Arrived within two days, well packaged. Setup took about 20 minutes following the clear instructions provided.","true","""2025-09-24T19:55:22.246Z"""
"b51c314a-719b-47fb-9e17-a2f35ab988f6","85fbd8c2-0502-46c9-a2e7-464010a1fc65","Kabir Malik","5","Impressive performance","The tyres grip well in all conditions. Confident cornering even on wet roads. Feel very planted and stable.","true","""2025-07-19T19:55:22.246Z"""
"0dbe5f7b-0262-424a-a1b6-da7624cef20a","85fbd8c2-0502-46c9-a2e7-464010a1fc65","Fatima Hassan","5","Couldn't be happier","The craftsmanship is evident. Welds are neat, paint is flawless. This is a bike built to last.","true","""2025-08-31T19:55:22.246Z"""
"b2c5e9a6-d054-4f76-be71-889620c65e8e","85fbd8c2-0502-46c9-a2e7-464010a1fc65","Chloe Howard","3","Worth every penny","I'm 6'2"" and it fits me comfortably with room to adjust. My partner is 5'4"" and can also ride it comfortably. Very adjustable.","true","""2025-06-16T19:55:22.246Z"""
"b8be6538-dcd6-42a9-9518-15615d5c99e4","85fbd8c2-0502-46c9-a2e7-464010a1fc65","Samuel Richardson","5","Exceeded all expectations","Gears shift smoothly under power. Some cheaper bikes require you to stop pedalling - not this one. Very convenient.","false","""2025-10-03T19:55:22.246Z"""
"decccea4-dcc0-4d8e-b788-c99ccd64d296","85fbd8c2-0502-46c9-a2e7-464010a1fc65","Lily White","5","Better than expected","Gears shift smoothly under power. Some cheaper bikes require you to stop pedalling - not this one. Very convenient.","true","""2025-08-20T19:55:22.246Z"""
"f1641c84-c208-43db-8be7-4596ed9c1469","85fbd8c2-0502-46c9-a2e7-464010a1fc65","Thomas Mitchell","5","Fantastic quality","This has genuinely changed my lifestyle. Haven't driven to work in two months. Saving money and getting fitter simultaneously.","true","""2025-10-06T19:55:22.246Z"""
"110b9154-eef6-4751-9018-7c8e529435fb","85fbd8c2-0502-46c9-a2e7-464010a1fc65","Isabella Wood","5","Excellent build quality","Wheels are strong and true. Haven't needed any adjustment despite some rough cycle paths and potholes.","true","""2025-09-17T19:55:22.246Z"""
"378e9321-6acb-451d-a341-72d867eaa598","85fbd8c2-0502-46c9-a2e7-464010a1fc65","Viktor Kuznetsov","5","Happy commuter here","This has genuinely changed my lifestyle. Haven't driven to work in two months. Saving money and getting fitter simultaneously.","true","""2025-05-30T19:55:22.246Z"""
"d279eb63-e214-483d-b64e-b2acb03cf381","85fbd8c2-0502-46c9-a2e7-464010a1fc65","Isabella Taylor","4","Top-notch product","Suspension works brilliantly. Absorbs bumps effectively without feeling bouncy. Much more comfortable than my old rigid bike.","true","""2025-09-17T19:55:22.246Z"""
"e9349e9d-5293-42f3-8574-adcbbaf914c6","85fbd8c2-0502-46c9-a2e7-464010a1fc65","Owain Morgan","5","Folds up nicely","Customer support answered all my pre-purchase questions promptly. Made the buying decision much easier.","true","""2025-06-13T19:55:22.246Z"""
"54c7074a-46be-46f7-9fd0-ff8c15d2a540","85fbd8c2-0502-46c9-a2e7-464010a1fc65","Sophie Bell","5","Solid and reliable","Perfect for my hilly commute. What used to take 45 minutes of sweaty pedalling now takes 25 minutes and I arrive fresh.","true","""2025-08-18T19:55:22.246Z"""
"a07bd015-88ab-419c-bfe1-4de3b5871a52","85fbd8c2-0502-46c9-a2e7-464010a1fc65","Omar Singh","5","Battery life is amazing","After six months of daily use, I have zero complaints. No mechanical issues whatsoever. Just regular maintenance needed.","true","""2025-07-19T19:55:22.246Z"""
"7796f17f-cbbe-4786-8696-38aefdbd356d","85fbd8c2-0502-46c9-a2e7-464010a1fc65","Zara Rahman","5","Brilliant for city riding","The throttle mode is brilliant for starting from lights. Get moving quickly without having to pedal hard in traffic.","true","""2025-10-06T19:55:22.246Z"""
"dbb83c1d-af22-4c23-8a30-07606bdfb277","85fbd8c2-0502-46c9-a2e7-464010a1fc65","Molly Green","4","Really pleased","The throttle mode is brilliant for starting from lights. Get moving quickly without having to pedal hard in traffic.","true","""2025-08-04T19:55:22.246Z"""
"8ded3274-e5e1-49fd-b332-53da097690dc","85fbd8c2-0502-46c9-a2e7-464010a1fc65","Aisha Choudhury","5","Really pleased","The rear rack is solid and takes panniers perfectly. Can carry a week's shopping without any wobble.","true","""2025-08-22T19:55:22.246Z"""
"0fbe04e4-6b4e-4831-b1a2-0c9ecf913009","85fbd8c2-0502-46c9-a2e7-464010a1fc65","Charlotte Turner","5","Perfect for daily use","Gears shift smoothly under power. Some cheaper bikes require you to stop pedalling - not this one. Very convenient.","true","""2025-09-04T19:55:22.246Z"""
"5282d7b2-e118-4965-9aac-3c51c6d78c02","85fbd8c2-0502-46c9-a2e7-464010a1fc65","Amelia Robinson","5","Impressive performance","Frame design is practical. Mounting and dismounting is easy, which matters when stopping frequently in town.","true","""2025-08-21T19:55:22.246Z"""
"9f479c3b-aed0-4d4e-a853-2bd2833fd0f6","85fbd8c2-0502-46c9-a2e7-464010a1fc65","Freya Ross","5","Absolutely brilliant purchase","Assembly was straightforward. Clear instructions and all necessary tools included. Was ready to ride in under half an hour.","true","""2025-07-29T19:55:22.246Z"""
"866461d3-373c-455a-84f8-ae5b230922e5","85fbd8c2-0502-46c9-a2e7-464010a1fc65","Alexander Walker","4","Quality exceeds the price","My colleagues have been asking about it constantly. Two have already bought one based on my recommendation.","true","""2025-08-10T19:55:22.246Z"""
"a93a3420-56d1-488a-98b8-5534437b6ef1","85fbd8c2-0502-46c9-a2e7-464010a1fc65","Charlie Taylor","5","Comfortable ride","Delivery was impressively quick. Arrived within two days, well packaged. Setup took about 20 minutes following the clear instructions provided.","true","""2025-09-07T19:55:22.246Z"""
"524ff2cf-c9f6-4573-8c30-d279da76be38","85fbd8c2-0502-46c9-a2e7-464010a1fc65","Henry Evans","5","Love the design","The integrated lights look sleek and work brilliantly. No fumbling with removable lights anymore.","true","""2025-07-01T19:55:22.246Z"""
"22c3da73-c8e5-4a49-88e5-d6ab9c375f3e","85fbd8c2-0502-46c9-a2e7-464010a1fc65","Ravi Khan","5","Smooth and powerful","Brakes require minimal finger pressure. Very responsive without being grabby. Excellent modulation.","false","""2025-09-24T19:55:22.246Z"""
"ae41dd87-4e67-4d11-a143-d55d8681312e","85fbd8c2-0502-46c9-a2e7-464010a1fc65","Oscar Mitchell","5","Battery life is amazing","The design is sleek and modern. I get compliments on it regularly. Doesn't look like a typical Electric bike at all.","true","""2025-11-01T19:55:22.246Z"""
"5e4e9803-ea05-49d6-aa61-382d7be6d4e3","85fbd8c2-0502-46c9-a2e7-464010a1fc65","James Hall","5","Impressive performance","Gears shift smoothly under power. Some cheaper bikes require you to stop pedalling - not this one. Very convenient.","true","""2025-08-24T19:55:22.246Z"""
"f09cf3e5-728d-4081-b72b-5b81f3140dfd","85fbd8c2-0502-46c9-a2e7-464010a1fc65","Alexander Long","5","Smooth and powerful","Gears shift smoothly under power. Some cheaper bikes require you to stop pedalling - not this one. Very convenient.","true","""2025-05-30T19:55:22.246Z"""
"fe3622a0-6da4-4577-afe8-e69d2148e573","85fbd8c2-0502-46c9-a2e7-464010a1fc65","Samuel Phillips","5","Absolutely brilliant purchase","Charges faster than expected. From empty to full in about 4-5 hours. Perfect to charge overnight.","true","""2025-10-18T19:55:22.246Z"""
"9c3baf91-3aae-4be4-a85a-f5d33289f9dc","85fbd8c2-0502-46c9-a2e7-464010a1fc65","Jack Watson","5","Love the design","The LCD display is clear and easy to read in all conditions. Love being able to monitor speed and battery at a glance.","true","""2025-10-09T19:55:22.246Z"""
"ab85c72c-0c5b-4826-bbe6-51e2f416fd7c","85fbd8c2-0502-46c9-a2e7-464010a1fc65","Ffion Hughes","5","Fantastic quality","I'm 6'2"" and it fits me comfortably with room to adjust. My partner is 5'4"" and can also ride it comfortably. Very adjustable.","true","""2025-08-07T19:55:22.246Z"""
"9a0d4a69-29b7-479e-80a7-e587211e37df","85fbd8c2-0502-46c9-a2e7-464010a1fc65","Ife Ogunleye","5","Folds up nicely","The design is sleek and modern. I get compliments on it regularly. Doesn't look like a typical Electric bike at all.","true","""2025-11-16T19:55:22.246Z"""
"7b2f4996-6bfc-4977-b7be-15bc3cff42f6","85fbd8c2-0502-46c9-a2e7-464010a1fc65","Arjun Mehta","5","Top-notch product","Suspension works brilliantly. Absorbs bumps effectively without feeling bouncy. Much more comfortable than my old rigid bike.","true","""2025-09-20T19:55:22.246Z"""
"ec0963e3-19c9-4845-89d6-d5d287aa34eb","85fbd8c2-0502-46c9-a2e7-464010a1fc65","Benjamin Walker","3","Exceeded all expectations","The throttle mode is brilliant for starting from lights. Get moving quickly without having to pedal hard in traffic.","false","""2025-08-07T19:55:22.246Z"""
"5927ca48-351c-4726-8783-116ccb10c68e","85fbd8c2-0502-46c9-a2e7-464010a1fc65","Alexander Mitchell","5","Highly recommend","Puncture-resistant tyres have lived up to the name. Several months of daily use, zero flats. Impressive.","true","""2025-10-12T19:55:22.246Z"""
"65d44a2c-02cf-44c4-8838-306a6c61f604","85fbd8c2-0502-46c9-a2e7-464010a1fc65","Benjamin Thompson","5","Easy to use","The folding mechanism is genius. Folds down in seconds and fits easily in my car boot or under my desk at work.","true","""2025-10-07T19:55:22.246Z"""
"2f3b1531-67a6-4177-a95d-19770e3d2ec9","85fbd8c2-0502-46c9-a2e7-464010a1fc65","Evie White","5","Solid and reliable","Love the removable battery. I can charge it at my desk whilst at work. So much more convenient than wheeling the whole bike inside.","true","""2025-09-14T19:55:22.246Z"""
"486c0e43-56af-41ea-b51c-49fa3eba3c50","85fbd8c2-0502-46c9-a2e7-464010a1fc65","Jack Phillips","5","Battery life is amazing","The range is no exaggeration. Did a 45-mile ride last weekend and still had battery left. Perfect for longer adventures.","false","""2025-08-05T19:55:22.246Z"""
"d269b227-1b17-4524-a963-e53fa6b76983","85fbd8c2-0502-46c9-a2e7-464010a1fc65","Seren Price","5","Perfect for daily use","My colleagues have been asking about it constantly. Two have already bought one based on my recommendation.","true","""2025-11-14T19:55:22.246Z"""
"af147187-a1f7-4ea2-8899-8b302dabbd8e","85fbd8c2-0502-46c9-a2e7-464010a1fc65","Hannah Cox","5","Excellent starter bike","Surprisingly quiet motor. My old Electric bike sounded like a lawnmower. This one is almost silent - very refined.","true","""2025-08-12T19:55:22.246Z"""
"cf66a4b0-ca4f-4095-ac2a-2fc04ea792f3","85fbd8c2-0502-46c9-a2e7-464010a1fc65","Amelia Sanders","5","Exceeded all expectations","The tyres grip well in all conditions. Confident cornering even on wet roads. Feel very planted and stable.","true","""2025-10-29T19:55:22.246Z"""
"b4f3abca-7106-43c8-862e-2843c2a99c28","85fbd8c2-0502-46c9-a2e7-464010a1fc65","Charlotte Robinson","5","Feels very sturdy","Exactly as described on the website. No nasty surprises. What you see is what you get, which is refreshing.","true","""2025-06-07T19:55:22.246Z"""
"46fec746-49a2-4650-a61f-6128e684282d","85fbd8c2-0502-46c9-a2e7-464010a1fc65","Oliver Robinson","5","Perfect size","Gear range is perfect. Lowest gear handles steep hills, highest gear keeps up with traffic on flat roads.","true","""2025-09-15T19:55:22.246Z"""
"faa5d2a1-1002-4ca6-a004-4cfed0a32109","85fbd8c2-0502-46c9-a2e7-464010a1fc65","Harry Barnes","5","Great for hills","Lights are bright and effective. Battery powers them without draining noticeably. Feel confident riding in darker months.","true","""2025-10-19T19:55:22.246Z"""
"54b4ad63-251e-4aae-98f6-f97c440ac812","85fbd8c2-0502-46c9-a2e7-464010a1fc65","Rohan Singh","5","Love the design","Gear range is perfect. Lowest gear handles steep hills, highest gear keeps up with traffic on flat roads.","true","""2025-08-24T19:55:22.246Z"""
"a79a37ae-6b84-4255-811a-fed3a0f53bfd","85fbd8c2-0502-46c9-a2e7-464010a1fc65","Jack Ross","5","Folds up nicely","Battery life has been fantastic. I do a 12-mile round trip daily and only charge twice a week. The range indicator is very accurate too.","true","""2025-07-21T19:55:22.246Z"""
"e7f7df79-bed0-461b-bf56-1d904a61e624","85fbd8c2-0502-46c9-a2e7-464010a1fc65","Benjamin Martin","5","Just what I needed","The power levels are well-judged. Eco mode for range, Sport mode for hills. Perfect balance of options.","true","""2025-06-21T19:55:22.246Z"""
"2fff00b9-5bb7-4d8a-a2a3-2a5b95b664f2","85fbd8c2-0502-46c9-a2e7-464010a1fc65","Jack Henderson","4","Smooth and powerful","My colleagues have been asking about it constantly. Two have already bought one based on my recommendation.","false","""2025-09-24T19:55:22.246Z"""
"262442b6-75bd-47d6-bc44-52d92e77acf8","85fbd8c2-0502-46c9-a2e7-464010a1fc65","Amelia Mitchell","5","Perfect size","Rain hasn't been an issue. Everything is well-sealed and continues working perfectly. Confidence-inspiring in all weather.","true","""2025-11-15T19:55:22.246Z"""
"ee367846-cc73-4fc9-8b0c-a2c362cc457c","85fbd8c2-0502-46c9-a2e7-464010a1fc65","Aryan Khan","5","Best investment I've made","Customer support answered all my pre-purchase questions promptly. Made the buying decision much easier.","true","""2025-09-04T19:55:22.246Z"""
"69d9ec4d-7aed-4a24-ad22-b038e73792b8","85fbd8c2-0502-46c9-a2e7-464010a1fc65","Orla Flynn","5","Folds up nicely","Lights are bright and effective. Battery powers them without draining noticeably. Feel confident riding in darker months.","true","""2025-08-10T19:55:22.246Z"""
"c797b2dc-9ed0-46b4-93c5-a7ae78c2ab8c","85fbd8c2-0502-46c9-a2e7-464010a1fc65","Poppy Coleman","4","Motor is very quiet","I was hesitant about the price initially, but this has saved me hundreds in fuel costs already. Best decision I've made this year.","true","""2025-11-17T19:55:22.246Z"""
"de20d1f4-e4a6-4735-a9e9-0c445da28a03","85fbd8c2-0502-46c9-a2e7-464010a1fc65","Layla Khan","2","Fantastic quality","Saddle is surprisingly comfortable. I've done 30-mile rides without any discomfort. Gear shifting is smooth and precise too.","true","""2025-09-02T19:55:22.246Z"""
"79b3019c-e066-4148-85e5-6961bb03973a","85fbd8c2-0502-46c9-a2e7-464010a1fc65","Ananya Sharma","5","Smooth and powerful","The weight is well-balanced. Easy to manoeuvre despite being heavier than a standard bike. Handles beautifully.","false","""2025-08-15T19:55:22.246Z"""
"98e28bdc-00e9-407a-9c4e-ea6aeeb407cc","85fbd8c2-0502-46c9-a2e7-464010a1fc65","Yusuf Reddy","4","Battery life is amazing","This has paid for itself already in saved train fares. The financial case is compelling even before health benefits.","true","""2025-06-27T19:55:22.246Z"""
"bb6c9d4a-dc71-4dfa-8b12-fcf1e00ec4e7","85fbd8c2-0502-46c9-a2e7-464010a1fc65","Henry Henderson","4","Ideal for my needs","Love the removable battery. I can charge it at my desk whilst at work. So much more convenient than wheeling the whole bike inside.","true","""2025-08-25T19:55:22.246Z"""
"388fb6fa-49e2-41c8-89a4-4a36b795ca9d","85fbd8c2-0502-46c9-a2e7-464010a1fc65","Evie Collins","5","Excellent starter bike","Puncture-resistant tyres have lived up to the name. Several months of daily use, zero flats. Impressive.","true","""2025-09-04T19:55:22.246Z"""
"b2e799c4-07fd-40b9-b0fb-84f4bba60638","85fbd8c2-0502-46c9-a2e7-464010a1fc65","Molly Mitchell","5","Ideal for my needs","Wheels are strong and true. Haven't needed any adjustment despite some rough cycle paths and potholes.","true","""2025-08-12T19:55:22.246Z"""
"49c2c716-567b-443f-8974-66904929f628","85fbd8c2-0502-46c9-a2e7-464010a1fc65","Aarav Rao","4","Very impressed","Customer service deserves special mention. Had a question about maintenance and received a detailed response within hours.","true","""2025-09-04T19:55:22.246Z"""
"f6719ea8-f821-4774-af9a-70b88baa695c","85fbd8c2-0502-46c9-a2e7-464010a1fc65","Isla Murphy","5","Feels very sturdy","This has opened up so many new routes. Places that were too far or too hilly are now easily accessible. Loving the freedom.","false","""2025-07-29T19:55:22.246Z"""
"abe9cf95-669c-47fc-84f1-46e8e5c6c1e7","85fbd8c2-0502-46c9-a2e7-464010a1fc65","Aryan Gupta","5","Feels very sturdy","Battery life has been fantastic. I do a 12-mile round trip daily and only charge twice a week. The range indicator is very accurate too.","true","""2025-07-21T19:55:22.246Z"""
"62b04367-9e11-4dbf-a777-5be9e5289ad3","85fbd8c2-0502-46c9-a2e7-464010a1fc65","Jack Wood","5","Smooth and powerful","Lights are bright and effective. Battery powers them without draining noticeably. Feel confident riding in darker months.","true","""2025-09-27T19:55:22.246Z"""
"5a0d1fe4-6250-4bf2-b53f-2d900cf21aa9","85fbd8c2-0502-46c9-a2e7-464010a1fc65","Ruby Collins","4","Brilliant for city riding","Customer support answered all my pre-purchase questions promptly. Made the buying decision much easier.","true","""2025-05-29T19:55:22.246Z"""
"86665bef-1f56-40d4-bb87-173c094052c0","85fbd8c2-0502-46c9-a2e7-464010a1fc65","Benjamin Taylor","5","Love everything about it","This has genuinely changed my lifestyle. Haven't driven to work in two months. Saving money and getting fitter simultaneously.","true","""2025-07-28T19:55:22.246Z"""
"19fdb442-9686-405d-9964-32a6c3f96ada","85fbd8c2-0502-46c9-a2e7-464010a1fc65","Emily Brown","4","Absolutely brilliant purchase","The integrated lights look sleek and work brilliantly. No fumbling with removable lights anymore.","true","""2025-11-17T19:55:22.246Z"""
"4f3de49d-b97e-4521-b3cc-4c689eeda9d6","85fbd8c2-0502-46c9-a2e7-464010a1fc65","Benjamin Jackson","4","Good for longer rides","After six months of daily use, I have zero complaints. No mechanical issues whatsoever. Just regular maintenance needed.","true","""2025-08-17T19:55:22.246Z"""
"233492b8-8b75-4257-83a1-ba9a3083beec","85fbd8c2-0502-46c9-a2e7-464010a1fc65","Arjun Khan","5","Great customer service","Kickstand is sturdy and reliable. Bike stays upright on any surface. Simple but essential feature that works perfectly.","true","""2025-09-28T19:55:22.246Z"""
"584557a3-4656-4604-93b1-a9261cb8d062","85fbd8c2-0502-46c9-a2e7-464010a1fc65","Ethan Wright","5","Happy commuter here","Lights are bright and effective. Battery powers them without draining noticeably. Feel confident riding in darker months.","true","""2025-07-06T19:55:22.246Z"""
"9e83f3ce-0865-4efa-abb6-c7ad318fd2f0","85fbd8c2-0502-46c9-a2e7-464010a1fc65","Emily Price","5","Game-changer for my commute","After six months of daily use, I have zero complaints. No mechanical issues whatsoever. Just regular maintenance needed.","true","""2025-08-07T19:55:22.246Z"""
"24b8a784-cd98-47c4-8f52-4400db201602","85fbd8c2-0502-46c9-a2e7-464010a1fc65","Daniel Collins","4","Fantastic range","Brakes require minimal finger pressure. Very responsive without being grabby. Excellent modulation.","true","""2025-09-25T19:55:22.246Z"""
"a35a9abd-ee76-4b3d-8421-4d01536a4a8a","85fbd8c2-0502-46c9-a2e7-464010a1fc65","James Robinson","4","Responsive and smooth","Rain hasn't been an issue. Everything is well-sealed and continues working perfectly. Confidence-inspiring in all weather.","true","""2025-10-29T19:55:22.246Z"""
"f537f318-7f08-4011-a494-ab898562477e","85fbd8c2-0502-46c9-a2e7-464010a1fc65","Amelia Henderson","5","Absolutely brilliant purchase","The bell is louder than expected - in a good way! Pedestrians actually hear it first time.","true","""2025-07-02T19:55:22.246Z"""
"da1cdb01-b58a-480a-a5fa-7f6b52b897fd","85fbd8c2-0502-46c9-a2e7-464010a1fc65","Ava Brooks","5","Brilliant for city riding","The range is no exaggeration. Did a 45-mile ride last weekend and still had battery left. Perfect for longer adventures.","true","""2025-10-24T19:55:22.246Z"""
"e04ed0df-abb7-4103-835a-5eb0339c5bf2","85fbd8c2-0502-46c9-a2e7-464010a1fc65","Arjun Hassan","5","Fantastic range","Battery life has been fantastic. I do a 12-mile round trip daily and only charge twice a week. The range indicator is very accurate too.","true","""2025-10-19T19:55:22.246Z"""
"0978deb6-62ec-4680-9550-1ad800d5429c","85fbd8c2-0502-46c9-a2e7-464010a1fc65","William Lewis","5","Great for hills","The bell is louder than expected - in a good way! Pedestrians actually hear it first time.","true","""2025-10-05T19:55:22.246Z"""
"f629f238-ebb1-4392-8537-9d0b9146c3b8","85fbd8c2-0502-46c9-a2e7-464010a1fc65","Jack Cooper","5","Ideal for my needs","Suspension works brilliantly. Absorbs bumps effectively without feeling bouncy. Much more comfortable than my old rigid bike.","true","""2025-11-12T19:55:22.246Z"""
"c1afdbe1-0be6-4a19-bb08-1947a4d2d33b","85fbd8c2-0502-46c9-a2e7-464010a1fc65","Ethan Brooks","5","Excellent build quality","Wheels are strong and true. Haven't needed any adjustment despite some rough cycle paths and potholes.","true","""2025-06-17T19:55:22.246Z"""
"31a6eecd-5668-4bda-977a-2119e4ec41be","85fbd8c2-0502-46c9-a2e7-464010a1fc65","Leo Wilson","4","Happy commuter here","Build quality exceeded expectations at this price point. No cheap plastics or wobbly parts. Everything feels premium.","true","""2025-09-11T19:55:22.246Z"""
"5f849273-3653-4cbc-a6b8-ea689b449e1e","85fbd8c2-0502-46c9-a2e7-464010a1fc65","Ruby Taylor","5","Perfect for daily use","Frame design is practical. Mounting and dismounting is easy, which matters when stopping frequently in town.","true","""2025-11-11T19:55:22.246Z"""
"a29657e6-c61d-4b6b-a9bb-88fc9b0ba808","85fbd8c2-0502-46c9-a2e7-464010a1fc65","Ruby Richardson","5","Very impressed","I'm 6'2"" and it fits me comfortably with room to adjust. My partner is 5'4"" and can also ride it comfortably. Very adjustable.","true","""2025-10-07T19:55:22.246Z"""
"29df7165-981d-4798-af82-c4ea37240896","85fbd8c2-0502-46c9-a2e7-464010a1fc65","Harry Brooks","5","Love everything about it","The throttle mode is brilliant for starting from lights. Get moving quickly without having to pedal hard in traffic.","true","""2025-07-20T19:55:22.246Z"""
"3b9451ad-ff8d-4eed-80d0-1c064138789d","85fbd8c2-0502-46c9-a2e7-464010a1fc65","Hannah Jackson","5","Absolutely brilliant purchase","The build quality is exceptional. Everything feels solid and well-engineered. I've been using it daily for three months now and it still performs like new.","true","""2025-10-28T19:55:22.246Z"""
"f5eb6346-fde5-4f31-800e-6e8dfe65c003","85fbd8c2-0502-46c9-a2e7-464010a1fc65","James Hughes","5","Excellent build quality","Exactly as described on the website. No nasty surprises. What you see is what you get, which is refreshing.","true","""2025-07-25T19:55:22.246Z"""
"30d66b28-68e3-4286-afc3-78dc42071ebf","85fbd8c2-0502-46c9-a2e7-464010a1fc65","Ruby Evans","5","Folds up nicely","Perfect for my hilly commute. What used to take 45 minutes of sweaty pedalling now takes 25 minutes and I arrive fresh.","true","""2025-09-17T19:55:22.246Z"""
"06c19f29-b7c7-4fde-a6d5-c4b46a4128c2","85fbd8c2-0502-46c9-a2e7-464010a1fc65","Joshua Jackson","5","Delighted with purchase","This has genuinely changed my lifestyle. Haven't driven to work in two months. Saving money and getting fitter simultaneously.","true","""2025-08-05T19:55:22.246Z"""
"97acb64c-e67c-4bf2-8a5d-5d3bf54cfc4c","85fbd8c2-0502-46c9-a2e7-464010a1fc65","Joshua Bennett","5","Love everything about it","No buyer's remorse whatsoever. This is everything I hoped it would be and more. Absolutely delighted.","true","""2025-06-01T19:55:22.246Z"""
"b5ef3a52-3fe3-4508-afc4-660d3355d357","85fbd8c2-0502-46c9-a2e7-464010a1fc65","Chloe Barnes","5","Smooth and powerful","The bell is louder than expected - in a good way! Pedestrians actually hear it first time.","true","""2025-11-12T19:55:22.246Z"""
"6add5275-d67f-40c8-940c-e5c6e0f8802b","85fbd8c2-0502-46c9-a2e7-464010a1fc65","Sophie Scott","4","Perfect for daily use","I'm 6'2"" and it fits me comfortably with room to adjust. My partner is 5'4"" and can also ride it comfortably. Very adjustable.","true","""2025-08-25T19:55:22.246Z"""
"ffbbac22-4cb2-4008-b825-282f2892ac72","85fbd8c2-0502-46c9-a2e7-464010a1fc65","Ananya Choudhury","4","Quality exceeds the price","Surprisingly quiet motor. My old Electric bike sounded like a lawnmower. This one is almost silent - very refined.","true","""2025-10-17T19:55:22.246Z"""
"ae21e42d-df11-44cc-8481-2cc270b52c61","85fbd8c2-0502-46c9-a2e7-464010a1fc65","Charlotte Evans","4","Perfect commuter bike","Rain hasn't been an issue. Everything is well-sealed and continues working perfectly. Confidence-inspiring in all weather.","true","""2025-11-20T19:55:22.246Z"""
"ed3ab83a-96ef-427e-99d0-e59ea856b770","85fbd8c2-0502-46c9-a2e7-464010a1fc65","Samuel Hughes","5","Best investment I've made","This has genuinely changed my lifestyle. Haven't driven to work in two months. Saving money and getting fitter simultaneously.","true","""2025-08-29T19:55:22.246Z"""
"561c3e06-b874-4011-b998-f91bb83cd3b4","85fbd8c2-0502-46c9-a2e7-464010a1fc65","Ibrahim Rahman","5","Superb engineering","The build quality is exceptional. Everything feels solid and well-engineered. I've been using it daily for three months now and it still performs like new.","true","""2025-10-07T19:55:22.246Z"""
"78b85eaf-5f6b-4ba9-b0b1-120a8b47e935","85fbd8c2-0502-46c9-a2e7-464010a1fc65","Ava Cox","5","Love everything about it","The bell is louder than expected - in a good way! Pedestrians actually hear it first time.","true","""2025-07-25T19:55:22.246Z"""
"ccca88b0-6a1b-46e9-85a1-72ce09a56e05","85fbd8c2-0502-46c9-a2e7-464010a1fc65","Poppy Howard","5","Love everything about it","This has opened up so many new routes. Places that were too far or too hilly are now easily accessible. Loving the freedom.","true","""2025-09-11T19:55:22.246Z"""
"f10081c9-7782-4e31-935d-0fa71b0f030b","85fbd8c2-0502-46c9-a2e7-464010a1fc65","Kabir Rao","5","Exceeded all expectations","Battery life has been fantastic. I do a 12-mile round trip daily and only charge twice a week. The range indicator is very accurate too.","true","""2025-09-24T19:55:22.246Z"""
"4b6c559a-f938-43dc-a6f2-7429fb1fc8d1","85fbd8c2-0502-46c9-a2e7-464010a1fc65","Matthew Hall","5","Solid and reliable","The weight is well-balanced. Easy to manoeuvre despite being heavier than a standard bike. Handles beautifully.","true","""2025-10-13T19:55:22.246Z"""
"8ecdfede-96ab-4d6f-ba8f-5d4423d66f9c","dd80fb34-cedf-4c58-8fd5-2846d85171e4","Daniel Howard","5","Motor is very quiet","The range is no exaggeration. Did a 45-mile ride last weekend and still had battery left. Perfect for longer adventures.","true","""2025-07-01T19:55:22.277Z"""
"0a1b2c1e-3d0f-4ac6-b84d-27437ad62369","dd80fb34-cedf-4c58-8fd5-2846d85171e4","Ella Jenkins","5","Smooth and powerful","The range is no exaggeration. Did a 45-mile ride last weekend and still had battery left. Perfect for longer adventures.","true","""2025-08-25T19:55:22.277Z"""
"4fee7209-20ba-49b1-bf04-564e840de330","dd80fb34-cedf-4c58-8fd5-2846d85171e4","Thomas Bell","5","Good for longer rides","The design is sleek and modern. I get compliments on it regularly. Doesn't look like a typical Electric bike at all.","false","""2025-09-09T19:55:22.277Z"""
"3c33e8f5-d7af-4781-b737-fac65230dee8","dd80fb34-cedf-4c58-8fd5-2846d85171e4","Evie Morris","5","Top-notch product","The weight is well-balanced. Easy to manoeuvre despite being heavier than a standard bike. Handles beautifully.","true","""2025-08-24T19:55:22.277Z"""
"bf80b421-b709-44c4-a79d-50fa73c98310","dd80fb34-cedf-4c58-8fd5-2846d85171e4","Lily Thomas","5","Game-changer for my commute","Love the removable battery. I can charge it at my desk whilst at work. So much more convenient than wheeling the whole bike inside.","true","""2025-11-04T19:55:22.277Z"""
"25fdfd66-6d22-42bc-b3a9-e384f945c832","dd80fb34-cedf-4c58-8fd5-2846d85171e4","Lily Davies","3","Outstanding value","Battery life has been fantastic. I do a 12-mile round trip daily and only charge twice a week. The range indicator is very accurate too.","true","""2025-09-15T19:55:22.277Z"""
"753f102c-b7e2-46fd-9c08-33abcd8c0cdb","dd80fb34-cedf-4c58-8fd5-2846d85171e4","Lucas Turner","5","Top-notch product","Wheels are strong and true. Haven't needed any adjustment despite some rough cycle paths and potholes.","true","""2025-08-02T19:55:22.277Z"""
"3dabb8c9-ba1c-4eba-9501-b79fe979e70b","dd80fb34-cedf-4c58-8fd5-2846d85171e4","Oliver Martin","4","Brilliant for city riding","Delivery was impressively quick. Arrived within two days, well packaged. Setup took about 20 minutes following the clear instructions provided.","true","""2025-09-24T19:55:22.277Z"""
"16c89bde-e74a-449f-9549-0fc4441f0b42","dd80fb34-cedf-4c58-8fd5-2846d85171e4","Emily Reed","5","Great customer service","The bell is louder than expected - in a good way! Pedestrians actually hear it first time.","true","""2025-09-23T19:55:22.277Z"""
"d53cdfc3-9c46-4b34-b2f3-fb401fb2f33d","dd80fb34-cedf-4c58-8fd5-2846d85171e4","Mia Phillips","5","Battery life is amazing","I was hesitant about the price initially, but this has saved me hundreds in fuel costs already. Best decision I've made this year.","true","""2025-08-10T19:55:22.277Z"""
"bc0b440a-97b7-445d-a76d-1586db4550f6","dd80fb34-cedf-4c58-8fd5-2846d85171e4","Emma Bennett","4","Delighted with purchase","Gears shift smoothly under power. Some cheaper bikes require you to stop pedalling - not this one. Very convenient.","true","""2025-07-20T19:55:22.277Z"""
"9c63d5e5-4360-4973-be66-0296bef22b91","dd80fb34-cedf-4c58-8fd5-2846d85171e4","Charlotte Howard","5","Fantastic quality","Brakes require minimal finger pressure. Very responsive without being grabby. Excellent modulation.","true","""2025-10-16T19:55:22.277Z"""
"d55a3bfb-4ac3-4918-898c-2b16f7294b3e","dd80fb34-cedf-4c58-8fd5-2846d85171e4","Charlotte Clark","3","Love the design","Gears shift smoothly under power. Some cheaper bikes require you to stop pedalling - not this one. Very convenient.","true","""2025-11-19T19:55:22.277Z"""
"52d9f456-da99-4ca7-ae7f-7f38b1be04e8","dd80fb34-cedf-4c58-8fd5-2846d85171e4","Isla Young","4","Responsive and smooth","The range is no exaggeration. Did a 45-mile ride last weekend and still had battery left. Perfect for longer adventures.","true","""2025-09-14T19:55:22.277Z"""
"ec9fcfa4-98b9-4a40-b1a7-139439b2f31d","dd80fb34-cedf-4c58-8fd5-2846d85171e4","Noah Clark","4","Love everything about it","Perfect for my hilly commute. What used to take 45 minutes of sweaty pedalling now takes 25 minutes and I arrive fresh.","true","""2025-09-16T19:55:22.277Z"""
"920579e3-5071-44be-a6ba-b5d09c9757fd","dd80fb34-cedf-4c58-8fd5-2846d85171e4","Molly Cook","5","Really pleased","Exactly as described on the website. No nasty surprises. What you see is what you get, which is refreshing.","true","""2025-05-30T19:55:22.277Z"""
"08a1faa8-e54b-4f4a-9c83-79da03a22928","dd80fb34-cedf-4c58-8fd5-2846d85171e4","Ava Lewis","5","Impressive performance","Kickstand is sturdy and reliable. Bike stays upright on any surface. Simple but essential feature that works perfectly.","true","""2025-09-02T19:55:22.277Z"""
"1b7deb41-a898-4e98-abcf-1049d9725610","dd80fb34-cedf-4c58-8fd5-2846d85171e4","Sophie Cook","4","Couldn't be happier","Suspension works brilliantly. Absorbs bumps effectively without feeling bouncy. Much more comfortable than my old rigid bike.","false","""2025-11-12T19:55:22.277Z"""
"4b3a4419-454b-4bd6-9c2b-9e2cad5630da","dd80fb34-cedf-4c58-8fd5-2846d85171e4","Matthew Harris","5","Delighted with purchase","The weight is well-balanced. Easy to manoeuvre despite being heavier than a standard bike. Handles beautifully.","true","""2025-08-04T19:55:22.277Z"""
"8e4eb97f-2aaa-44f7-b516-96b37ca3bf1e","dd80fb34-cedf-4c58-8fd5-2846d85171e4","Ethan Collins","4","Quality exceeds the price","This has genuinely changed my lifestyle. Haven't driven to work in two months. Saving money and getting fitter simultaneously.","true","""2025-10-09T19:55:22.277Z"""
"0dc4035a-53da-4e4a-bbb6-6839ba30d07b","dd80fb34-cedf-4c58-8fd5-2846d85171e4","Omar Khan","5","Very impressed","Customer support answered all my pre-purchase questions promptly. Made the buying decision much easier.","true","""2025-08-19T19:55:22.277Z"""
"f53755ba-17d5-4256-9652-e532d5f24b70","dd80fb34-cedf-4c58-8fd5-2846d85171e4","Oliver Bennett","4","Game-changer for my commute","Love that I can use it as a regular bike when I want exercise, or with assistance when I'm tired. Versatility is brilliant.","true","""2025-10-02T19:55:22.277Z"""
"7e2be929-4a6d-45d0-800f-a8669fa50ef6","dd80fb34-cedf-4c58-8fd5-2846d85171e4","Diya Ali","5","Fantastic range","My colleagues have been asking about it constantly. Two have already bought one based on my recommendation.","true","""2025-10-23T19:55:22.277Z"""
"c214b876-514b-4d46-8990-1362527d653a","dd80fb34-cedf-4c58-8fd5-2846d85171e4","Grace Ward","5","Exceeded all expectations","Wheels are strong and true. Haven't needed any adjustment despite some rough cycle paths and potholes.","true","""2025-06-17T19:55:22.277Z"""
"1fd7288e-b060-40c0-bf66-7274d05aa44d","dd80fb34-cedf-4c58-8fd5-2846d85171e4","Molly Long","3","Delighted with purchase","The rear rack is solid and takes panniers perfectly. Can carry a week's shopping without any wobble.","false","""2025-07-22T19:55:22.277Z"""
"fed29636-3ac8-484d-bbdd-7ac44490f61e","dd80fb34-cedf-4c58-8fd5-2846d85171e4","Kwame Ogunleye","5","Delighted with purchase","The rear rack is solid and takes panniers perfectly. Can carry a week's shopping without any wobble.","true","""2025-11-14T19:55:22.277Z"""
"5099cf7c-0685-4f35-99cb-29734fdd7132","dd80fb34-cedf-4c58-8fd5-2846d85171e4","Ibrahim Patel","5","Motor is very quiet","Kickstand is sturdy and reliable. Bike stays upright on any surface. Simple but essential feature that works perfectly.","true","""2025-08-28T19:55:22.277Z"""
"b4d9717a-23d0-4d72-9f45-a9f2cec427dc","dd80fb34-cedf-4c58-8fd5-2846d85171e4","Isabella Long","4","Great customer service","Surprisingly agile despite the weight. Easy to navigate through tight spaces and park conveniently.","true","""2025-07-08T19:55:22.277Z"""
"c529c45f-0fac-471f-be64-24a434bacf82","dd80fb34-cedf-4c58-8fd5-2846d85171e4","Lucas Baker","4","Best investment I've made","Eco mode extends the range impressively. Easily get 50+ miles if you're not rushing. Perfect for weekend rides.","true","""2025-10-05T19:55:22.277Z"""
"fafe4a9a-7547-4a14-8d77-6ce7435e9581","dd80fb34-cedf-4c58-8fd5-2846d85171e4","Hannah Cook","5","Exceeded all expectations","The throttle mode is brilliant for starting from lights. Get moving quickly without having to pedal hard in traffic.","true","""2025-08-10T19:55:22.277Z"""
"c30d32ae-5950-4fbc-b11d-090d2f13e278","dd80fb34-cedf-4c58-8fd5-2846d85171e4","Benjamin Roberts","3","Top-notch product","I was hesitant about the price initially, but this has saved me hundreds in fuel costs already. Best decision I've made this year.","true","""2025-06-18T19:55:22.277Z"""
"23df0e22-b614-44b2-890c-aafa3c99cedb","dd80fb34-cedf-4c58-8fd5-2846d85171e4","Lucas Bennett","5","Very impressed","The tyres grip well in all conditions. Confident cornering even on wet roads. Feel very planted and stable.","true","""2025-11-05T19:55:22.277Z"""
"8222ffe5-d2a8-4c4c-a14e-4b52cf292be7","dd80fb34-cedf-4c58-8fd5-2846d85171e4","Oliver Morgan","5","Great customer service","The bell is louder than expected - in a good way! Pedestrians actually hear it first time.","true","""2025-09-08T19:55:22.277Z"""
"9eeca4b5-47c6-4d64-9429-f85222be7b63","dd80fb34-cedf-4c58-8fd5-2846d85171e4","Poppy Harris","5","Folds up nicely","Frame design is practical. Mounting and dismounting is easy, which matters when stopping frequently in town.","true","""2025-09-29T19:55:22.277Z"""
"909804df-8f4d-40e2-b5b6-81cbbc4105aa","dd80fb34-cedf-4c58-8fd5-2846d85171e4","Sophie Young","2","Brilliant for city riding","Exactly as described on the website. No nasty surprises. What you see is what you get, which is refreshing.","true","""2025-10-04T19:55:22.277Z"""
"683d1646-a46a-4673-aeda-bf7b36ae7ec8","dd80fb34-cedf-4c58-8fd5-2846d85171e4","James Coleman","5","Just what I needed","The range is no exaggeration. Did a 45-mile ride last weekend and still had battery left. Perfect for longer adventures.","false","""2025-07-30T19:55:22.277Z"""
"21490637-679f-4143-9a44-14b36c6337c5","dd80fb34-cedf-4c58-8fd5-2846d85171e4","Grace Cooper","4","Motor is very quiet","Wheels are strong and true. Haven't needed any adjustment despite some rough cycle paths and potholes.","true","""2025-11-02T19:55:22.277Z"""
"16288458-8804-4de8-9d1e-5f12a80accb7","dd80fb34-cedf-4c58-8fd5-2846d85171e4","Rhys Rees","5","Excellent build quality","The design is sleek and modern. I get compliments on it regularly. Doesn't look like a typical Electric bike at all.","true","""2025-09-05T19:55:22.277Z"""
"8bbfe854-b368-434f-8956-eebfd8757530","dd80fb34-cedf-4c58-8fd5-2846d85171e4","Charlie Ward","5","Love the design","Eco mode extends the range impressively. Easily get 50+ miles if you're not rushing. Perfect for weekend rides.","true","""2025-09-24T19:55:22.277Z"""
"1eb3bb79-469a-40ec-a088-404b9c52969b","dd80fb34-cedf-4c58-8fd5-2846d85171e4","Fatima Rao","5","Responsive and smooth","This has genuinely changed my lifestyle. Haven't driven to work in two months. Saving money and getting fitter simultaneously.","true","""2025-07-06T19:55:22.277Z"""
"95062523-9ed9-4cdc-a93f-2e99f5b8fa57","dd80fb34-cedf-4c58-8fd5-2846d85171e4","Matthew Wood","5","Great for hills","Exactly as described on the website. No nasty surprises. What you see is what you get, which is refreshing.","true","""2025-09-19T19:55:22.277Z"""
"1190191c-b6f3-4cc4-b16a-0c6876460245","dd80fb34-cedf-4c58-8fd5-2846d85171e4","Mia King","5","Happy commuter here","This has opened up so many new routes. Places that were too far or too hilly are now easily accessible. Loving the freedom.","true","""2025-11-11T19:55:22.277Z"""
"1aa93ba5-3574-4bbc-b83e-a08beeb1cf0f","dd80fb34-cedf-4c58-8fd5-2846d85171e4","William Wright","5","Easy to use","Charges faster than expected. From empty to full in about 4-5 hours. Perfect to charge overnight.","true","""2025-09-13T19:55:22.277Z"""
"fc649db5-fa5e-463b-8d92-bbbd2807fdbb","dd80fb34-cedf-4c58-8fd5-2846d85171e4","Maisie MacLeod","5","Solid and reliable","The motor provides smooth, natural assistance. You barely notice it working but hills that used to exhaust me are now effortless.","true","""2025-08-28T19:55:22.277Z"""
"cf2cbcbe-ccdf-4b95-a4be-e1065bbd4f0e","dd80fb34-cedf-4c58-8fd5-2846d85171e4","Oliver White","5","Couldn't be happier","This has genuinely changed my lifestyle. Haven't driven to work in two months. Saving money and getting fitter simultaneously.","true","""2025-09-01T19:55:22.277Z"""
"70b1e721-7b3c-4d15-8d1f-5d3bb07b6c5b","dd80fb34-cedf-4c58-8fd5-2846d85171e4","Amelia Harris","4","Exceeded all expectations","The rear rack is solid and takes panniers perfectly. Can carry a week's shopping without any wobble.","true","""2025-06-23T19:55:22.277Z"""
"978d6da9-77f7-4e72-a337-8a464e4c0ab0","dd80fb34-cedf-4c58-8fd5-2846d85171e4","Isla Cameron","5","Fantastic range","Suspension works brilliantly. Absorbs bumps effectively without feeling bouncy. Much more comfortable than my old rigid bike.","true","""2025-09-28T19:55:22.277Z"""
"e59b96bd-43a8-4df1-b61e-8528f81dd9a9","dd80fb34-cedf-4c58-8fd5-2846d85171e4","Jack Long","4","Brilliant for city riding","I was hesitant about the price initially, but this has saved me hundreds in fuel costs already. Best decision I've made this year.","true","""2025-11-20T19:55:22.277Z"""
"0c9eae54-87ba-428d-bd81-715e9a630a9f","dd80fb34-cedf-4c58-8fd5-2846d85171e4","Orla Walsh","4","Fantastic quality","Build quality exceeded expectations at this price point. No cheap plastics or wobbly parts. Everything feels premium.","true","""2025-09-12T19:55:22.277Z"""
"aa38ff06-3c94-4724-948d-eabe70e15986","dd80fb34-cedf-4c58-8fd5-2846d85171e4","Charlie Martin","5","Very impressed","The tyres grip well in all conditions. Confident cornering even on wet roads. Feel very planted and stable.","true","""2025-07-14T19:55:22.277Z"""
"f2ffb4c4-2dc9-4907-bf7b-6cfce59f8bf9","dd80fb34-cedf-4c58-8fd5-2846d85171e4","Ella Taylor","4","Fantastic quality","Build quality exceeded expectations at this price point. No cheap plastics or wobbly parts. Everything feels premium.","true","""2025-08-22T19:55:22.277Z"""
"90df8122-f1c5-414c-ad3e-b9e23f373170","dd80fb34-cedf-4c58-8fd5-2846d85171e4","Diya Ahmed","5","Solid and reliable","The power levels are well-judged. Eco mode for range, Sport mode for hills. Perfect balance of options.","true","""2025-08-12T19:55:22.277Z"""
"44e7e1ad-07e3-4c96-83d3-9d76af6d564a","dd80fb34-cedf-4c58-8fd5-2846d85171e4","Leo Robinson","5","Game-changer for my commute","I was hesitant about the price initially, but this has saved me hundreds in fuel costs already. Best decision I've made this year.","true","""2025-08-22T19:55:22.277Z"""
"7ad0c539-67be-415e-bcea-79896564524b","dd80fb34-cedf-4c58-8fd5-2846d85171e4","Henry Watson","5","Outstanding value","Love the removable battery. I can charge it at my desk whilst at work. So much more convenient than wheeling the whole bike inside.","true","""2025-06-26T19:55:22.277Z"""
"bcf1fc79-6ddd-4736-badf-3dd84d181180","dd80fb34-cedf-4c58-8fd5-2846d85171e4","Emily Watson","5","Comfortable ride","The integrated lights look sleek and work brilliantly. No fumbling with removable lights anymore.","true","""2025-08-12T19:55:22.277Z"""
"6e37be7d-fe0e-4263-a745-4fb78e646cc4","dd80fb34-cedf-4c58-8fd5-2846d85171e4","Harry Roberts","3","Just what I needed","Wheels are strong and true. Haven't needed any adjustment despite some rough cycle paths and potholes.","true","""2025-08-29T19:55:22.277Z"""
"760b3139-f75a-469a-a00d-d44b4ffe6aee","dd80fb34-cedf-4c58-8fd5-2846d85171e4","Alexander Coleman","4","Good for longer rides","Wheels are strong and true. Haven't needed any adjustment despite some rough cycle paths and potholes.","true","""2025-05-30T19:55:22.277Z"""
"972ecf2d-1fe1-4712-899e-e2a2442a349c","dd80fb34-cedf-4c58-8fd5-2846d85171e4","Ella Wilson","1","Couldn't be happier","Kickstand is sturdy and reliable. Bike stays upright on any surface. Simple but essential feature that works perfectly.","true","""2025-06-25T19:55:22.277Z"""
"b08a8dc1-eef8-401c-b7f1-7b1c16efa202","dd80fb34-cedf-4c58-8fd5-2846d85171e4","Grace Morris","5","Absolutely brilliant purchase","Charges faster than expected. From empty to full in about 4-5 hours. Perfect to charge overnight.","true","""2025-06-12T19:55:22.277Z"""
"cf7d9f7a-bfa6-4e6b-a6ba-fb8448284337","dd80fb34-cedf-4c58-8fd5-2846d85171e4","Isabella Edwards","4","Very impressed","Build quality exceeded expectations at this price point. No cheap plastics or wobbly parts. Everything feels premium.","true","""2025-11-04T19:55:22.277Z"""
"e0df0af5-bd21-4073-bed9-20e6d44cb3b5","dd80fb34-cedf-4c58-8fd5-2846d85171e4","Alexander Lewis","4","Quality exceeds the price","Gears shift smoothly under power. Some cheaper bikes require you to stop pedalling - not this one. Very convenient.","true","""2025-10-03T19:55:22.277Z"""
"1702f523-983f-4f4b-a2e9-114c454e2221","dd80fb34-cedf-4c58-8fd5-2846d85171e4","Henry Wilson","5","Impressive performance","Rain hasn't been an issue. Everything is well-sealed and continues working perfectly. Confidence-inspiring in all weather.","true","""2025-07-07T19:55:22.277Z"""
"0ceb31c1-12c5-4e8e-89ed-5a50d4066f7d","dd80fb34-cedf-4c58-8fd5-2846d85171e4","Charlotte Baker","5","Perfect for daily use","Surprisingly quiet motor. My old Electric bike sounded like a lawnmower. This one is almost silent - very refined.","true","""2025-07-28T19:55:22.277Z"""
"ae64e8ae-76bf-4170-af9a-1746c88fd201","dd80fb34-cedf-4c58-8fd5-2846d85171e4","Thomas Taylor","5","Very impressed","Gears shift smoothly under power. Some cheaper bikes require you to stop pedalling - not this one. Very convenient.","true","""2025-11-16T19:55:22.277Z"""
"b6ebc88d-714e-4bc3-91f7-a7b3ad7ea8a6","dd80fb34-cedf-4c58-8fd5-2846d85171e4","Ella Cook","4","Easy to use","Surprisingly agile despite the weight. Easy to navigate through tight spaces and park conveniently.","false","""2025-06-05T19:55:22.277Z"""
"400e67ff-5523-4212-9f53-0d55e0cb08cb","dd80fb34-cedf-4c58-8fd5-2846d85171e4","Celyn Morgan","4","Just what I needed","Charges faster than expected. From empty to full in about 4-5 hours. Perfect to charge overnight.","true","""2025-07-08T19:55:22.277Z"""
"9fe00b69-5ea0-4b71-9b74-41d2e5376dc4","dd80fb34-cedf-4c58-8fd5-2846d85171e4","Matthew Barnes","5","Perfect size","Lights are bright and effective. Battery powers them without draining noticeably. Feel confident riding in darker months.","true","""2025-10-04T19:55:22.277Z"""
"0564af9c-8c55-4a3d-bcd7-78eb52af0b43","dd80fb34-cedf-4c58-8fd5-2846d85171e4","George Henderson","5","Love everything about it","Suspension works brilliantly. Absorbs bumps effectively without feeling bouncy. Much more comfortable than my old rigid bike.","true","""2025-10-10T19:55:22.277Z"""
"34d429a8-319d-4af7-aac3-6112e9f83d53","dd80fb34-cedf-4c58-8fd5-2846d85171e4","Molly Young","5","Comfortable ride","Wheels are strong and true. Haven't needed any adjustment despite some rough cycle paths and potholes.","true","""2025-10-09T19:55:22.277Z"""
"1d23c70e-9887-4038-b235-c8f87bd993fc","dd80fb34-cedf-4c58-8fd5-2846d85171e4","James Wilson","5","Exceeded all expectations","My colleagues have been asking about it constantly. Two have already bought one based on my recommendation.","true","""2025-08-12T19:55:22.277Z"""
"d0455b5b-6098-4556-9a05-3cb126694f19","dd80fb34-cedf-4c58-8fd5-2846d85171e4","Charlotte Roberts","3","Love the design","The integrated lights look sleek and work brilliantly. No fumbling with removable lights anymore.","true","""2025-07-14T19:55:22.277Z"""
"644285e8-a28f-40f6-98ee-bd50e6d022ed","dd80fb34-cedf-4c58-8fd5-2846d85171e4","Noah Barnes","5","Excellent build quality","Surprisingly quiet motor. My old Electric bike sounded like a lawnmower. This one is almost silent - very refined.","false","""2025-11-13T19:55:22.277Z"""
"88c990aa-ca41-4cf9-bbf8-04b0ee6fd6ef","dd80fb34-cedf-4c58-8fd5-2846d85171e4","Poppy Davies","5","Smooth and powerful","Surprisingly quiet motor. My old Electric bike sounded like a lawnmower. This one is almost silent - very refined.","true","""2025-10-24T19:55:22.277Z"""
"0939934c-79d1-4c15-adae-94c199ace6cd","dd80fb34-cedf-4c58-8fd5-2846d85171e4","Lucas Thomas","5","Responsive and smooth","Suspension works brilliantly. Absorbs bumps effectively without feeling bouncy. Much more comfortable than my old rigid bike.","true","""2025-06-21T19:55:22.277Z"""
"b089d727-d79d-4ffe-a5e9-faf8229797c4","dd80fb34-cedf-4c58-8fd5-2846d85171e4","Joshua Walker","2","Excellent build quality","The LCD display is clear and easy to read in all conditions. Love being able to monitor speed and battery at a glance.","true","""2025-10-03T19:55:22.277Z"""
"7eadf4a4-0f27-4d71-8f07-bbc9a2622395","dd80fb34-cedf-4c58-8fd5-2846d85171e4","Leo Davies","5","Great customer service","Eco mode extends the range impressively. Easily get 50+ miles if you're not rushing. Perfect for weekend rides.","true","""2025-08-27T19:55:22.277Z"""
"856dbfb1-b7ac-4183-9835-38700601d986","dd80fb34-cedf-4c58-8fd5-2846d85171e4","Ava Clark","4","Just what I needed","After six months of daily use, I have zero complaints. No mechanical issues whatsoever. Just regular maintenance needed.","true","""2025-06-29T19:55:22.277Z"""
"03f310d7-f398-4dd3-ac5d-d38ea28f0a69","dd80fb34-cedf-4c58-8fd5-2846d85171e4","Alexander Clark","5","Absolutely brilliant purchase","The design is sleek and modern. I get compliments on it regularly. Doesn't look like a typical Electric bike at all.","false","""2025-08-30T19:55:22.277Z"""
"a32d07ec-b85d-434b-ae6d-18f06c1489e6","dd80fb34-cedf-4c58-8fd5-2846d85171e4","Aryan Hassan","5","Perfect for daily use","The rear rack is solid and takes panniers perfectly. Can carry a week's shopping without any wobble.","true","""2025-10-02T19:55:22.277Z"""
"29dbe273-8ea0-4ac7-a39b-fbf4524993d6","dd80fb34-cedf-4c58-8fd5-2846d85171e4","Oliver Price","4","Quality exceeds the price","Kickstand is sturdy and reliable. Bike stays upright on any surface. Simple but essential feature that works perfectly.","true","""2025-08-12T19:55:22.277Z"""
"b4ed7c6d-8c06-4877-be67-be998ef97b29","dd80fb34-cedf-4c58-8fd5-2846d85171e4","Daniel Roberts","4","Very impressed","The power levels are well-judged. Eco mode for range, Sport mode for hills. Perfect balance of options.","true","""2025-09-02T19:55:22.277Z"""
"3db09c2f-4cad-4d5c-a688-1089c1530977","dd80fb34-cedf-4c58-8fd5-2846d85171e4","Molly Evans","5","Outstanding value","The mudguards actually work. Stay clean and dry even through puddles. Small detail but makes a big difference.","true","""2025-11-17T19:55:22.277Z"""
"307b23d0-8632-4810-9b9c-1db5d818001a","dd80fb34-cedf-4c58-8fd5-2846d85171e4","Isha Kumar","5","Love everything about it","Lights are bright and effective. Battery powers them without draining noticeably. Feel confident riding in darker months.","true","""2025-07-20T19:55:22.277Z"""
"856474b1-818e-4dfe-85c7-5df5587bb093","dd80fb34-cedf-4c58-8fd5-2846d85171e4","Kabir Desai","5","Really pleased","My colleagues have been asking about it constantly. Two have already bought one based on my recommendation.","true","""2025-07-04T19:55:22.277Z"""
"ebfdef3c-c595-430b-ba7f-308d2e0b1432","dd80fb34-cedf-4c58-8fd5-2846d85171e4","Matthew Collins","5","Really pleased","Brakes require minimal finger pressure. Very responsive without being grabby. Excellent modulation.","true","""2025-11-11T19:55:22.277Z"""
"072dbf61-ebf0-4b6d-9737-0c643e3369f7","dd80fb34-cedf-4c58-8fd5-2846d85171e4","Thomas Anderson","5","Best investment I've made","This has genuinely changed my lifestyle. Haven't driven to work in two months. Saving money and getting fitter simultaneously.","true","""2025-10-19T19:55:22.277Z"""
"014aa9ff-94b7-4e8b-9ce5-8c4930f8e585","dd80fb34-cedf-4c58-8fd5-2846d85171e4","Charlotte Green","5","Quality exceeds the price","Gear range is perfect. Lowest gear handles steep hills, highest gear keeps up with traffic on flat roads.","true","""2025-07-21T19:55:22.277Z"""
"8fd49c25-dff0-4733-9d64-57dc0c595f94","dd80fb34-cedf-4c58-8fd5-2846d85171e4","Charlie Morgan","5","Really pleased","Build quality exceeded expectations at this price point. No cheap plastics or wobbly parts. Everything feels premium.","true","""2025-10-03T19:55:22.277Z"""
"4db26cef-c637-4701-ac2d-18d8df31667e","dd80fb34-cedf-4c58-8fd5-2846d85171e4","George Lewis","5","Outstanding value","The rear rack is solid and takes panniers perfectly. Can carry a week's shopping without any wobble.","true","""2025-11-06T19:55:22.277Z"""
"e990a16c-23e7-4f6b-84f5-20300546e987","dd80fb34-cedf-4c58-8fd5-2846d85171e4","George Coleman","5","Love everything about it","The mudguards actually work. Stay clean and dry even through puddles. Small detail but makes a big difference.","true","""2025-10-31T19:55:22.277Z"""
"a906ac56-dc45-47cb-9d66-cc93434ca528","dd80fb34-cedf-4c58-8fd5-2846d85171e4","George Richardson","5","Excellent starter bike","I was hesitant about the price initially, but this has saved me hundreds in fuel costs already. Best decision I've made this year.","true","""2025-09-23T19:55:22.277Z"""
"36572741-e0e4-45cd-a6c3-5583bce26505","dd80fb34-cedf-4c58-8fd5-2846d85171e4","Henry Green","5","Couldn't be happier","Exactly as described on the website. No nasty surprises. What you see is what you get, which is refreshing.","true","""2025-07-29T19:55:22.277Z"""
"5415b755-9a52-41cd-a2bb-e8431c9bce89","dd80fb34-cedf-4c58-8fd5-2846d85171e4","Daniel Davies","4","Superb engineering","Customer service deserves special mention. Had a question about maintenance and received a detailed response within hours.","true","""2025-10-23T19:55:22.277Z"""
"c0b2f15f-351e-4431-9b9c-5889a494a97f","dd80fb34-cedf-4c58-8fd5-2846d85171e4","Lucas Wright","5","Love everything about it","The motor provides smooth, natural assistance. You barely notice it working but hills that used to exhaust me are now effortless.","true","""2025-11-15T19:55:22.277Z"""
"e2b8ac0d-3ba9-4a85-849a-cf9e89bb126b","dd80fb34-cedf-4c58-8fd5-2846d85171e4","Chloe Walker","5","Perfect for daily use","The throttle mode is brilliant for starting from lights. Get moving quickly without having to pedal hard in traffic.","true","""2025-07-30T19:55:22.277Z"""
"c96b0ece-4845-4d54-9759-67099a604ea2","dd80fb34-cedf-4c58-8fd5-2846d85171e4","Olivia Evans","5","Love the design","Suspension works brilliantly. Absorbs bumps effectively without feeling bouncy. Much more comfortable than my old rigid bike.","false","""2025-07-30T19:55:22.277Z"""
"03707cf8-f99b-44a1-85f6-9888f2c2a493","dd80fb34-cedf-4c58-8fd5-2846d85171e4","Oliver Foster","5","Really pleased","My colleagues have been asking about it constantly. Two have already bought one based on my recommendation.","true","""2025-10-21T19:55:22.277Z"""
"bb468257-3a5c-4267-8900-dcf06d359535","dd80fb34-cedf-4c58-8fd5-2846d85171e4","Oscar White","5","Responsive and smooth","The bell is louder than expected - in a good way! Pedestrians actually hear it first time.","true","""2025-07-20T19:55:22.277Z"""
"e678d6ba-a5ea-4f79-9440-60849b365167","dd80fb34-cedf-4c58-8fd5-2846d85171e4","Charlotte Brown","5","Perfect size","Braking performance is excellent. Stops quickly and confidently even in wet conditions. Feel very safe riding in traffic.","true","""2025-09-19T19:55:22.277Z"""
"ad4e0aca-0f1b-415c-9863-9d2833d25029","dd80fb34-cedf-4c58-8fd5-2846d85171e4","George Roberts","5","Comfortable ride","Delivery was impressively quick. Arrived within two days, well packaged. Setup took about 20 minutes following the clear instructions provided.","true","""2025-08-07T19:55:22.277Z"""
"74b7904b-6166-4de8-9466-a6b90eeda73b","dd80fb34-cedf-4c58-8fd5-2846d85171e4","Leo Anderson","3","Outstanding value","Frame design is practical. Mounting and dismounting is easy, which matters when stopping frequently in town.","true","""2025-07-01T19:55:22.277Z"""
"880f9ff4-1fd4-479c-9e62-a2e186b0c140","dd80fb34-cedf-4c58-8fd5-2846d85171e4","Angus Cameron","5","Love the design","The craftsmanship is evident. Welds are neat, paint is flawless. This is a bike built to last.","true","""2025-09-16T19:55:22.277Z"""
"347d666e-7613-4209-abc8-8c3296a9905a","dd80fb34-cedf-4c58-8fd5-2846d85171e4","Chloe Hall","5","Feels very sturdy","The weight is well-balanced. Easy to manoeuvre despite being heavier than a standard bike. Handles beautifully.","true","""2025-08-11T19:55:22.277Z"""
"247d9e58-0949-4748-bae0-181a24b6cc60","dd80fb34-cedf-4c58-8fd5-2846d85171e4","Grace Brown","4","Perfect for daily use","The range is no exaggeration. Did a 45-mile ride last weekend and still had battery left. Perfect for longer adventures.","true","""2025-08-02T19:55:22.277Z"""
"2ffdd228-4648-4d4d-8f1b-2795cdc8fa1f","dd80fb34-cedf-4c58-8fd5-2846d85171e4","Jack Davies","5","Better than expected","Build quality exceeded expectations at this price point. No cheap plastics or wobbly parts. Everything feels premium.","true","""2025-07-15T19:55:22.277Z"""
"77cc2681-8d6c-45c9-ae69-16ed4be2e257","dd80fb34-cedf-4c58-8fd5-2846d85171e4","Benjamin Robinson","5","Responsive and smooth","The tyres grip well in all conditions. Confident cornering even on wet roads. Feel very planted and stable.","true","""2025-09-01T19:55:22.277Z"""
"7228018f-5031-4c9b-8d2a-6c4ee346b7f9","dd80fb34-cedf-4c58-8fd5-2846d85171e4","Grace Thompson","5","Superb engineering","My colleagues have been asking about it constantly. Two have already bought one based on my recommendation.","true","""2025-09-05T19:55:22.277Z"""
"543ddf23-a9c4-4eac-9671-6411dd9fff73","dd80fb34-cedf-4c58-8fd5-2846d85171e4","Evie Morgan","1","Outstanding value","The folding mechanism is genius. Folds down in seconds and fits easily in my car boot or under my desk at work.","false","""2025-09-24T19:55:22.277Z"""
"fcf7d029-9889-453e-9f18-874a8f8e1c97","dd80fb34-cedf-4c58-8fd5-2846d85171e4","Matthew Evans","5","Impressive performance","This has opened up so many new routes. Places that were too far or too hilly are now easily accessible. Loving the freedom.","true","""2025-10-18T19:55:22.277Z"""
"e9890571-9c89-4074-a938-bc887e9e9c23","dd80fb34-cedf-4c58-8fd5-2846d85171e4","Jack Bennett","5","Ideal for my needs","The integrated lights look sleek and work brilliantly. No fumbling with removable lights anymore.","true","""2025-07-02T19:55:22.277Z"""
"cd91458c-bdbd-4db2-9c52-035a92cdf32e","dd80fb34-cedf-4c58-8fd5-2846d85171e4","Benjamin Richardson","5","Better than expected","Frame design is practical. Mounting and dismounting is easy, which matters when stopping frequently in town.","true","""2025-07-01T19:55:22.277Z"""
"ea3ba394-02b7-4d4c-b4a9-fbeea1f0aa4f","dd80fb34-cedf-4c58-8fd5-2846d85171e4","Hamish MacKenzie","5","Couldn't be happier","Gears shift smoothly under power. Some cheaper bikes require you to stop pedalling - not this one. Very convenient.","true","""2025-08-01T19:55:22.277Z"""
"7ac30f79-6d2e-4899-bc0a-8a5460cd94fe","dd80fb34-cedf-4c58-8fd5-2846d85171e4","Henry Hall","5","Motor is very quiet","Puncture-resistant tyres have lived up to the name. Several months of daily use, zero flats. Impressive.","true","""2025-08-15T19:55:22.277Z"""
"3df77966-a6c2-495a-afa1-011e99fbd416","dd80fb34-cedf-4c58-8fd5-2846d85171e4","Sophie Coleman","5","Love everything about it","Battery life has been fantastic. I do a 12-mile round trip daily and only charge twice a week. The range indicator is very accurate too.","true","""2025-07-05T19:55:22.277Z"""
"9b2493bf-8558-41d0-9f16-636696795a36","dd80fb34-cedf-4c58-8fd5-2846d85171e4","George Wright","5","Smooth and powerful","Love that I can use it as a regular bike when I want exercise, or with assistance when I'm tired. Versatility is brilliant.","true","""2025-08-07T19:55:22.277Z"""
"bc6c6656-494f-4bab-93a8-f85b3ecd0bf6","dd80fb34-cedf-4c58-8fd5-2846d85171e4","Evie Reed","4","Folds up nicely","The power levels are well-judged. Eco mode for range, Sport mode for hills. Perfect balance of options.","true","""2025-10-01T19:55:22.277Z"""
"fca611a3-a63b-4445-89c0-befb566c9e6e","dd80fb34-cedf-4c58-8fd5-2846d85171e4","Jack Coleman","5","Perfect commuter bike","After six months of daily use, I have zero complaints. No mechanical issues whatsoever. Just regular maintenance needed.","true","""2025-10-24T19:55:22.277Z"""
"40d67ad3-7d00-4a0a-a978-0f6e776880db","dd80fb34-cedf-4c58-8fd5-2846d85171e4","Ella Phillips","4","Absolutely brilliant purchase","This has genuinely changed my lifestyle. Haven't driven to work in two months. Saving money and getting fitter simultaneously.","true","""2025-08-13T19:55:22.278Z"""
"4ee9578b-2b56-469e-8f72-ae41bf864a10","dd80fb34-cedf-4c58-8fd5-2846d85171e4","Evie Richardson","5","Great customer service","Frame design is practical. Mounting and dismounting is easy, which matters when stopping frequently in town.","false","""2025-07-25T19:55:22.278Z"""
"1982f745-07a2-4eb7-8abf-4c031439df78","dd80fb34-cedf-4c58-8fd5-2846d85171e4","Ethan Anderson","5","Great customer service","The folding mechanism is genius. Folds down in seconds and fits easily in my car boot or under my desk at work.","true","""2025-11-04T19:55:22.278Z"""
"216ad73a-ec65-4865-aad7-ac241f5d434e","dd80fb34-cedf-4c58-8fd5-2846d85171e4","Molly Coleman","5","Folds up nicely","Customer support answered all my pre-purchase questions promptly. Made the buying decision much easier.","true","""2025-08-01T19:55:22.278Z"""
"f4760136-f35a-4ace-b259-740c087fe856","dd80fb34-cedf-4c58-8fd5-2846d85171e4","Emma Jackson","5","Solid and reliable","This has genuinely changed my lifestyle. Haven't driven to work in two months. Saving money and getting fitter simultaneously.","true","""2025-06-04T19:55:22.278Z"""
"3d6725f1-9f49-48a3-a8c6-86fa23d792a7","dd80fb34-cedf-4c58-8fd5-2846d85171e4","Kemi Adeyemi","4","Perfect commuter bike","The motor provides smooth, natural assistance. You barely notice it working but hills that used to exhaust me are now effortless.","true","""2025-08-04T19:55:22.278Z"""
"cbc6b847-f28f-416b-91f7-158af102b6ec","dd80fb34-cedf-4c58-8fd5-2846d85171e4","Charlie Cox","3","Perfect commuter bike","I'm 6'2"" and it fits me comfortably with room to adjust. My partner is 5'4"" and can also ride it comfortably. Very adjustable.","true","""2025-11-04T19:55:22.278Z"""
"1f37404e-3a10-4241-9360-dc94a13bfd27","dd80fb34-cedf-4c58-8fd5-2846d85171e4","Olivia Edwards","5","Perfect commuter bike","The design is sleek and modern. I get compliments on it regularly. Doesn't look like a typical Electric bike at all.","true","""2025-08-29T19:55:22.278Z"""
"c5521647-5a00-4223-88f4-6adbc519ec85","dd80fb34-cedf-4c58-8fd5-2846d85171e4","Emma Jenkins","5","Love the design","The bell is louder than expected - in a good way! Pedestrians actually hear it first time.","true","""2025-07-26T19:55:22.278Z"""
"88279d4a-b6b3-4675-9f3a-8b5687e0342a","dd80fb34-cedf-4c58-8fd5-2846d85171e4","Evie Cox","5","Outstanding value","Perfect for my hilly commute. What used to take 45 minutes of sweaty pedalling now takes 25 minutes and I arrive fresh.","true","""2025-09-15T19:55:22.278Z"""
"df1c770f-0cb6-4ab2-99da-17c9c7ae7b9c","dd80fb34-cedf-4c58-8fd5-2846d85171e4","Thomas Wilson","5","Easy to use","The motor provides smooth, natural assistance. You barely notice it working but hills that used to exhaust me are now effortless.","false","""2025-10-26T19:55:22.278Z"""
"73390377-a235-4b4f-9b7d-e16bed84f83b","dd80fb34-cedf-4c58-8fd5-2846d85171e4","Ethan Cooper","5","Feels very sturdy","Wheels are strong and true. Haven't needed any adjustment despite some rough cycle paths and potholes.","true","""2025-08-05T19:55:22.278Z"""
"e6fbbc1b-5796-4a9e-b3a6-af5ee345a3cd","f06b3a8f-8216-4cf8-b784-169e4133a166","James H.","5","Brilliant value for money","Honestly couldn't believe the quality for under £400. Arrived well packaged, took about 30 minutes to assemble. The Shimano gears shift smoothly and the motor kicks in nicely on hills. Been using it for my commute for three months now and it's been faultless.","true","""2025-03-15T10:22:00.000Z"""
"d4e39fda-01de-4967-8ef2-060d4473ff50","f06b3a8f-8216-4cf8-b784-169e4133a166","Sarah T.","4","Great first Electric bike","Bought this as my first Electric bike and I'm really pleased with it. The range is genuinely around 50-55 km which is more than enough for me. Only reason for 4 stars is the saddle could be comfier, but I swapped it out easily enough. Would recommend to anyone starting out.","true","""2025-04-02T14:35:00.000Z"""
"1ae49f64-27f4-4e76-929f-4116e5eeeda1","f06b3a8f-8216-4cf8-b784-169e4133a166","David M.","5","Perfect for the countryside","I live in the Cotswolds and this handles the hills like a dream. The front suspension is surprisingly good for the price point. Got the blue one and it looks cracking. Ozeco were really helpful when I had a question about the battery too.","true","""2025-05-18T09:10:00.000Z"""
"e7cf09f3-50ee-4390-be90-1c24cdce7935","f06b3a8f-8216-4cf8-b784-169e4133a166","Karen W.","5","Exceeded all expectations","My husband bought one first and I was so jealous I ordered one myself the following week! We now go on rides together every weekend. The bike is sturdy, well-built and the battery lasts ages. Delivery was quick too.","true","""2025-05-29T16:45:00.000Z"""
"35064a5e-7fc9-4f76-9709-ec5dfece6dde","f06b3a8f-8216-4cf8-b784-169e4133a166","Mark P.","4","Solid mountain bike","Took this on some proper trails in the Peak District and it held up well. The disc brakes are responsive and the 21-speed gears give you plenty of options. Battery life is decent. Lost one star because the lights aren't the brightest, but that's a minor gripe.","true","""2025-07-08T11:20:00.000Z"""
"496f08d1-9b5f-4d3c-9512-45752767b712","f06b3a8f-8216-4cf8-b784-169e4133a166","Louise R.","5","Fantastic service and product","From ordering to delivery, Ozeco made everything easy. The bike arrived within 2 days and was mostly assembled already. It rides beautifully and I love the red colour option. Highly recommended!","true","""2025-07-22T13:55:00.000Z"""
"e4087181-c7fd-4301-8329-28084dbd77b5","f06b3a8f-8216-4cf8-b784-169e4133a166","Chris B.","5","Replaced my car for commuting","Since getting this bike I've barely touched my car. 12-mile round trip to work and back and still have battery to spare. It's saved me a fortune in petrol already. The bike feels really solid and well put together. Cracking purchase.","true","""2025-09-04T08:30:00.000Z"""
"812518f0-ddef-43ed-9f13-6abf3ba4bfff","f06b3a8f-8216-4cf8-b784-169e4133a166","Helen G.","4","Really good entry-level e-bike","Did loads of research before buying and this was the best value I could find. The motor assists well without being overpowering, and the bike looks much more expensive than it is. Comfortable ride overall, just wish the display was a bit bigger.","true","""2025-09-19T15:12:00.000Z"""
"11004e8b-6429-4d52-b627-180f385c97d0","f06b3a8f-8216-4cf8-b784-169e4133a166","Tom A.","5","Christmas present success","Bought this for my dad's Christmas present and he absolutely loves it. He's 62 and says the pedal assist has given him a new lease of life. Goes out cycling almost every day now. The grey colour looks really smart.","true","""2025-11-28T17:40:00.000Z"""
"be9c6bb1-2f9a-4bae-b5bf-0c98df611bf8","f06b3a8f-8216-4cf8-b784-169e4133a166","Rachel K.","5","Can't fault it","Three months in and this bike is still going strong. Use it 4-5 times a week for school runs and errands. The battery charges in about 5 hours which is fine overnight. Really comfortable ride and the suspension makes a huge difference on our bumpy roads.","true","""2025-12-10T10:05:00.000Z"""
"233c0953-4839-4a70-bf25-fadd19a9012d","f06b3a8f-8216-4cf8-b784-169e4133a166","Andy F.","5","Unbeatable at this price","I've ridden Electric bikes costing twice as much and this genuinely holds its own. The TWOFISH TF1 is well-specced, rides smoothly and looks the business. Ozeco's customer service was top notch when I needed advice on tyre pressure. Five stars all day.","true","""2026-01-06T12:18:00.000Z"""
"8d058aa7-2f64-4ae7-a069-fcecb047313b","f06b3a8f-8216-4cf8-b784-169e4133a166","Gemma L.","5","Love love love it","Got the white one and it's gorgeous. Turns heads everywhere I go! More importantly it rides like a dream. The hills near my house used to kill me on my old bike but now I breeze up them. Best purchase I've made in ages.","true","""2026-01-15T14:30:00.000Z"""
"c8bd9ea7-0c73-4994-ad9c-78842e857efc","f06b3a8f-8216-4cf8-b784-169e4133a166","Steve D.","5","Arrived fast, rides even faster","Ordered on Monday, arrived Wednesday. Had it built and out on the road within an hour. The motor is punchy and the gears are smooth. Took it out for a 25-mile ride at the weekend and still had half battery left. Absolutely chuffed with it.","true","""2026-01-29T09:45:00.000Z"""
"8f125b0e-60a9-4dc3-8f83-e5f508f0c250","f06b3a8f-8216-4cf8-b784-169e4133a166","Claire N.","4","Great bike, minor niggles","Really enjoying this bike overall. The ride quality is excellent and the range is as advertised. Two small things - the kickstand could be sturdier and the pedals are a bit basic. But for £400 I really can't complain. Would buy again.","true","""2026-02-03T11:22:00.000Z"""
"fa7b9267-0de3-412e-b808-4645e9cbf714","f06b3a8f-8216-4cf8-b784-169e4133a166","Mike J.","5","Second one bought for the wife","Bought mine in November and liked it so much I just ordered another for my wife. We've been exploring the countryside together every weekend. The battery easily handles 40-50km rides. Build quality is impressive for this price bracket. Ozeco are a pleasure to deal with.","true","""2026-02-08T16:55:00.000Z"""
"54b47f6d-3c39-4d25-92ab-37f4f794288a","804c4b9d-bd10-4c08-b5fc-a53d41a18804","Tom H.","5","Brilliant Christmas present to myself","Treated myself to the M2 in December and I could not be happier. The motor is powerful enough for the hills near me and the battery lasts well over the claimed range on mixed terrain. Build quality feels solid. Very happy.","true","""2025-12-27T10:14:00.000Z"""
"28f6b51c-2825-45ce-9c6b-ac33d1c074a5","804c4b9d-bd10-4c08-b5fc-a53d41a18804","Rachel K.","5","Fantastic bike, fast delivery","Ordered just before Christmas and it arrived really quickly. My husband is absolutely delighted — he uses it for his commute and says it handles all types of road brilliantly. The motor assistance makes his hilly route effortless now.","true","""2025-12-22T14:38:00.000Z"""
"b4ba49c4-019f-4f4a-b1a2-11094ab89ff0","804c4b9d-bd10-4c08-b5fc-a53d41a18804","Ian S.","4","Great all-rounder","Really solid mountain e-bike for the price. I take it on trails and it handles well. Battery takes a few hours to charge but I knew that going in. Customer service from Ozeco was helpful when I had a setup question.","true","""2025-12-15T09:05:00.000Z"""
"5c079464-ffd8-4b48-ac7d-2e9765bcfdc4","804c4b9d-bd10-4c08-b5fc-a53d41a18804","Gemma W.","5","Better than expected","Was a bit nervous buying an e-bike online but this exceeded my expectations. Arrived well packaged, took about 20 minutes to assemble, and rides beautifully. The assisted modes are perfect — I use eco for my flat commute and turbo when I need it.","true","""2025-12-09T16:52:00.000Z"""
"d1a87618-4760-48b3-87f5-002fbc0615ab","804c4b9d-bd10-4c08-b5fc-a53d41a18804","Chris B.","5","Perfect for my commute","Bought this in the January sales and it is the best purchase I have made in years. Cut my commute time in half and I arrive without breaking a sweat. Battery comfortably covers my 18-mile daily round trip on a single charge.","true","""2026-01-28T08:30:00.000Z"""
"afd299ab-26b6-4d2f-85ef-9442111f178d","804c4b9d-bd10-4c08-b5fc-a53d41a18804","Natalie F.","4","Solid e-bike, great value","Happy with the M2. It is well built and the ride quality is really comfortable. The only reason I am giving 4 stars is the saddle could be a bit more padded, but that is easily changed. Otherwise excellent.","true","""2026-01-21T11:45:00.000Z"""
"9cbaed6c-3ab0-484e-8732-f27b1fa258e6","804c4b9d-bd10-4c08-b5fc-a53d41a18804","Mark T.","5","Got me back on a bike after years away","Had not cycled in over a decade due to knee problems. The electric assist on this bike has got me back outdoors. Absolutely loving it. Easy to ride, powerful enough to take the strain off my joints, and looks great too.","true","""2026-01-16T14:20:00.000Z"""
"c9f74c44-62b4-428c-94a3-7dc0173e9afb","804c4b9d-bd10-4c08-b5fc-a53d41a18804","Donna P.","5","Impressed from day one","Everything about this bike is excellent. The hydraulic disc brakes are reassuring, the gears shift smoothly, and the electric assist is intuitive. Ozeco packed it very well and the delivery was quicker than expected.","true","""2026-01-10T09:58:00.000Z"""
"2206c3bd-2b30-4a06-8331-28e0201735b1","804c4b9d-bd10-4c08-b5fc-a53d41a18804","Paul R.","4","Good quality, minor assembly tips needed","The bike itself is great — smooth, powerful, and looks premium. Assembly instructions could be clearer in a couple of places but I found a YouTube video that helped. Would definitely recommend to friends.","true","""2026-01-05T17:33:00.000Z"""
"58ec819b-ceb8-42e8-bd3d-3be317e926a7","804c4b9d-bd10-4c08-b5fc-a53d41a18804","Lisa M.","5","Love it — use it every day","Cannot believe how much I use this bike now. I was worried about riding in winter but the tyres grip well and the motor keeps things comfortable. Already planning spring rides. Brilliant buy from Ozeco.","true","""2026-02-24T12:10:00.000Z"""
"5d850082-d905-4039-bb79-ea85c7b86123","804c4b9d-bd10-4c08-b5fc-a53d41a18804","Stuart C.","5","Replaced my car for short trips","Genuinely using this instead of the car for anything under 10 miles now. Saves on petrol and keeps me active. The range is excellent and the motor is quiet. Very glad I chose the M2.","true","""2026-02-18T08:45:00.000Z"""
"ceb98d73-9150-4aec-9aab-fbfe3be528d2","804c4b9d-bd10-4c08-b5fc-a53d41a18804","Helen A.","4","Great bike, minor software quirk","Ride quality is brilliant and I am genuinely enjoying cycling again. Had a minor issue with the display resetting but contacted Ozeco support and they sorted it quickly. Really good after-sales service.","true","""2026-02-12T15:27:00.000Z"""
"7e39401a-ee2a-40ed-a93a-94517a7f5436","804c4b9d-bd10-4c08-b5fc-a53d41a18804","Ben O.","5","Powerful motor, brilliant range","Tested the range this weekend — got 42 miles on a mixed assist setting before needing a charge. Impressed. Hills that used to finish me off are now easy. The hydraulic brakes inspire real confidence on descents too.","true","""2026-02-06T10:08:00.000Z"""
"2676e765-d82d-4950-8464-24aee534a5b1","804c4b9d-bd10-4c08-b5fc-a53d41a18804","Claire D.","5","Perfect for spring rides","Just in time for the better weather — this bike is absolutely cracking. I have been out four times this week already. Smooth, responsive, and fun to ride. Quick delivery and great packaging from Ozeco.","true","""2026-03-08T09:30:00.000Z"""
"1db193c7-556e-446e-91c2-7b751b130a09","804c4b9d-bd10-4c08-b5fc-a53d41a18804","Gary L.","5","Highly recommend","My second e-bike and by far the better of the two. The M2 feels well engineered and the riding position is comfortable for long distances. I have already done two 30-mile rides and the battery had plenty left. Very happy with this purchase.","true","""2026-03-04T13:15:00.000Z"""
"782e5813-2fdb-4b83-b0d6-06f860650603","5584ed28-86c4-4061-b1a4-a751ac0320e0","Marcus Webb","5","Handles everything brilliantly","Bought this for commuting and weekend trail rides. The motor is powerful enough for the steep hills near me and the range is genuinely impressive. Build quality feels solid and the brakes are excellent. Arrived well packaged and was easy to put together. Highly recommended.","true","""2026-03-18T00:00:00.000Z"""
"669e5f97-d7b1-42b7-80eb-d691ff62ced2","5584ed28-86c4-4061-b1a4-a751ac0320e0","Jodie Hartley","5","Absolutely love it","This bike has completely changed my daily commute. Used to dread the hills but now I barely break a sweat. The suspension soaks up the potholes on my route really well. Great value for money and very well built. Delivery was quick too.","true","""2026-03-11T00:00:00.000Z"""
"e4cf6111-19f0-4a95-ae25-2bb3c7784094","5584ed28-86c4-4061-b1a4-a751ac0320e0","Patrick Saunders","4","Very impressed overall","Solid e-bike with a decent range. I've been getting around 55-60 km on a single charge on assist level 3 which suits me fine. The display is clear and the gears shift smoothly. Docking one star only because the seat took a little adjusting to get comfortable but that's minor.","true","""2026-03-05T00:00:00.000Z"""
"a8d65080-0e30-41aa-bce3-9b315d5ff484","5584ed28-86c4-4061-b1a4-a751ac0320e0","Tom Griffiths","5","Superb for the money","Been riding this for six weeks now and it has been faultless. The Shimano gears make a real difference on varied terrain and the hydraulic disc brakes are very reassuring in wet weather. Battery charges overnight and I get a full week of commuting from one charge. Excellent.","true","""2026-02-19T00:00:00.000Z"""
"37ddc290-22b4-4c12-a923-1b7cf4b2bd2d","5584ed28-86c4-4061-b1a4-a751ac0320e0","Anya Kowalski","4","Really enjoyable ride","Loving this bike so far. Smooth power delivery from the motor and the display shows everything you need at a glance. Had a slight issue with the handlebar clamp on arrival but Ozeco's customer service sorted it quickly. Would buy from them again.","true","""2026-02-12T00:00:00.000Z"""
"556bba1b-c8d6-44a0-9c89-98c4092ac132","5584ed28-86c4-4061-b1a4-a751ac0320e0","Dean Marsh","5","Exceeded my expectations","I researched e-bikes for months before settling on the Touroll U1. It has not disappointed. The frame feels sturdy, the motor is quiet and responsive, and the range is as advertised. Delivery was fast and the bike arrived in perfect condition. Extremely happy.","true","""2026-02-04T00:00:00.000Z"""
"e926667f-32c1-44ff-96d5-00312d6e8bfe","5584ed28-86c4-4061-b1a4-a751ac0320e0","Siobhan Nolan","5","Perfect for my daily commute","Twenty minutes door to door and I arrive without being exhausted. The pedal assist is smooth and natural feeling, not jerky at all. Lights are bright enough for dark winter mornings. Saved a fortune on petrol since switching to this. Highly recommend Ozeco too — quick delivery and great communication.","true","""2026-01-28T00:00:00.000Z"""
"30c1928c-77ca-4fff-b2e9-d0801dd10867","5584ed28-86c4-4061-b1a4-a751ac0320e0","Leon Farquhar","5","Fantastic off-road capability","Took this out on some local bridleways and it handled them without any trouble. The suspension does a great job and the tyres grip well on muddy surfaces. Back on the road it feels equally confident. Top quality bike for this price point.","true","""2026-01-20T00:00:00.000Z"""
"95f77c8a-4372-49ba-9439-e5869de4b904","5584ed28-86c4-4061-b1a4-a751ac0320e0","Rachel Thorne","4","Very happy with my purchase","Great bike, looks smart in person and the build quality is solid. The battery life is excellent and I can easily do my commute twice on a single charge. Instructions for assembly could be a little clearer but I got there in the end. Overall very satisfied.","true","""2026-01-13T00:00:00.000Z"""
"0f086363-3b35-4c45-b37d-14ebb4ee25a9","5584ed28-86c4-4061-b1a4-a751ac0320e0","Craig McAllister","5","Brilliant all-round e-bike","This ticks every box for me. Powerful motor, good range, quality components and a comfortable ride. The 29-inch wheels roll over everything with ease and the riding position is spot on. Ordered on a Tuesday and it arrived Thursday. Brilliant service from Ozeco.","true","""2026-01-06T00:00:00.000Z"""
"6251dad8-c58a-4842-bf8b-cb64ecd56182","5584ed28-86c4-4061-b1a4-a751ac0320e0","Fiona Drummond","5","Life changing for my commute","This bike really has made a massive difference. Hills that used to leave me exhausted are now no problem. The pedal assist feels natural and the bike is very easy to control. Battery lasts all week on my commute. Absolutely worth the investment.","true","""2025-12-29T00:00:00.000Z"""
"98865953-755e-45e4-b86c-1e0a5f2a6f64","5584ed28-86c4-4061-b1a4-a751ac0320e0","Ollie Pearson","4","Solid reliable e-bike","Been using this daily for two months and it's been completely reliable. The motor has plenty of power and the brakes are great. Range is honest — I get about 55 km in mixed conditions which is plenty for my needs. Well made and good value.","true","""2025-12-21T00:00:00.000Z"""
"8d9e72a4-60d1-479a-a637-b51089fc2007","5584ed28-86c4-4061-b1a4-a751ac0320e0","Harriet Flynn","5","Love everything about this bike","From the ordering process to the first ride, everything has been brilliant. The bike looks great, rides even better and the battery life is amazing. I've recommended it to two friends already. Ozeco were great to deal with — responded to my query within the hour.","true","""2025-12-14T00:00:00.000Z"""
"77328cf4-a680-4be5-bef7-872d6c174c22","5584ed28-86c4-4061-b1a4-a751ac0320e0","Reuben Daley","5","Quality you can feel","As soon as I unboxed this I could tell it was well made. The welds are clean, the finish is excellent and the components feel quality. First ride confirmed it — smooth, powerful and comfortable. The range is genuinely impressive. Very pleased with this purchase.","true","""2025-12-07T00:00:00.000Z"""
"b4490850-767e-409c-a40c-9fe6dda84a2a","5584ed28-86c4-4061-b1a4-a751ac0320e0","Kyle Ashworth","5","Great value, premium feel","Just finished building this and I'm already impressed. Assembly was genuinely straightforward — took me under 30 minutes with the tools provided. For the price, the build quality is something else. Feels far more expensive than it is.","true","""2026-04-10T00:00:00.000Z"""
"035ee3f4-ac03-4a22-869d-b37105c03423","5584ed28-86c4-4061-b1a4-a751ac0320e0","Natasha Gould","5","Can't believe the quality at this price","For what you pay, this is genuinely outstanding. Looks and rides like a bike that costs twice as much. Put it together in about 40 minutes following the manual — no fuss at all.","true","""2026-04-04T00:00:00.000Z"""
"c21b3ec5-e4b0-49ac-8aab-0f8562eb4927","5584ed28-86c4-4061-b1a4-a751ac0320e0","Sam Houghton","5","Solid all-round e-bike","Great on trails and tarmac. It's one of the more affordable options out there but you'd never know it from the quality. Really easy to put together too — clear instructions and everything you need is in the box.","true","""2026-03-28T00:00:00.000Z"""
"52e40fdb-b7e5-4183-8a1b-c6506b23ce43","5584ed28-86c4-4061-b1a4-a751ac0320e0","Bethany Cross","5","Surprised at the quality for the price","Assembled it in the garden in about 45 minutes. Everything went together perfectly. The finish and components feel premium — hard to believe this sits at the price point it does.","true","""2026-03-20T00:00:00.000Z"""
"5c54beee-11b1-45e9-8357-1bac55b07a29","5584ed28-86c4-4061-b1a4-a751ac0320e0","Jordan Whitfield","5","Best budget e-bike I've come across","Budget price, premium quality — that's the best way I can describe it. First ride was great. Motor is smooth, gears shift well, and it looks fantastic. Assembly took me about 35 minutes.","true","""2026-03-14T00:00:00.000Z"""
"b0992135-7161-4837-8758-a1b4dc2a6761","5584ed28-86c4-4061-b1a4-a751ac0320e0","Priya Mehta","5","Easy assembly, impressive quality","Assembled it indoors the evening it arrived. Really simple process — maybe 30-40 minutes. The quality for the price is honestly remarkable. Feels solid and well made.","true","""2026-03-07T00:00:00.000Z"""
"90123e5e-0c1e-423d-93ce-c8c528836444","5584ed28-86c4-4061-b1a4-a751ac0320e0","Connor Rafferty","5","Cheap price, not cheap quality","Don't let the price put you off — this is a seriously well built bike. Rides as well as some e-bikes I've tested at double the cost. Straightforward to assemble, clear manual and all tools included.","true","""2026-02-26T00:00:00.000Z"""
"95d83482-82f7-4424-bafd-fb44cb0e7353","5584ed28-86c4-4061-b1a4-a751ac0320e0","Alicia Drummond","5","Very happy with this purchase","Brilliant bike. You get a lot for your money — the build quality is way above what you'd expect at this price. Putting it together was easy, took about 30 minutes.","true","""2026-02-17T00:00:00.000Z"""